{
  "characteristic_name": "ban_ideology",
  "col_idx": 10,
  "in_waves": [
    3,
    8,
    14,
    23
  ],
  "splits": [
    {
      "wave": {
        "value": 3,
        "index": 0
      },
      "party": {
        "value": [
          "Democrat"
        ],
        "index": 0
      },
      "responses": {
        "expanded": [
          {
            "response": [
              "Not relevant"
            ],
            "proportion": 0.045881357678572
          },
          {
            "response": [
              "Beneficial"
            ],
            "proportion": 0.15141747585076346
          },
          {
            "response": [
              "Important"
            ],
            "proportion": 0.3615807136668997
          },
          {
            "response": [
              "Essential"
            ],
            "proportion": 0.4411204528037649
          }
        ],
        "collapsed": [
          {
            "response": [
              "Not relevant",
              "Beneficial"
            ],
            "proportion": 0.19729883352933547
          },
          {
            "response": [
              "Important",
              "Essential"
            ],
            "proportion": 0.8027011664706646
          }
        ]
      }
    },
    {
      "wave": {
        "value": 3,
        "index": 0
      },
      "party": {
        "value": [
          "Independent",
          "Other"
        ],
        "index": 1
      },
      "responses": {
        "expanded": [
          {
            "response": [
              "Not relevant"
            ],
            "proportion": 0.05886673933509282
          },
          {
            "response": [
              "Beneficial"
            ],
            "proportion": 0.12168148880847493
          },
          {
            "response": [
              "Important"
            ],
            "proportion": 0.29122575236649134
          },
          {
            "response": [
              "Essential"
            ],
            "proportion": 0.5282260194899409
          }
        ],
        "collapsed": [
          {
            "response": [
              "Not relevant",
              "Beneficial"
            ],
            "proportion": 0.18054822814356775
          },
          {
            "response": [
              "Important",
              "Essential"
            ],
            "proportion": 0.8194517718564321
          }
        ]
      }
    },
    {
      "wave": {
        "value": 3,
        "index": 0
      },
      "party": {
        "value": [
          "Republican"
        ],
        "index": 2
      },
      "responses": {
        "expanded": [
          {
            "response": [
              "Not relevant"
            ],
            "proportion": 0.0573749394332576
          },
          {
            "response": [
              "Beneficial"
            ],
            "proportion": 0.12678006160706792
          },
          {
            "response": [
              "Important"
            ],
            "proportion": 0.4140699891634902
          },
          {
            "response": [
              "Essential"
            ],
            "proportion": 0.4017750097961843
          }
        ],
        "collapsed": [
          {
            "response": [
              "Not relevant",
              "Beneficial"
            ],
            "proportion": 0.18415500104032556
          },
          {
            "response": [
              "Important",
              "Essential"
            ],
            "proportion": 0.8158449989596744
          }
        ]
      }
    },
    {
      "wave": null,
      "party": null,
      "responses": {
        "expanded": [
          {
            "response": [
              "Not relevant"
            ],
            "proportion": 0.061138482514112795
          },
          {
            "response": [
              "Beneficial"
            ],
            "proportion": 0.1395691902323791
          },
          {
            "response": [
              "Important"
            ],
            "proportion": 0.34883002739806845
          },
          {
            "response": [
              "Essential"
            ],
            "proportion": 0.4504622998554396
          }
        ],
        "collapsed": [
          {
            "response": [
              "Not relevant",
              "Beneficial"
            ],
            "proportion": 0.20070767274649184
          },
          {
            "response": [
              "Important",
              "Essential"
            ],
            "proportion": 0.7992923272535082
          }
        ]
      }
    },
    {
      "wave": {
        "value": 8,
        "index": 1
      },
      "party": {
        "value": [
          "Democrat"
        ],
        "index": 0
      },
      "responses": {
        "expanded": [
          {
            "response": [
              "Not relevant"
            ],
            "proportion": 0.06942173573439965
          },
          {
            "response": [
              "Beneficial"
            ],
            "proportion": 0.09147849764911545
          },
          {
            "response": [
              "Important"
            ],
            "proportion": 0.3711344955727502
          },
          {
            "response": [
              "Essential"
            ],
            "proportion": 0.4679652710437347
          }
        ],
        "collapsed": [
          {
            "response": [
              "Not relevant",
              "Beneficial"
            ],
            "proportion": 0.1609002333835151
          },
          {
            "response": [
              "Important",
              "Essential"
            ],
            "proportion": 0.839099766616485
          }
        ]
      }
    },
    {
      "wave": {
        "value": 8,
        "index": 1
      },
      "party": {
        "value": [
          "Independent",
          "Other"
        ],
        "index": 1
      },
      "responses": {
        "expanded": [
          {
            "response": [
              "Not relevant"
            ],
            "proportion": 0.04716318154913516
          },
          {
            "response": [
              "Beneficial"
            ],
            "proportion": 0.10732291130991069
          },
          {
            "response": [
              "Important"
            ],
            "proportion": 0.35509133294153766
          },
          {
            "response": [
              "Essential"
            ],
            "proportion": 0.4904225741994165
          }
        ],
        "collapsed": [
          {
            "response": [
              "Not relevant",
              "Beneficial"
            ],
            "proportion": 0.15448609285904585
          },
          {
            "response": [
              "Important",
              "Essential"
            ],
            "proportion": 0.8455139071409542
          }
        ]
      }
    },
    {
      "wave": {
        "value": 8,
        "index": 1
      },
      "party": {
        "value": [
          "Republican"
        ],
        "index": 2
      },
      "responses": {
        "expanded": [
          {
            "response": [
              "Not relevant"
            ],
            "proportion": 0.054495095759804844
          },
          {
            "response": [
              "Beneficial"
            ],
            "proportion": 0.16780866325262986
          },
          {
            "response": [
              "Important"
            ],
            "proportion": 0.36987793738082353
          },
          {
            "response": [
              "Essential"
            ],
            "proportion": 0.40781830360674176
          }
        ],
        "collapsed": [
          {
            "response": [
              "Not relevant",
              "Beneficial"
            ],
            "proportion": 0.22230375901243465
          },
          {
            "response": [
              "Important",
              "Essential"
            ],
            "proportion": 0.7776962409875653
          }
        ]
      }
    },
    {
      "wave": null,
      "party": null,
      "responses": {
        "expanded": [
          {
            "response": [
              "Not relevant"
            ],
            "proportion": 0.061138482514112795
          },
          {
            "response": [
              "Beneficial"
            ],
            "proportion": 0.1395691902323791
          },
          {
            "response": [
              "Important"
            ],
            "proportion": 0.34883002739806845
          },
          {
            "response": [
              "Essential"
            ],
            "proportion": 0.4504622998554396
          }
        ],
        "collapsed": [
          {
            "response": [
              "Not relevant",
              "Beneficial"
            ],
            "proportion": 0.20070767274649184
          },
          {
            "response": [
              "Important",
              "Essential"
            ],
            "proportion": 0.7992923272535082
          }
        ]
      }
    },
    {
      "wave": {
        "value": 14,
        "index": 2
      },
      "party": {
        "value": [
          "Democrat"
        ],
        "index": 0
      },
      "responses": {
        "expanded": [
          {
            "response": [
              "Not relevant"
            ],
            "proportion": 0.08051556738456929
          },
          {
            "response": [
              "Beneficial"
            ],
            "proportion": 0.14789270323082399
          },
          {
            "response": [
              "Important"
            ],
            "proportion": 0.46200091565346985
          },
          {
            "response": [
              "Essential"
            ],
            "proportion": 0.3095908137311368
          }
        ],
        "collapsed": [
          {
            "response": [
              "Not relevant",
              "Beneficial"
            ],
            "proportion": 0.22840827061539332
          },
          {
            "response": [
              "Important",
              "Essential"
            ],
            "proportion": 0.7715917293846067
          }
        ]
      }
    },
    {
      "wave": {
        "value": 14,
        "index": 2
      },
      "party": {
        "value": [
          "Independent",
          "Other"
        ],
        "index": 1
      },
      "responses": {
        "expanded": [
          {
            "response": [
              "Not relevant"
            ],
            "proportion": 0.058512086872441756
          },
          {
            "response": [
              "Beneficial"
            ],
            "proportion": 0.1831013666439988
          },
          {
            "response": [
              "Important"
            ],
            "proportion": 0.21087626916280855
          },
          {
            "response": [
              "Essential"
            ],
            "proportion": 0.5475102773207509
          }
        ],
        "collapsed": [
          {
            "response": [
              "Not relevant",
              "Beneficial"
            ],
            "proportion": 0.2416134535164405
          },
          {
            "response": [
              "Important",
              "Essential"
            ],
            "proportion": 0.7583865464835594
          }
        ]
      }
    },
    {
      "wave": {
        "value": 14,
        "index": 2
      },
      "party": {
        "value": [
          "Republican"
        ],
        "index": 2
      },
      "responses": {
        "expanded": [
          {
            "response": [
              "Not relevant"
            ],
            "proportion": 0.0554779410435282
          },
          {
            "response": [
              "Beneficial"
            ],
            "proportion": 0.0767628725703521
          },
          {
            "response": [
              "Important"
            ],
            "proportion": 0.2326155627811234
          },
          {
            "response": [
              "Essential"
            ],
            "proportion": 0.6351436236049963
          }
        ],
        "collapsed": [
          {
            "response": [
              "Not relevant",
              "Beneficial"
            ],
            "proportion": 0.13224081361388026
          },
          {
            "response": [
              "Important",
              "Essential"
            ],
            "proportion": 0.8677591863861198
          }
        ]
      }
    },
    {
      "wave": null,
      "party": null,
      "responses": {
        "expanded": [
          {
            "response": [
              "Not relevant"
            ],
            "proportion": 0.061138482514112795
          },
          {
            "response": [
              "Beneficial"
            ],
            "proportion": 0.1395691902323791
          },
          {
            "response": [
              "Important"
            ],
            "proportion": 0.34883002739806845
          },
          {
            "response": [
              "Essential"
            ],
            "proportion": 0.4504622998554396
          }
        ],
        "collapsed": [
          {
            "response": [
              "Not relevant",
              "Beneficial"
            ],
            "proportion": 0.20070767274649184
          },
          {
            "response": [
              "Important",
              "Essential"
            ],
            "proportion": 0.7992923272535082
          }
        ]
      }
    },
    {
      "wave": {
        "value": 23,
        "index": 3
      },
      "party": {
        "value": [
          "Democrat"
        ],
        "index": 0
      },
      "responses": {
        "expanded": [
          {
            "response": [
              "Not relevant"
            ],
            "proportion": 0.08584066351471303
          },
          {
            "response": [
              "Beneficial"
            ],
            "proportion": 0.1918253356387816
          },
          {
            "response": [
              "Important"
            ],
            "proportion": 0.3343833184562717
          },
          {
            "response": [
              "Essential"
            ],
            "proportion": 0.3879506823902336
          }
        ],
        "collapsed": [
          {
            "response": [
              "Not relevant",
              "Beneficial"
            ],
            "proportion": 0.27766599915349466
          },
          {
            "response": [
              "Important",
              "Essential"
            ],
            "proportion": 0.7223340008465055
          }
        ]
      }
    },
    {
      "wave": {
        "value": 23,
        "index": 3
      },
      "party": {
        "value": [
          "Independent",
          "Other"
        ],
        "index": 1
      },
      "responses": {
        "expanded": [
          {
            "response": [
              "Not relevant"
            ],
            "proportion": 0.08879260779418785
          },
          {
            "response": [
              "Beneficial"
            ],
            "proportion": 0.15162685301075124
          },
          {
            "response": [
              "Important"
            ],
            "proportion": 0.3632017241002013
          },
          {
            "response": [
              "Essential"
            ],
            "proportion": 0.3963788150948598
          }
        ],
        "collapsed": [
          {
            "response": [
              "Not relevant",
              "Beneficial"
            ],
            "proportion": 0.240419460804939
          },
          {
            "response": [
              "Important",
              "Essential"
            ],
            "proportion": 0.759580539195061
          }
        ]
      }
    },
    {
      "wave": {
        "value": 23,
        "index": 3
      },
      "party": {
        "value": [
          "Republican"
        ],
        "index": 2
      },
      "responses": {
        "expanded": [
          {
            "response": [
              "Not relevant"
            ],
            "proportion": 0.05794663497780447
          },
          {
            "response": [
              "Beneficial"
            ],
            "proportion": 0.22005682484588637
          },
          {
            "response": [
              "Important"
            ],
            "proportion": 0.3369769011097827
          },
          {
            "response": [
              "Essential"
            ],
            "proportion": 0.38501963906652664
          }
        ],
        "collapsed": [
          {
            "response": [
              "Not relevant",
              "Beneficial"
            ],
            "proportion": 0.27800345982369074
          },
          {
            "response": [
              "Important",
              "Essential"
            ],
            "proportion": 0.7219965401763093
          }
        ]
      }
    },
    {
      "wave": null,
      "party": null,
      "responses": {
        "expanded": [
          {
            "response": [
              "Not relevant"
            ],
            "proportion": 0.061138482514112795
          },
          {
            "response": [
              "Beneficial"
            ],
            "proportion": 0.1395691902323791
          },
          {
            "response": [
              "Important"
            ],
            "proportion": 0.34883002739806845
          },
          {
            "response": [
              "Essential"
            ],
            "proportion": 0.4504622998554396
          }
        ],
        "collapsed": [
          {
            "response": [
              "Not relevant",
              "Beneficial"
            ],
            "proportion": 0.20070767274649184
          },
          {
            "response": [
              "Important",
              "Essential"
            ],
            "proportion": 0.7992923272535082
          }
        ]
      }
    },
    {
      "wave": null,
      "party": null,
      "responses": {
        "expanded": [
          {
            "response": [
              "Not relevant"
            ],
            "proportion": 0.061138482514112795
          },
          {
            "response": [
              "Beneficial"
            ],
            "proportion": 0.1395691902323791
          },
          {
            "response": [
              "Important"
            ],
            "proportion": 0.34883002739806845
          },
          {
            "response": [
              "Essential"
            ],
            "proportion": 0.4504622998554396
          }
        ],
        "collapsed": [
          {
            "response": [
              "Not relevant",
              "Beneficial"
            ],
            "proportion": 0.20070767274649184
          },
          {
            "response": [
              "Important",
              "Essential"
            ],
            "proportion": 0.7992923272535082
          }
        ]
      }
    },
    {
      "wave": null,
      "party": null,
      "responses": {
        "expanded": [
          {
            "response": [
              "Not relevant"
            ],
            "proportion": 0.061138482514112795
          },
          {
            "response": [
              "Beneficial"
            ],
            "proportion": 0.1395691902323791
          },
          {
            "response": [
              "Important"
            ],
            "proportion": 0.34883002739806845
          },
          {
            "response": [
              "Essential"
            ],
            "proportion": 0.4504622998554396
          }
        ],
        "collapsed": [
          {
            "response": [
              "Not relevant",
              "Beneficial"
            ],
            "proportion": 0.20070767274649184
          },
          {
            "response": [
              "Important",
              "Essential"
            ],
            "proportion": 0.7992923272535082
          }
        ]
      }
    },
    {
      "wave": null,
      "party": null,
      "responses": {
        "expanded": [
          {
            "response": [
              "Not relevant"
            ],
            "proportion": 0.061138482514112795
          },
          {
            "response": [
              "Beneficial"
            ],
            "proportion": 0.1395691902323791
          },
          {
            "response": [
              "Important"
            ],
            "proportion": 0.34883002739806845
          },
          {
            "response": [
              "Essential"
            ],
            "proportion": 0.4504622998554396
          }
        ],
        "collapsed": [
          {
            "response": [
              "Not relevant",
              "Beneficial"
            ],
            "proportion": 0.20070767274649184
          },
          {
            "response": [
              "Important",
              "Essential"
            ],
            "proportion": 0.7992923272535082
          }
        ]
      }
    },
    {
      "wave": null,
      "party": null,
      "responses": {
        "expanded": [
          {
            "response": [
              "Not relevant"
            ],
            "proportion": 0.061138482514112795
          },
          {
            "response": [
              "Beneficial"
            ],
            "proportion": 0.1395691902323791
          },
          {
            "response": [
              "Important"
            ],
            "proportion": 0.34883002739806845
          },
          {
            "response": [
              "Essential"
            ],
            "proportion": 0.4504622998554396
          }
        ],
        "collapsed": [
          {
            "response": [
              "Not relevant",
              "Beneficial"
            ],
            "proportion": 0.20070767274649184
          },
          {
            "response": [
              "Important",
              "Essential"
            ],
            "proportion": 0.7992923272535082
          }
        ]
      }
    }
  ]
}