{
  "characteristic_name": "candidates_disclose",
  "col_idx": 25,
  "in_waves": [
    3,
    8,
    14,
    23
  ],
  "splits": [
    {
      "wave": {
        "value": 3,
        "index": 0
      },
      "party": {
        "value": [
          "Democrat"
        ],
        "index": 0
      },
      "responses": {
        "expanded": [
          {
            "response": [
              "Not relevant"
            ],
            "proportion": 0.03327591192294681
          },
          {
            "response": [
              "Beneficial"
            ],
            "proportion": 0.08587889736694154
          },
          {
            "response": [
              "Important"
            ],
            "proportion": 0.30740262767837395
          },
          {
            "response": [
              "Essential"
            ],
            "proportion": 0.5734425630317377
          }
        ],
        "collapsed": [
          {
            "response": [
              "Not relevant",
              "Beneficial"
            ],
            "proportion": 0.11915480928988834
          },
          {
            "response": [
              "Important",
              "Essential"
            ],
            "proportion": 0.8808451907101117
          }
        ]
      }
    },
    {
      "wave": {
        "value": 3,
        "index": 0
      },
      "party": {
        "value": [
          "Independent",
          "Other"
        ],
        "index": 1
      },
      "responses": {
        "expanded": [
          {
            "response": [
              "Not relevant"
            ],
            "proportion": 0.02622951329379666
          },
          {
            "response": [
              "Beneficial"
            ],
            "proportion": 0.13344122136969222
          },
          {
            "response": [
              "Important"
            ],
            "proportion": 0.33335263943144017
          },
          {
            "response": [
              "Essential"
            ],
            "proportion": 0.506976625905071
          }
        ],
        "collapsed": [
          {
            "response": [
              "Not relevant",
              "Beneficial"
            ],
            "proportion": 0.15967073466348888
          },
          {
            "response": [
              "Important",
              "Essential"
            ],
            "proportion": 0.840329265336511
          }
        ]
      }
    },
    {
      "wave": {
        "value": 3,
        "index": 0
      },
      "party": {
        "value": [
          "Republican"
        ],
        "index": 2
      },
      "responses": {
        "expanded": [
          {
            "response": [
              "Not relevant"
            ],
            "proportion": 0.02503277177172111
          },
          {
            "response": [
              "Beneficial"
            ],
            "proportion": 0.16005667171306365
          },
          {
            "response": [
              "Important"
            ],
            "proportion": 0.38016963439280993
          },
          {
            "response": [
              "Essential"
            ],
            "proportion": 0.43474092212240534
          }
        ],
        "collapsed": [
          {
            "response": [
              "Not relevant",
              "Beneficial"
            ],
            "proportion": 0.18508944348478476
          },
          {
            "response": [
              "Important",
              "Essential"
            ],
            "proportion": 0.8149105565152154
          }
        ]
      }
    },
    {
      "wave": null,
      "party": null,
      "responses": {
        "expanded": [
          {
            "response": [
              "Not relevant"
            ],
            "proportion": 0.03383180722761909
          },
          {
            "response": [
              "Beneficial"
            ],
            "proportion": 0.1103590880606707
          },
          {
            "response": [
              "Important"
            ],
            "proportion": 0.31553019877681376
          },
          {
            "response": [
              "Essential"
            ],
            "proportion": 0.5402789059348965
          }
        ],
        "collapsed": [
          {
            "response": [
              "Not relevant",
              "Beneficial"
            ],
            "proportion": 0.14419089528828977
          },
          {
            "response": [
              "Important",
              "Essential"
            ],
            "proportion": 0.8558091047117102
          }
        ]
      }
    },
    {
      "wave": {
        "value": 8,
        "index": 1
      },
      "party": {
        "value": [
          "Democrat"
        ],
        "index": 0
      },
      "responses": {
        "expanded": [
          {
            "response": [
              "Not relevant"
            ],
            "proportion": 0.037654099787316965
          },
          {
            "response": [
              "Beneficial"
            ],
            "proportion": 0.10522488106133922
          },
          {
            "response": [
              "Important"
            ],
            "proportion": 0.28409994676959005
          },
          {
            "response": [
              "Essential"
            ],
            "proportion": 0.5730210723817536
          }
        ],
        "collapsed": [
          {
            "response": [
              "Not relevant",
              "Beneficial"
            ],
            "proportion": 0.1428789808486562
          },
          {
            "response": [
              "Important",
              "Essential"
            ],
            "proportion": 0.8571210191513436
          }
        ]
      }
    },
    {
      "wave": {
        "value": 8,
        "index": 1
      },
      "party": {
        "value": [
          "Independent",
          "Other"
        ],
        "index": 1
      },
      "responses": {
        "expanded": [
          {
            "response": [
              "Not relevant"
            ],
            "proportion": 0.042587328071891264
          },
          {
            "response": [
              "Beneficial"
            ],
            "proportion": 0.0862546051437991
          },
          {
            "response": [
              "Important"
            ],
            "proportion": 0.28718403069266063
          },
          {
            "response": [
              "Essential"
            ],
            "proportion": 0.5839740360916489
          }
        ],
        "collapsed": [
          {
            "response": [
              "Not relevant",
              "Beneficial"
            ],
            "proportion": 0.12884193321569035
          },
          {
            "response": [
              "Important",
              "Essential"
            ],
            "proportion": 0.8711580667843095
          }
        ]
      }
    },
    {
      "wave": {
        "value": 8,
        "index": 1
      },
      "party": {
        "value": [
          "Republican"
        ],
        "index": 2
      },
      "responses": {
        "expanded": [
          {
            "response": [
              "Not relevant"
            ],
            "proportion": 0.061850292291530135
          },
          {
            "response": [
              "Beneficial"
            ],
            "proportion": 0.14747419869453748
          },
          {
            "response": [
              "Important"
            ],
            "proportion": 0.3557600040206476
          },
          {
            "response": [
              "Essential"
            ],
            "proportion": 0.43491550499328485
          }
        ],
        "collapsed": [
          {
            "response": [
              "Not relevant",
              "Beneficial"
            ],
            "proportion": 0.20932449098606762
          },
          {
            "response": [
              "Important",
              "Essential"
            ],
            "proportion": 0.7906755090139325
          }
        ]
      }
    },
    {
      "wave": null,
      "party": null,
      "responses": {
        "expanded": [
          {
            "response": [
              "Not relevant"
            ],
            "proportion": 0.03383180722761909
          },
          {
            "response": [
              "Beneficial"
            ],
            "proportion": 0.1103590880606707
          },
          {
            "response": [
              "Important"
            ],
            "proportion": 0.31553019877681376
          },
          {
            "response": [
              "Essential"
            ],
            "proportion": 0.5402789059348965
          }
        ],
        "collapsed": [
          {
            "response": [
              "Not relevant",
              "Beneficial"
            ],
            "proportion": 0.14419089528828977
          },
          {
            "response": [
              "Important",
              "Essential"
            ],
            "proportion": 0.8558091047117102
          }
        ]
      }
    },
    {
      "wave": {
        "value": 14,
        "index": 2
      },
      "party": {
        "value": [
          "Democrat"
        ],
        "index": 0
      },
      "responses": {
        "expanded": [
          {
            "response": [
              "Not relevant"
            ],
            "proportion": 0.022288038797204687
          },
          {
            "response": [
              "Beneficial"
            ],
            "proportion": 0.064365667773602
          },
          {
            "response": [
              "Important"
            ],
            "proportion": 0.18305816042023593
          },
          {
            "response": [
              "Essential"
            ],
            "proportion": 0.7302881330089573
          }
        ],
        "collapsed": [
          {
            "response": [
              "Not relevant",
              "Beneficial"
            ],
            "proportion": 0.08665370657080669
          },
          {
            "response": [
              "Important",
              "Essential"
            ],
            "proportion": 0.9133462934291933
          }
        ]
      }
    },
    {
      "wave": {
        "value": 14,
        "index": 2
      },
      "party": {
        "value": [
          "Independent",
          "Other"
        ],
        "index": 1
      },
      "responses": {
        "expanded": [
          {
            "response": [
              "Not relevant"
            ],
            "proportion": 0.014898937962228053
          },
          {
            "response": [
              "Beneficial"
            ],
            "proportion": 0.06693702056796104
          },
          {
            "response": [
              "Important"
            ],
            "proportion": 0.254301738242923
          },
          {
            "response": [
              "Essential"
            ],
            "proportion": 0.6638623032268879
          }
        ],
        "collapsed": [
          {
            "response": [
              "Not relevant",
              "Beneficial"
            ],
            "proportion": 0.08183595853018909
          },
          {
            "response": [
              "Important",
              "Essential"
            ],
            "proportion": 0.9181640414698108
          }
        ]
      }
    },
    {
      "wave": {
        "value": 14,
        "index": 2
      },
      "party": {
        "value": [
          "Republican"
        ],
        "index": 2
      },
      "responses": {
        "expanded": [
          {
            "response": [
              "Not relevant"
            ],
            "proportion": 0.016425918530025473
          },
          {
            "response": [
              "Beneficial"
            ],
            "proportion": 0.06681187250665462
          },
          {
            "response": [
              "Important"
            ],
            "proportion": 0.3238160762557305
          },
          {
            "response": [
              "Essential"
            ],
            "proportion": 0.5929461327075896
          }
        ],
        "collapsed": [
          {
            "response": [
              "Not relevant",
              "Beneficial"
            ],
            "proportion": 0.0832377910366801
          },
          {
            "response": [
              "Important",
              "Essential"
            ],
            "proportion": 0.9167622089633201
          }
        ]
      }
    },
    {
      "wave": null,
      "party": null,
      "responses": {
        "expanded": [
          {
            "response": [
              "Not relevant"
            ],
            "proportion": 0.03383180722761909
          },
          {
            "response": [
              "Beneficial"
            ],
            "proportion": 0.1103590880606707
          },
          {
            "response": [
              "Important"
            ],
            "proportion": 0.31553019877681376
          },
          {
            "response": [
              "Essential"
            ],
            "proportion": 0.5402789059348965
          }
        ],
        "collapsed": [
          {
            "response": [
              "Not relevant",
              "Beneficial"
            ],
            "proportion": 0.14419089528828977
          },
          {
            "response": [
              "Important",
              "Essential"
            ],
            "proportion": 0.8558091047117102
          }
        ]
      }
    },
    {
      "wave": {
        "value": 23,
        "index": 3
      },
      "party": {
        "value": [
          "Democrat"
        ],
        "index": 0
      },
      "responses": {
        "expanded": [
          {
            "response": [
              "Not relevant"
            ],
            "proportion": 0.0375309562506211
          },
          {
            "response": [
              "Beneficial"
            ],
            "proportion": 0.09540481809204802
          },
          {
            "response": [
              "Important"
            ],
            "proportion": 0.34327359816081265
          },
          {
            "response": [
              "Essential"
            ],
            "proportion": 0.5237906274965183
          }
        ],
        "collapsed": [
          {
            "response": [
              "Not relevant",
              "Beneficial"
            ],
            "proportion": 0.13293577434266912
          },
          {
            "response": [
              "Important",
              "Essential"
            ],
            "proportion": 0.867064225657331
          }
        ]
      }
    },
    {
      "wave": {
        "value": 23,
        "index": 3
      },
      "party": {
        "value": [
          "Independent",
          "Other"
        ],
        "index": 1
      },
      "responses": {
        "expanded": [
          {
            "response": [
              "Not relevant"
            ],
            "proportion": 0.03594391905304393
          },
          {
            "response": [
              "Beneficial"
            ],
            "proportion": 0.13529956600015
          },
          {
            "response": [
              "Important"
            ],
            "proportion": 0.2597053135073557
          },
          {
            "response": [
              "Essential"
            ],
            "proportion": 0.5690512014394504
          }
        ],
        "collapsed": [
          {
            "response": [
              "Not relevant",
              "Beneficial"
            ],
            "proportion": 0.17124348505319395
          },
          {
            "response": [
              "Important",
              "Essential"
            ],
            "proportion": 0.8287565149468059
          }
        ]
      }
    },
    {
      "wave": {
        "value": 23,
        "index": 3
      },
      "party": {
        "value": [
          "Republican"
        ],
        "index": 2
      },
      "responses": {
        "expanded": [
          {
            "response": [
              "Not relevant"
            ],
            "proportion": 0.010857300602549596
          },
          {
            "response": [
              "Beneficial"
            ],
            "proportion": 0.11875156844123617
          },
          {
            "response": [
              "Important"
            ],
            "proportion": 0.4344701926711965
          },
          {
            "response": [
              "Essential"
            ],
            "proportion": 0.43592093828501793
          }
        ],
        "collapsed": [
          {
            "response": [
              "Not relevant",
              "Beneficial"
            ],
            "proportion": 0.12960886904378577
          },
          {
            "response": [
              "Important",
              "Essential"
            ],
            "proportion": 0.8703911309562141
          }
        ]
      }
    },
    {
      "wave": null,
      "party": null,
      "responses": {
        "expanded": [
          {
            "response": [
              "Not relevant"
            ],
            "proportion": 0.03383180722761909
          },
          {
            "response": [
              "Beneficial"
            ],
            "proportion": 0.1103590880606707
          },
          {
            "response": [
              "Important"
            ],
            "proportion": 0.31553019877681376
          },
          {
            "response": [
              "Essential"
            ],
            "proportion": 0.5402789059348965
          }
        ],
        "collapsed": [
          {
            "response": [
              "Not relevant",
              "Beneficial"
            ],
            "proportion": 0.14419089528828977
          },
          {
            "response": [
              "Important",
              "Essential"
            ],
            "proportion": 0.8558091047117102
          }
        ]
      }
    },
    {
      "wave": null,
      "party": null,
      "responses": {
        "expanded": [
          {
            "response": [
              "Not relevant"
            ],
            "proportion": 0.03383180722761909
          },
          {
            "response": [
              "Beneficial"
            ],
            "proportion": 0.1103590880606707
          },
          {
            "response": [
              "Important"
            ],
            "proportion": 0.31553019877681376
          },
          {
            "response": [
              "Essential"
            ],
            "proportion": 0.5402789059348965
          }
        ],
        "collapsed": [
          {
            "response": [
              "Not relevant",
              "Beneficial"
            ],
            "proportion": 0.14419089528828977
          },
          {
            "response": [
              "Important",
              "Essential"
            ],
            "proportion": 0.8558091047117102
          }
        ]
      }
    },
    {
      "wave": null,
      "party": null,
      "responses": {
        "expanded": [
          {
            "response": [
              "Not relevant"
            ],
            "proportion": 0.03383180722761909
          },
          {
            "response": [
              "Beneficial"
            ],
            "proportion": 0.1103590880606707
          },
          {
            "response": [
              "Important"
            ],
            "proportion": 0.31553019877681376
          },
          {
            "response": [
              "Essential"
            ],
            "proportion": 0.5402789059348965
          }
        ],
        "collapsed": [
          {
            "response": [
              "Not relevant",
              "Beneficial"
            ],
            "proportion": 0.14419089528828977
          },
          {
            "response": [
              "Important",
              "Essential"
            ],
            "proportion": 0.8558091047117102
          }
        ]
      }
    },
    {
      "wave": null,
      "party": null,
      "responses": {
        "expanded": [
          {
            "response": [
              "Not relevant"
            ],
            "proportion": 0.03383180722761909
          },
          {
            "response": [
              "Beneficial"
            ],
            "proportion": 0.1103590880606707
          },
          {
            "response": [
              "Important"
            ],
            "proportion": 0.31553019877681376
          },
          {
            "response": [
              "Essential"
            ],
            "proportion": 0.5402789059348965
          }
        ],
        "collapsed": [
          {
            "response": [
              "Not relevant",
              "Beneficial"
            ],
            "proportion": 0.14419089528828977
          },
          {
            "response": [
              "Important",
              "Essential"
            ],
            "proportion": 0.8558091047117102
          }
        ]
      }
    },
    {
      "wave": null,
      "party": null,
      "responses": {
        "expanded": [
          {
            "response": [
              "Not relevant"
            ],
            "proportion": 0.03383180722761909
          },
          {
            "response": [
              "Beneficial"
            ],
            "proportion": 0.1103590880606707
          },
          {
            "response": [
              "Important"
            ],
            "proportion": 0.31553019877681376
          },
          {
            "response": [
              "Essential"
            ],
            "proportion": 0.5402789059348965
          }
        ],
        "collapsed": [
          {
            "response": [
              "Not relevant",
              "Beneficial"
            ],
            "proportion": 0.14419089528828977
          },
          {
            "response": [
              "Important",
              "Essential"
            ],
            "proportion": 0.8558091047117102
          }
        ]
      }
    }
  ]
}