{
  "characteristic_name": "common_und",
  "col_idx": 23,
  "in_waves": [
    3,
    8,
    14,
    23
  ],
  "splits": [
    {
      "wave": {
        "value": 3,
        "index": 0
      },
      "party": {
        "value": [
          "Democrat"
        ],
        "index": 0
      },
      "responses": {
        "expanded": [
          {
            "response": [
              "Not relevant"
            ],
            "proportion": 0.030174358786806868
          },
          {
            "response": [
              "Beneficial"
            ],
            "proportion": 0.14536334825966424
          },
          {
            "response": [
              "Important"
            ],
            "proportion": 0.4473558431748601
          },
          {
            "response": [
              "Essential"
            ],
            "proportion": 0.37710644977866875
          }
        ],
        "collapsed": [
          {
            "response": [
              "Not relevant",
              "Beneficial"
            ],
            "proportion": 0.17553770704647115
          },
          {
            "response": [
              "Important",
              "Essential"
            ],
            "proportion": 0.8244622929535289
          }
        ]
      }
    },
    {
      "wave": {
        "value": 3,
        "index": 0
      },
      "party": {
        "value": [
          "Independent",
          "Other"
        ],
        "index": 1
      },
      "responses": {
        "expanded": [
          {
            "response": [
              "Not relevant"
            ],
            "proportion": 0.0701724327816368
          },
          {
            "response": [
              "Beneficial"
            ],
            "proportion": 0.16705657436051574
          },
          {
            "response": [
              "Important"
            ],
            "proportion": 0.4425272025484299
          },
          {
            "response": [
              "Essential"
            ],
            "proportion": 0.3202437903094176
          }
        ],
        "collapsed": [
          {
            "response": [
              "Not relevant",
              "Beneficial"
            ],
            "proportion": 0.2372290071421525
          },
          {
            "response": [
              "Important",
              "Essential"
            ],
            "proportion": 0.7627709928578477
          }
        ]
      }
    },
    {
      "wave": {
        "value": 3,
        "index": 0
      },
      "party": {
        "value": [
          "Republican"
        ],
        "index": 2
      },
      "responses": {
        "expanded": [
          {
            "response": [
              "Not relevant"
            ],
            "proportion": 0.03906916321191927
          },
          {
            "response": [
              "Beneficial"
            ],
            "proportion": 0.285808632952305
          },
          {
            "response": [
              "Important"
            ],
            "proportion": 0.3792031781387312
          },
          {
            "response": [
              "Essential"
            ],
            "proportion": 0.2959190256970447
          }
        ],
        "collapsed": [
          {
            "response": [
              "Not relevant",
              "Beneficial"
            ],
            "proportion": 0.32487779616422424
          },
          {
            "response": [
              "Important",
              "Essential"
            ],
            "proportion": 0.6751222038357759
          }
        ]
      }
    },
    {
      "wave": null,
      "party": null,
      "responses": {
        "expanded": [
          {
            "response": [
              "Not relevant"
            ],
            "proportion": 0.05468444687969808
          },
          {
            "response": [
              "Beneficial"
            ],
            "proportion": 0.16922999472563977
          },
          {
            "response": [
              "Important"
            ],
            "proportion": 0.4156881764528947
          },
          {
            "response": [
              "Essential"
            ],
            "proportion": 0.3603973819417676
          }
        ],
        "collapsed": [
          {
            "response": [
              "Not relevant",
              "Beneficial"
            ],
            "proportion": 0.22391444160533783
          },
          {
            "response": [
              "Important",
              "Essential"
            ],
            "proportion": 0.7760855583946623
          }
        ]
      }
    },
    {
      "wave": {
        "value": 8,
        "index": 1
      },
      "party": {
        "value": [
          "Democrat"
        ],
        "index": 0
      },
      "responses": {
        "expanded": [
          {
            "response": [
              "Not relevant"
            ],
            "proportion": 0.05039957974841298
          },
          {
            "response": [
              "Beneficial"
            ],
            "proportion": 0.16234303473218056
          },
          {
            "response": [
              "Important"
            ],
            "proportion": 0.3908341749787793
          },
          {
            "response": [
              "Essential"
            ],
            "proportion": 0.3964232105406271
          }
        ],
        "collapsed": [
          {
            "response": [
              "Not relevant",
              "Beneficial"
            ],
            "proportion": 0.2127426144805936
          },
          {
            "response": [
              "Important",
              "Essential"
            ],
            "proportion": 0.7872573855194065
          }
        ]
      }
    },
    {
      "wave": {
        "value": 8,
        "index": 1
      },
      "party": {
        "value": [
          "Independent",
          "Other"
        ],
        "index": 1
      },
      "responses": {
        "expanded": [
          {
            "response": [
              "Not relevant"
            ],
            "proportion": 0.0841325903574962
          },
          {
            "response": [
              "Beneficial"
            ],
            "proportion": 0.1380193599479156
          },
          {
            "response": [
              "Important"
            ],
            "proportion": 0.40514647374970597
          },
          {
            "response": [
              "Essential"
            ],
            "proportion": 0.3727015759448823
          }
        ],
        "collapsed": [
          {
            "response": [
              "Not relevant",
              "Beneficial"
            ],
            "proportion": 0.22215195030541177
          },
          {
            "response": [
              "Important",
              "Essential"
            ],
            "proportion": 0.7778480496945881
          }
        ]
      }
    },
    {
      "wave": {
        "value": 8,
        "index": 1
      },
      "party": {
        "value": [
          "Republican"
        ],
        "index": 2
      },
      "responses": {
        "expanded": [
          {
            "response": [
              "Not relevant"
            ],
            "proportion": 0.06756831399115065
          },
          {
            "response": [
              "Beneficial"
            ],
            "proportion": 0.20028829496311756
          },
          {
            "response": [
              "Important"
            ],
            "proportion": 0.44040252351506903
          },
          {
            "response": [
              "Essential"
            ],
            "proportion": 0.2917408675306628
          }
        ],
        "collapsed": [
          {
            "response": [
              "Not relevant",
              "Beneficial"
            ],
            "proportion": 0.2678566089542682
          },
          {
            "response": [
              "Important",
              "Essential"
            ],
            "proportion": 0.7321433910457319
          }
        ]
      }
    },
    {
      "wave": null,
      "party": null,
      "responses": {
        "expanded": [
          {
            "response": [
              "Not relevant"
            ],
            "proportion": 0.05468444687969808
          },
          {
            "response": [
              "Beneficial"
            ],
            "proportion": 0.16922999472563977
          },
          {
            "response": [
              "Important"
            ],
            "proportion": 0.4156881764528947
          },
          {
            "response": [
              "Essential"
            ],
            "proportion": 0.3603973819417676
          }
        ],
        "collapsed": [
          {
            "response": [
              "Not relevant",
              "Beneficial"
            ],
            "proportion": 0.22391444160533783
          },
          {
            "response": [
              "Important",
              "Essential"
            ],
            "proportion": 0.7760855583946623
          }
        ]
      }
    },
    {
      "wave": {
        "value": 14,
        "index": 2
      },
      "party": {
        "value": [
          "Democrat"
        ],
        "index": 0
      },
      "responses": {
        "expanded": [
          {
            "response": [
              "Not relevant"
            ],
            "proportion": 0.022942300137915497
          },
          {
            "response": [
              "Beneficial"
            ],
            "proportion": 0.1015155859387
          },
          {
            "response": [
              "Important"
            ],
            "proportion": 0.3501818177567132
          },
          {
            "response": [
              "Essential"
            ],
            "proportion": 0.5253602961666713
          }
        ],
        "collapsed": [
          {
            "response": [
              "Not relevant",
              "Beneficial"
            ],
            "proportion": 0.1244578860766155
          },
          {
            "response": [
              "Important",
              "Essential"
            ],
            "proportion": 0.8755421139233845
          }
        ]
      }
    },
    {
      "wave": {
        "value": 14,
        "index": 2
      },
      "party": {
        "value": [
          "Independent",
          "Other"
        ],
        "index": 1
      },
      "responses": {
        "expanded": [
          {
            "response": [
              "Not relevant"
            ],
            "proportion": 0.05938491923533236
          },
          {
            "response": [
              "Beneficial"
            ],
            "proportion": 0.13356478975940453
          },
          {
            "response": [
              "Important"
            ],
            "proportion": 0.35798826930230465
          },
          {
            "response": [
              "Essential"
            ],
            "proportion": 0.44906202170295856
          }
        ],
        "collapsed": [
          {
            "response": [
              "Not relevant",
              "Beneficial"
            ],
            "proportion": 0.19294970899473687
          },
          {
            "response": [
              "Important",
              "Essential"
            ],
            "proportion": 0.8070502910052632
          }
        ]
      }
    },
    {
      "wave": {
        "value": 14,
        "index": 2
      },
      "party": {
        "value": [
          "Republican"
        ],
        "index": 2
      },
      "responses": {
        "expanded": [
          {
            "response": [
              "Not relevant"
            ],
            "proportion": 0.06839632747131213
          },
          {
            "response": [
              "Beneficial"
            ],
            "proportion": 0.07925279772400044
          },
          {
            "response": [
              "Important"
            ],
            "proportion": 0.49871210197649424
          },
          {
            "response": [
              "Essential"
            ],
            "proportion": 0.35363877282819317
          }
        ],
        "collapsed": [
          {
            "response": [
              "Not relevant",
              "Beneficial"
            ],
            "proportion": 0.14764912519531262
          },
          {
            "response": [
              "Important",
              "Essential"
            ],
            "proportion": 0.8523508748046874
          }
        ]
      }
    },
    {
      "wave": null,
      "party": null,
      "responses": {
        "expanded": [
          {
            "response": [
              "Not relevant"
            ],
            "proportion": 0.05468444687969808
          },
          {
            "response": [
              "Beneficial"
            ],
            "proportion": 0.16922999472563977
          },
          {
            "response": [
              "Important"
            ],
            "proportion": 0.4156881764528947
          },
          {
            "response": [
              "Essential"
            ],
            "proportion": 0.3603973819417676
          }
        ],
        "collapsed": [
          {
            "response": [
              "Not relevant",
              "Beneficial"
            ],
            "proportion": 0.22391444160533783
          },
          {
            "response": [
              "Important",
              "Essential"
            ],
            "proportion": 0.7760855583946623
          }
        ]
      }
    },
    {
      "wave": {
        "value": 23,
        "index": 3
      },
      "party": {
        "value": [
          "Democrat"
        ],
        "index": 0
      },
      "responses": {
        "expanded": [
          {
            "response": [
              "Not relevant"
            ],
            "proportion": 0.04432069460212387
          },
          {
            "response": [
              "Beneficial"
            ],
            "proportion": 0.18504866841703008
          },
          {
            "response": [
              "Important"
            ],
            "proportion": 0.4008193736603302
          },
          {
            "response": [
              "Essential"
            ],
            "proportion": 0.36981126332051595
          }
        ],
        "collapsed": [
          {
            "response": [
              "Not relevant",
              "Beneficial"
            ],
            "proportion": 0.22936936301915395
          },
          {
            "response": [
              "Important",
              "Essential"
            ],
            "proportion": 0.770630636980846
          }
        ]
      }
    },
    {
      "wave": {
        "value": 23,
        "index": 3
      },
      "party": {
        "value": [
          "Independent",
          "Other"
        ],
        "index": 1
      },
      "responses": {
        "expanded": [
          {
            "response": [
              "Not relevant"
            ],
            "proportion": 0.05924920879168235
          },
          {
            "response": [
              "Beneficial"
            ],
            "proportion": 0.14062740341055058
          },
          {
            "response": [
              "Important"
            ],
            "proportion": 0.37029354987790775
          },
          {
            "response": [
              "Essential"
            ],
            "proportion": 0.42982983791985946
          }
        ],
        "collapsed": [
          {
            "response": [
              "Not relevant",
              "Beneficial"
            ],
            "proportion": 0.1998766122022329
          },
          {
            "response": [
              "Important",
              "Essential"
            ],
            "proportion": 0.8001233877977671
          }
        ]
      }
    },
    {
      "wave": {
        "value": 23,
        "index": 3
      },
      "party": {
        "value": [
          "Republican"
        ],
        "index": 2
      },
      "responses": {
        "expanded": [
          {
            "response": [
              "Not relevant"
            ],
            "proportion": 0.05211286944438162
          },
          {
            "response": [
              "Beneficial"
            ],
            "proportion": 0.2272422332788508
          },
          {
            "response": [
              "Important"
            ],
            "proportion": 0.4868434884306314
          },
          {
            "response": [
              "Essential"
            ],
            "proportion": 0.2338014088461361
          }
        ],
        "collapsed": [
          {
            "response": [
              "Not relevant",
              "Beneficial"
            ],
            "proportion": 0.27935510272323244
          },
          {
            "response": [
              "Important",
              "Essential"
            ],
            "proportion": 0.7206448972767676
          }
        ]
      }
    },
    {
      "wave": null,
      "party": null,
      "responses": {
        "expanded": [
          {
            "response": [
              "Not relevant"
            ],
            "proportion": 0.05468444687969808
          },
          {
            "response": [
              "Beneficial"
            ],
            "proportion": 0.16922999472563977
          },
          {
            "response": [
              "Important"
            ],
            "proportion": 0.4156881764528947
          },
          {
            "response": [
              "Essential"
            ],
            "proportion": 0.3603973819417676
          }
        ],
        "collapsed": [
          {
            "response": [
              "Not relevant",
              "Beneficial"
            ],
            "proportion": 0.22391444160533783
          },
          {
            "response": [
              "Important",
              "Essential"
            ],
            "proportion": 0.7760855583946623
          }
        ]
      }
    },
    {
      "wave": null,
      "party": null,
      "responses": {
        "expanded": [
          {
            "response": [
              "Not relevant"
            ],
            "proportion": 0.05468444687969808
          },
          {
            "response": [
              "Beneficial"
            ],
            "proportion": 0.16922999472563977
          },
          {
            "response": [
              "Important"
            ],
            "proportion": 0.4156881764528947
          },
          {
            "response": [
              "Essential"
            ],
            "proportion": 0.3603973819417676
          }
        ],
        "collapsed": [
          {
            "response": [
              "Not relevant",
              "Beneficial"
            ],
            "proportion": 0.22391444160533783
          },
          {
            "response": [
              "Important",
              "Essential"
            ],
            "proportion": 0.7760855583946623
          }
        ]
      }
    },
    {
      "wave": null,
      "party": null,
      "responses": {
        "expanded": [
          {
            "response": [
              "Not relevant"
            ],
            "proportion": 0.05468444687969808
          },
          {
            "response": [
              "Beneficial"
            ],
            "proportion": 0.16922999472563977
          },
          {
            "response": [
              "Important"
            ],
            "proportion": 0.4156881764528947
          },
          {
            "response": [
              "Essential"
            ],
            "proportion": 0.3603973819417676
          }
        ],
        "collapsed": [
          {
            "response": [
              "Not relevant",
              "Beneficial"
            ],
            "proportion": 0.22391444160533783
          },
          {
            "response": [
              "Important",
              "Essential"
            ],
            "proportion": 0.7760855583946623
          }
        ]
      }
    },
    {
      "wave": null,
      "party": null,
      "responses": {
        "expanded": [
          {
            "response": [
              "Not relevant"
            ],
            "proportion": 0.05468444687969808
          },
          {
            "response": [
              "Beneficial"
            ],
            "proportion": 0.16922999472563977
          },
          {
            "response": [
              "Important"
            ],
            "proportion": 0.4156881764528947
          },
          {
            "response": [
              "Essential"
            ],
            "proportion": 0.3603973819417676
          }
        ],
        "collapsed": [
          {
            "response": [
              "Not relevant",
              "Beneficial"
            ],
            "proportion": 0.22391444160533783
          },
          {
            "response": [
              "Important",
              "Essential"
            ],
            "proportion": 0.7760855583946623
          }
        ]
      }
    },
    {
      "wave": null,
      "party": null,
      "responses": {
        "expanded": [
          {
            "response": [
              "Not relevant"
            ],
            "proportion": 0.05468444687969808
          },
          {
            "response": [
              "Beneficial"
            ],
            "proportion": 0.16922999472563977
          },
          {
            "response": [
              "Important"
            ],
            "proportion": 0.4156881764528947
          },
          {
            "response": [
              "Essential"
            ],
            "proportion": 0.3603973819417676
          }
        ],
        "collapsed": [
          {
            "response": [
              "Not relevant",
              "Beneficial"
            ],
            "proportion": 0.22391444160533783
          },
          {
            "response": [
              "Important",
              "Essential"
            ],
            "proportion": 0.7760855583946623
          }
        ]
      }
    }
  ]
}