{
  "characteristic_name": "compromise",
  "col_idx": 24,
  "in_waves": [
    3,
    8,
    14,
    23
  ],
  "splits": [
    {
      "wave": {
        "value": 3,
        "index": 0
      },
      "party": {
        "value": [
          "Democrat"
        ],
        "index": 0
      },
      "responses": {
        "expanded": [
          {
            "response": [
              "Not relevant"
            ],
            "proportion": 0.10592931022816482
          },
          {
            "response": [
              "Beneficial"
            ],
            "proportion": 0.26952240487579193
          },
          {
            "response": [
              "Important"
            ],
            "proportion": 0.38205220128904066
          },
          {
            "response": [
              "Essential"
            ],
            "proportion": 0.2424960836070025
          }
        ],
        "collapsed": [
          {
            "response": [
              "Not relevant",
              "Beneficial"
            ],
            "proportion": 0.37545171510395675
          },
          {
            "response": [
              "Important",
              "Essential"
            ],
            "proportion": 0.6245482848960433
          }
        ]
      }
    },
    {
      "wave": {
        "value": 3,
        "index": 0
      },
      "party": {
        "value": [
          "Independent",
          "Other"
        ],
        "index": 1
      },
      "responses": {
        "expanded": [
          {
            "response": [
              "Not relevant"
            ],
            "proportion": 0.07899503902420454
          },
          {
            "response": [
              "Beneficial"
            ],
            "proportion": 0.29350218481326723
          },
          {
            "response": [
              "Important"
            ],
            "proportion": 0.3337585781474093
          },
          {
            "response": [
              "Essential"
            ],
            "proportion": 0.2937441980151191
          }
        ],
        "collapsed": [
          {
            "response": [
              "Not relevant",
              "Beneficial"
            ],
            "proportion": 0.37249722383747175
          },
          {
            "response": [
              "Important",
              "Essential"
            ],
            "proportion": 0.6275027761625285
          }
        ]
      }
    },
    {
      "wave": {
        "value": 3,
        "index": 0
      },
      "party": {
        "value": [
          "Republican"
        ],
        "index": 2
      },
      "responses": {
        "expanded": [
          {
            "response": [
              "Not relevant"
            ],
            "proportion": 0.10052516132475303
          },
          {
            "response": [
              "Beneficial"
            ],
            "proportion": 0.4197112734528691
          },
          {
            "response": [
              "Important"
            ],
            "proportion": 0.30540874837174237
          },
          {
            "response": [
              "Essential"
            ],
            "proportion": 0.1743548168506356
          }
        ],
        "collapsed": [
          {
            "response": [
              "Not relevant",
              "Beneficial"
            ],
            "proportion": 0.520236434777622
          },
          {
            "response": [
              "Important",
              "Essential"
            ],
            "proportion": 0.4797635652223779
          }
        ]
      }
    },
    {
      "wave": null,
      "party": null,
      "responses": {
        "expanded": [
          {
            "response": [
              "Not relevant"
            ],
            "proportion": 0.08479210089391752
          },
          {
            "response": [
              "Beneficial"
            ],
            "proportion": 0.2830310481713405
          },
          {
            "response": [
              "Important"
            ],
            "proportion": 0.36755914642023224
          },
          {
            "response": [
              "Essential"
            ],
            "proportion": 0.26461770451450983
          }
        ],
        "collapsed": [
          {
            "response": [
              "Not relevant",
              "Beneficial"
            ],
            "proportion": 0.367823149065258
          },
          {
            "response": [
              "Important",
              "Essential"
            ],
            "proportion": 0.6321768509347421
          }
        ]
      }
    },
    {
      "wave": {
        "value": 8,
        "index": 1
      },
      "party": {
        "value": [
          "Democrat"
        ],
        "index": 0
      },
      "responses": {
        "expanded": [
          {
            "response": [
              "Not relevant"
            ],
            "proportion": 0.070842810043338
          },
          {
            "response": [
              "Beneficial"
            ],
            "proportion": 0.2584545276814362
          },
          {
            "response": [
              "Important"
            ],
            "proportion": 0.4099405994066686
          },
          {
            "response": [
              "Essential"
            ],
            "proportion": 0.2607620628685571
          }
        ],
        "collapsed": [
          {
            "response": [
              "Not relevant",
              "Beneficial"
            ],
            "proportion": 0.3292973377247742
          },
          {
            "response": [
              "Important",
              "Essential"
            ],
            "proportion": 0.6707026622752257
          }
        ]
      }
    },
    {
      "wave": {
        "value": 8,
        "index": 1
      },
      "party": {
        "value": [
          "Independent",
          "Other"
        ],
        "index": 1
      },
      "responses": {
        "expanded": [
          {
            "response": [
              "Not relevant"
            ],
            "proportion": 0.08827377419893614
          },
          {
            "response": [
              "Beneficial"
            ],
            "proportion": 0.2735897265423161
          },
          {
            "response": [
              "Important"
            ],
            "proportion": 0.39951515700675644
          },
          {
            "response": [
              "Essential"
            ],
            "proportion": 0.2386213422519913
          }
        ],
        "collapsed": [
          {
            "response": [
              "Not relevant",
              "Beneficial"
            ],
            "proportion": 0.3618635007412523
          },
          {
            "response": [
              "Important",
              "Essential"
            ],
            "proportion": 0.6381364992587477
          }
        ]
      }
    },
    {
      "wave": {
        "value": 8,
        "index": 1
      },
      "party": {
        "value": [
          "Republican"
        ],
        "index": 2
      },
      "responses": {
        "expanded": [
          {
            "response": [
              "Not relevant"
            ],
            "proportion": 0.09871845978567557
          },
          {
            "response": [
              "Beneficial"
            ],
            "proportion": 0.2664492454682338
          },
          {
            "response": [
              "Important"
            ],
            "proportion": 0.3912022374038603
          },
          {
            "response": [
              "Essential"
            ],
            "proportion": 0.24363005734223028
          }
        ],
        "collapsed": [
          {
            "response": [
              "Not relevant",
              "Beneficial"
            ],
            "proportion": 0.3651677052539094
          },
          {
            "response": [
              "Important",
              "Essential"
            ],
            "proportion": 0.6348322947460905
          }
        ]
      }
    },
    {
      "wave": null,
      "party": null,
      "responses": {
        "expanded": [
          {
            "response": [
              "Not relevant"
            ],
            "proportion": 0.08479210089391752
          },
          {
            "response": [
              "Beneficial"
            ],
            "proportion": 0.2830310481713405
          },
          {
            "response": [
              "Important"
            ],
            "proportion": 0.36755914642023224
          },
          {
            "response": [
              "Essential"
            ],
            "proportion": 0.26461770451450983
          }
        ],
        "collapsed": [
          {
            "response": [
              "Not relevant",
              "Beneficial"
            ],
            "proportion": 0.367823149065258
          },
          {
            "response": [
              "Important",
              "Essential"
            ],
            "proportion": 0.6321768509347421
          }
        ]
      }
    },
    {
      "wave": {
        "value": 14,
        "index": 2
      },
      "party": {
        "value": [
          "Democrat"
        ],
        "index": 0
      },
      "responses": {
        "expanded": [
          {
            "response": [
              "Not relevant"
            ],
            "proportion": 0.060012746284817474
          },
          {
            "response": [
              "Beneficial"
            ],
            "proportion": 0.23673597037246885
          },
          {
            "response": [
              "Important"
            ],
            "proportion": 0.3956024709667551
          },
          {
            "response": [
              "Essential"
            ],
            "proportion": 0.3076488123759587
          }
        ],
        "collapsed": [
          {
            "response": [
              "Not relevant",
              "Beneficial"
            ],
            "proportion": 0.29674871665728636
          },
          {
            "response": [
              "Important",
              "Essential"
            ],
            "proportion": 0.7032512833427136
          }
        ]
      }
    },
    {
      "wave": {
        "value": 14,
        "index": 2
      },
      "party": {
        "value": [
          "Independent",
          "Other"
        ],
        "index": 1
      },
      "responses": {
        "expanded": [
          {
            "response": [
              "Not relevant"
            ],
            "proportion": 0.1028500129361466
          },
          {
            "response": [
              "Beneficial"
            ],
            "proportion": 0.29226846452040633
          },
          {
            "response": [
              "Important"
            ],
            "proportion": 0.3038746784644722
          },
          {
            "response": [
              "Essential"
            ],
            "proportion": 0.3010068440789749
          }
        ],
        "collapsed": [
          {
            "response": [
              "Not relevant",
              "Beneficial"
            ],
            "proportion": 0.39511847745655293
          },
          {
            "response": [
              "Important",
              "Essential"
            ],
            "proportion": 0.6048815225434471
          }
        ]
      }
    },
    {
      "wave": {
        "value": 14,
        "index": 2
      },
      "party": {
        "value": [
          "Republican"
        ],
        "index": 2
      },
      "responses": {
        "expanded": [
          {
            "response": [
              "Not relevant"
            ],
            "proportion": 0.07824062891190431
          },
          {
            "response": [
              "Beneficial"
            ],
            "proportion": 0.15927116369401037
          },
          {
            "response": [
              "Important"
            ],
            "proportion": 0.3725852014751281
          },
          {
            "response": [
              "Essential"
            ],
            "proportion": 0.38990300591895716
          }
        ],
        "collapsed": [
          {
            "response": [
              "Not relevant",
              "Beneficial"
            ],
            "proportion": 0.23751179260591468
          },
          {
            "response": [
              "Important",
              "Essential"
            ],
            "proportion": 0.7624882073940852
          }
        ]
      }
    },
    {
      "wave": null,
      "party": null,
      "responses": {
        "expanded": [
          {
            "response": [
              "Not relevant"
            ],
            "proportion": 0.08479210089391752
          },
          {
            "response": [
              "Beneficial"
            ],
            "proportion": 0.2830310481713405
          },
          {
            "response": [
              "Important"
            ],
            "proportion": 0.36755914642023224
          },
          {
            "response": [
              "Essential"
            ],
            "proportion": 0.26461770451450983
          }
        ],
        "collapsed": [
          {
            "response": [
              "Not relevant",
              "Beneficial"
            ],
            "proportion": 0.367823149065258
          },
          {
            "response": [
              "Important",
              "Essential"
            ],
            "proportion": 0.6321768509347421
          }
        ]
      }
    },
    {
      "wave": {
        "value": 23,
        "index": 3
      },
      "party": {
        "value": [
          "Democrat"
        ],
        "index": 0
      },
      "responses": {
        "expanded": [
          {
            "response": [
              "Not relevant"
            ],
            "proportion": 0.060074828077376054
          },
          {
            "response": [
              "Beneficial"
            ],
            "proportion": 0.2599815440440429
          },
          {
            "response": [
              "Important"
            ],
            "proportion": 0.359816076674379
          },
          {
            "response": [
              "Essential"
            ],
            "proportion": 0.3201275512042021
          }
        ],
        "collapsed": [
          {
            "response": [
              "Not relevant",
              "Beneficial"
            ],
            "proportion": 0.3200563721214189
          },
          {
            "response": [
              "Important",
              "Essential"
            ],
            "proportion": 0.6799436278785811
          }
        ]
      }
    },
    {
      "wave": {
        "value": 23,
        "index": 3
      },
      "party": {
        "value": [
          "Independent",
          "Other"
        ],
        "index": 1
      },
      "responses": {
        "expanded": [
          {
            "response": [
              "Not relevant"
            ],
            "proportion": 0.08648754164687308
          },
          {
            "response": [
              "Beneficial"
            ],
            "proportion": 0.28937256604074946
          },
          {
            "response": [
              "Important"
            ],
            "proportion": 0.3102051845791132
          },
          {
            "response": [
              "Essential"
            ],
            "proportion": 0.31393470773326415
          }
        ],
        "collapsed": [
          {
            "response": [
              "Not relevant",
              "Beneficial"
            ],
            "proportion": 0.37586010768762246
          },
          {
            "response": [
              "Important",
              "Essential"
            ],
            "proportion": 0.6241398923123773
          }
        ]
      }
    },
    {
      "wave": {
        "value": 23,
        "index": 3
      },
      "party": {
        "value": [
          "Republican"
        ],
        "index": 2
      },
      "responses": {
        "expanded": [
          {
            "response": [
              "Not relevant"
            ],
            "proportion": 0.07324140489819983
          },
          {
            "response": [
              "Beneficial"
            ],
            "proportion": 0.3168440132501665
          },
          {
            "response": [
              "Important"
            ],
            "proportion": 0.38773311342758576
          },
          {
            "response": [
              "Essential"
            ],
            "proportion": 0.22218146842404823
          }
        ],
        "collapsed": [
          {
            "response": [
              "Not relevant",
              "Beneficial"
            ],
            "proportion": 0.3900854181483662
          },
          {
            "response": [
              "Important",
              "Essential"
            ],
            "proportion": 0.6099145818516338
          }
        ]
      }
    },
    {
      "wave": null,
      "party": null,
      "responses": {
        "expanded": [
          {
            "response": [
              "Not relevant"
            ],
            "proportion": 0.08479210089391752
          },
          {
            "response": [
              "Beneficial"
            ],
            "proportion": 0.2830310481713405
          },
          {
            "response": [
              "Important"
            ],
            "proportion": 0.36755914642023224
          },
          {
            "response": [
              "Essential"
            ],
            "proportion": 0.26461770451450983
          }
        ],
        "collapsed": [
          {
            "response": [
              "Not relevant",
              "Beneficial"
            ],
            "proportion": 0.367823149065258
          },
          {
            "response": [
              "Important",
              "Essential"
            ],
            "proportion": 0.6321768509347421
          }
        ]
      }
    },
    {
      "wave": null,
      "party": null,
      "responses": {
        "expanded": [
          {
            "response": [
              "Not relevant"
            ],
            "proportion": 0.08479210089391752
          },
          {
            "response": [
              "Beneficial"
            ],
            "proportion": 0.2830310481713405
          },
          {
            "response": [
              "Important"
            ],
            "proportion": 0.36755914642023224
          },
          {
            "response": [
              "Essential"
            ],
            "proportion": 0.26461770451450983
          }
        ],
        "collapsed": [
          {
            "response": [
              "Not relevant",
              "Beneficial"
            ],
            "proportion": 0.367823149065258
          },
          {
            "response": [
              "Important",
              "Essential"
            ],
            "proportion": 0.6321768509347421
          }
        ]
      }
    },
    {
      "wave": null,
      "party": null,
      "responses": {
        "expanded": [
          {
            "response": [
              "Not relevant"
            ],
            "proportion": 0.08479210089391752
          },
          {
            "response": [
              "Beneficial"
            ],
            "proportion": 0.2830310481713405
          },
          {
            "response": [
              "Important"
            ],
            "proportion": 0.36755914642023224
          },
          {
            "response": [
              "Essential"
            ],
            "proportion": 0.26461770451450983
          }
        ],
        "collapsed": [
          {
            "response": [
              "Not relevant",
              "Beneficial"
            ],
            "proportion": 0.367823149065258
          },
          {
            "response": [
              "Important",
              "Essential"
            ],
            "proportion": 0.6321768509347421
          }
        ]
      }
    },
    {
      "wave": null,
      "party": null,
      "responses": {
        "expanded": [
          {
            "response": [
              "Not relevant"
            ],
            "proportion": 0.08479210089391752
          },
          {
            "response": [
              "Beneficial"
            ],
            "proportion": 0.2830310481713405
          },
          {
            "response": [
              "Important"
            ],
            "proportion": 0.36755914642023224
          },
          {
            "response": [
              "Essential"
            ],
            "proportion": 0.26461770451450983
          }
        ],
        "collapsed": [
          {
            "response": [
              "Not relevant",
              "Beneficial"
            ],
            "proportion": 0.367823149065258
          },
          {
            "response": [
              "Important",
              "Essential"
            ],
            "proportion": 0.6321768509347421
          }
        ]
      }
    },
    {
      "wave": null,
      "party": null,
      "responses": {
        "expanded": [
          {
            "response": [
              "Not relevant"
            ],
            "proportion": 0.08479210089391752
          },
          {
            "response": [
              "Beneficial"
            ],
            "proportion": 0.2830310481713405
          },
          {
            "response": [
              "Important"
            ],
            "proportion": 0.36755914642023224
          },
          {
            "response": [
              "Essential"
            ],
            "proportion": 0.26461770451450983
          }
        ],
        "collapsed": [
          {
            "response": [
              "Not relevant",
              "Beneficial"
            ],
            "proportion": 0.367823149065258
          },
          {
            "response": [
              "Important",
              "Essential"
            ],
            "proportion": 0.6321768509347421
          }
        ]
      }
    }
  ]
}