{
  "characteristic_name": "concede_defeat",
  "col_idx": 36,
  "in_waves": [
    14,
    23
  ],
  "splits": [
    {
      "wave": {
        "value": 3,
        "index": 0
      },
      "party": {
        "value": [
          "Democrat"
        ],
        "index": 0
      },
      "responses": null
    },
    {
      "wave": {
        "value": 3,
        "index": 0
      },
      "party": {
        "value": [
          "Independent",
          "Other"
        ],
        "index": 1
      },
      "responses": null
    },
    {
      "wave": {
        "value": 3,
        "index": 0
      },
      "party": {
        "value": [
          "Republican"
        ],
        "index": 2
      },
      "responses": null
    },
    {
      "wave": null,
      "party": null,
      "responses": {
        "expanded": [
          {
            "response": [
              "Not relevant"
            ],
            "proportion": 0.09941758012557614
          },
          {
            "response": [
              "Beneficial"
            ],
            "proportion": 0.23975494500184535
          },
          {
            "response": [
              "Important"
            ],
            "proportion": 0.27112886875055625
          },
          {
            "response": [
              "Essential"
            ],
            "proportion": 0.38969860612202223
          }
        ],
        "collapsed": [
          {
            "response": [
              "Not relevant",
              "Beneficial"
            ],
            "proportion": 0.3391725251274214
          },
          {
            "response": [
              "Important",
              "Essential"
            ],
            "proportion": 0.6608274748725785
          }
        ]
      }
    },
    {
      "wave": {
        "value": 8,
        "index": 1
      },
      "party": {
        "value": [
          "Democrat"
        ],
        "index": 0
      },
      "responses": null
    },
    {
      "wave": {
        "value": 8,
        "index": 1
      },
      "party": {
        "value": [
          "Independent",
          "Other"
        ],
        "index": 1
      },
      "responses": null
    },
    {
      "wave": {
        "value": 8,
        "index": 1
      },
      "party": {
        "value": [
          "Republican"
        ],
        "index": 2
      },
      "responses": null
    },
    {
      "wave": null,
      "party": null,
      "responses": {
        "expanded": [
          {
            "response": [
              "Not relevant"
            ],
            "proportion": 0.09941758012557614
          },
          {
            "response": [
              "Beneficial"
            ],
            "proportion": 0.23975494500184535
          },
          {
            "response": [
              "Important"
            ],
            "proportion": 0.27112886875055625
          },
          {
            "response": [
              "Essential"
            ],
            "proportion": 0.38969860612202223
          }
        ],
        "collapsed": [
          {
            "response": [
              "Not relevant",
              "Beneficial"
            ],
            "proportion": 0.3391725251274214
          },
          {
            "response": [
              "Important",
              "Essential"
            ],
            "proportion": 0.6608274748725785
          }
        ]
      }
    },
    {
      "wave": {
        "value": 14,
        "index": 2
      },
      "party": {
        "value": [
          "Democrat"
        ],
        "index": 0
      },
      "responses": {
        "expanded": [
          {
            "response": [
              "Not relevant"
            ],
            "proportion": 0.019449759204532055
          },
          {
            "response": [
              "Beneficial"
            ],
            "proportion": 0.1806832773963952
          },
          {
            "response": [
              "Important"
            ],
            "proportion": 0.23979957174827143
          },
          {
            "response": [
              "Essential"
            ],
            "proportion": 0.5600673916508013
          }
        ],
        "collapsed": [
          {
            "response": [
              "Not relevant",
              "Beneficial"
            ],
            "proportion": 0.20013303660092727
          },
          {
            "response": [
              "Important",
              "Essential"
            ],
            "proportion": 0.7998669633990727
          }
        ]
      }
    },
    {
      "wave": {
        "value": 14,
        "index": 2
      },
      "party": {
        "value": [
          "Independent",
          "Other"
        ],
        "index": 1
      },
      "responses": {
        "expanded": [
          {
            "response": [
              "Not relevant"
            ],
            "proportion": 0.11020172719520366
          },
          {
            "response": [
              "Beneficial"
            ],
            "proportion": 0.22593322089119078
          },
          {
            "response": [
              "Important"
            ],
            "proportion": 0.2725212324540234
          },
          {
            "response": [
              "Essential"
            ],
            "proportion": 0.39134381945958213
          }
        ],
        "collapsed": [
          {
            "response": [
              "Not relevant",
              "Beneficial"
            ],
            "proportion": 0.3361349480863944
          },
          {
            "response": [
              "Important",
              "Essential"
            ],
            "proportion": 0.6638650519136055
          }
        ]
      }
    },
    {
      "wave": {
        "value": 14,
        "index": 2
      },
      "party": {
        "value": [
          "Republican"
        ],
        "index": 2
      },
      "responses": {
        "expanded": [
          {
            "response": [
              "Not relevant"
            ],
            "proportion": 0.09170358022447853
          },
          {
            "response": [
              "Beneficial"
            ],
            "proportion": 0.34744788926832093
          },
          {
            "response": [
              "Important"
            ],
            "proportion": 0.25250888729557114
          },
          {
            "response": [
              "Essential"
            ],
            "proportion": 0.30833964321162954
          }
        ],
        "collapsed": [
          {
            "response": [
              "Not relevant",
              "Beneficial"
            ],
            "proportion": 0.43915146949279943
          },
          {
            "response": [
              "Important",
              "Essential"
            ],
            "proportion": 0.5608485305072005
          }
        ]
      }
    },
    {
      "wave": null,
      "party": null,
      "responses": {
        "expanded": [
          {
            "response": [
              "Not relevant"
            ],
            "proportion": 0.09941758012557614
          },
          {
            "response": [
              "Beneficial"
            ],
            "proportion": 0.23975494500184535
          },
          {
            "response": [
              "Important"
            ],
            "proportion": 0.27112886875055625
          },
          {
            "response": [
              "Essential"
            ],
            "proportion": 0.38969860612202223
          }
        ],
        "collapsed": [
          {
            "response": [
              "Not relevant",
              "Beneficial"
            ],
            "proportion": 0.3391725251274214
          },
          {
            "response": [
              "Important",
              "Essential"
            ],
            "proportion": 0.6608274748725785
          }
        ]
      }
    },
    {
      "wave": {
        "value": 23,
        "index": 3
      },
      "party": {
        "value": [
          "Democrat"
        ],
        "index": 0
      },
      "responses": {
        "expanded": [
          {
            "response": [
              "Not relevant"
            ],
            "proportion": 0.0858722917753377
          },
          {
            "response": [
              "Beneficial"
            ],
            "proportion": 0.16007639371858745
          },
          {
            "response": [
              "Important"
            ],
            "proportion": 0.31661122008813664
          },
          {
            "response": [
              "Essential"
            ],
            "proportion": 0.4374400944179382
          }
        ],
        "collapsed": [
          {
            "response": [
              "Not relevant",
              "Beneficial"
            ],
            "proportion": 0.24594868549392515
          },
          {
            "response": [
              "Important",
              "Essential"
            ],
            "proportion": 0.7540513145060749
          }
        ]
      }
    },
    {
      "wave": {
        "value": 23,
        "index": 3
      },
      "party": {
        "value": [
          "Independent",
          "Other"
        ],
        "index": 1
      },
      "responses": {
        "expanded": [
          {
            "response": [
              "Not relevant"
            ],
            "proportion": 0.17823014372984464
          },
          {
            "response": [
              "Beneficial"
            ],
            "proportion": 0.27618706210286553
          },
          {
            "response": [
              "Important"
            ],
            "proportion": 0.2279496932720354
          },
          {
            "response": [
              "Essential"
            ],
            "proportion": 0.31763310089525426
          }
        ],
        "collapsed": [
          {
            "response": [
              "Not relevant",
              "Beneficial"
            ],
            "proportion": 0.4544172058327101
          },
          {
            "response": [
              "Important",
              "Essential"
            ],
            "proportion": 0.5455827941672897
          }
        ]
      }
    },
    {
      "wave": {
        "value": 23,
        "index": 3
      },
      "party": {
        "value": [
          "Republican"
        ],
        "index": 2
      },
      "responses": {
        "expanded": [
          {
            "response": [
              "Not relevant"
            ],
            "proportion": 0.14403722089901225
          },
          {
            "response": [
              "Beneficial"
            ],
            "proportion": 0.3097285050318035
          },
          {
            "response": [
              "Important"
            ],
            "proportion": 0.31368816658702503
          },
          {
            "response": [
              "Essential"
            ],
            "proportion": 0.23254610748215931
          }
        ],
        "collapsed": [
          {
            "response": [
              "Not relevant",
              "Beneficial"
            ],
            "proportion": 0.45376572593081566
          },
          {
            "response": [
              "Important",
              "Essential"
            ],
            "proportion": 0.5462342740691842
          }
        ]
      }
    },
    {
      "wave": null,
      "party": null,
      "responses": {
        "expanded": [
          {
            "response": [
              "Not relevant"
            ],
            "proportion": 0.09941758012557614
          },
          {
            "response": [
              "Beneficial"
            ],
            "proportion": 0.23975494500184535
          },
          {
            "response": [
              "Important"
            ],
            "proportion": 0.27112886875055625
          },
          {
            "response": [
              "Essential"
            ],
            "proportion": 0.38969860612202223
          }
        ],
        "collapsed": [
          {
            "response": [
              "Not relevant",
              "Beneficial"
            ],
            "proportion": 0.3391725251274214
          },
          {
            "response": [
              "Important",
              "Essential"
            ],
            "proportion": 0.6608274748725785
          }
        ]
      }
    },
    {
      "wave": null,
      "party": null,
      "responses": {
        "expanded": [
          {
            "response": [
              "Not relevant"
            ],
            "proportion": 0.09941758012557614
          },
          {
            "response": [
              "Beneficial"
            ],
            "proportion": 0.23975494500184535
          },
          {
            "response": [
              "Important"
            ],
            "proportion": 0.27112886875055625
          },
          {
            "response": [
              "Essential"
            ],
            "proportion": 0.38969860612202223
          }
        ],
        "collapsed": [
          {
            "response": [
              "Not relevant",
              "Beneficial"
            ],
            "proportion": 0.3391725251274214
          },
          {
            "response": [
              "Important",
              "Essential"
            ],
            "proportion": 0.6608274748725785
          }
        ]
      }
    },
    {
      "wave": null,
      "party": null,
      "responses": {
        "expanded": [
          {
            "response": [
              "Not relevant"
            ],
            "proportion": 0.09941758012557614
          },
          {
            "response": [
              "Beneficial"
            ],
            "proportion": 0.23975494500184535
          },
          {
            "response": [
              "Important"
            ],
            "proportion": 0.27112886875055625
          },
          {
            "response": [
              "Essential"
            ],
            "proportion": 0.38969860612202223
          }
        ],
        "collapsed": [
          {
            "response": [
              "Not relevant",
              "Beneficial"
            ],
            "proportion": 0.3391725251274214
          },
          {
            "response": [
              "Important",
              "Essential"
            ],
            "proportion": 0.6608274748725785
          }
        ]
      }
    },
    {
      "wave": null,
      "party": null,
      "responses": {
        "expanded": [
          {
            "response": [
              "Not relevant"
            ],
            "proportion": 0.09941758012557614
          },
          {
            "response": [
              "Beneficial"
            ],
            "proportion": 0.23975494500184535
          },
          {
            "response": [
              "Important"
            ],
            "proportion": 0.27112886875055625
          },
          {
            "response": [
              "Essential"
            ],
            "proportion": 0.38969860612202223
          }
        ],
        "collapsed": [
          {
            "response": [
              "Not relevant",
              "Beneficial"
            ],
            "proportion": 0.3391725251274214
          },
          {
            "response": [
              "Important",
              "Essential"
            ],
            "proportion": 0.6608274748725785
          }
        ]
      }
    },
    {
      "wave": null,
      "party": null,
      "responses": {
        "expanded": [
          {
            "response": [
              "Not relevant"
            ],
            "proportion": 0.09941758012557614
          },
          {
            "response": [
              "Beneficial"
            ],
            "proportion": 0.23975494500184535
          },
          {
            "response": [
              "Important"
            ],
            "proportion": 0.27112886875055625
          },
          {
            "response": [
              "Essential"
            ],
            "proportion": 0.38969860612202223
          }
        ],
        "collapsed": [
          {
            "response": [
              "Not relevant",
              "Beneficial"
            ],
            "proportion": 0.3391725251274214
          },
          {
            "response": [
              "Important",
              "Essential"
            ],
            "proportion": 0.6608274748725785
          }
        ]
      }
    }
  ]
}