{
  "characteristic_name": "contributions",
  "col_idx": 20,
  "in_waves": [
    3,
    8,
    14,
    23
  ],
  "splits": [
    {
      "wave": {
        "value": 3,
        "index": 0
      },
      "party": {
        "value": [
          "Democrat"
        ],
        "index": 0
      },
      "responses": {
        "expanded": [
          {
            "response": [
              "Not relevant"
            ],
            "proportion": 0.11628984337474609
          },
          {
            "response": [
              "Beneficial"
            ],
            "proportion": 0.13975415628623863
          },
          {
            "response": [
              "Important"
            ],
            "proportion": 0.31076205298315296
          },
          {
            "response": [
              "Essential"
            ],
            "proportion": 0.43319394735586225
          }
        ],
        "collapsed": [
          {
            "response": [
              "Not relevant",
              "Beneficial"
            ],
            "proportion": 0.2560439996609847
          },
          {
            "response": [
              "Important",
              "Essential"
            ],
            "proportion": 0.7439560003390153
          }
        ]
      }
    },
    {
      "wave": {
        "value": 3,
        "index": 0
      },
      "party": {
        "value": [
          "Independent",
          "Other"
        ],
        "index": 1
      },
      "responses": {
        "expanded": [
          {
            "response": [
              "Not relevant"
            ],
            "proportion": 0.0909954303012686
          },
          {
            "response": [
              "Beneficial"
            ],
            "proportion": 0.1784534002156229
          },
          {
            "response": [
              "Important"
            ],
            "proportion": 0.2577541779845501
          },
          {
            "response": [
              "Essential"
            ],
            "proportion": 0.47279699149855825
          }
        ],
        "collapsed": [
          {
            "response": [
              "Not relevant",
              "Beneficial"
            ],
            "proportion": 0.2694488305168915
          },
          {
            "response": [
              "Important",
              "Essential"
            ],
            "proportion": 0.7305511694831084
          }
        ]
      }
    },
    {
      "wave": {
        "value": 3,
        "index": 0
      },
      "party": {
        "value": [
          "Republican"
        ],
        "index": 2
      },
      "responses": {
        "expanded": [
          {
            "response": [
              "Not relevant"
            ],
            "proportion": 0.13052983236175567
          },
          {
            "response": [
              "Beneficial"
            ],
            "proportion": 0.20513522875016885
          },
          {
            "response": [
              "Important"
            ],
            "proportion": 0.24876462645812805
          },
          {
            "response": [
              "Essential"
            ],
            "proportion": 0.4155703124299474
          }
        ],
        "collapsed": [
          {
            "response": [
              "Not relevant",
              "Beneficial"
            ],
            "proportion": 0.3356650611119245
          },
          {
            "response": [
              "Important",
              "Essential"
            ],
            "proportion": 0.6643349388880754
          }
        ]
      }
    },
    {
      "wave": null,
      "party": null,
      "responses": {
        "expanded": [
          {
            "response": [
              "Not relevant"
            ],
            "proportion": 0.11871714707169391
          },
          {
            "response": [
              "Beneficial"
            ],
            "proportion": 0.16202357035050585
          },
          {
            "response": [
              "Important"
            ],
            "proportion": 0.277613692738406
          },
          {
            "response": [
              "Essential"
            ],
            "proportion": 0.4416455898393942
          }
        ],
        "collapsed": [
          {
            "response": [
              "Not relevant",
              "Beneficial"
            ],
            "proportion": 0.2807407174221998
          },
          {
            "response": [
              "Important",
              "Essential"
            ],
            "proportion": 0.7192592825778003
          }
        ]
      }
    },
    {
      "wave": {
        "value": 8,
        "index": 1
      },
      "party": {
        "value": [
          "Democrat"
        ],
        "index": 0
      },
      "responses": {
        "expanded": [
          {
            "response": [
              "Not relevant"
            ],
            "proportion": 0.09010834584570414
          },
          {
            "response": [
              "Beneficial"
            ],
            "proportion": 0.12551917683125166
          },
          {
            "response": [
              "Important"
            ],
            "proportion": 0.2699256515803623
          },
          {
            "response": [
              "Essential"
            ],
            "proportion": 0.5144468257426819
          }
        ],
        "collapsed": [
          {
            "response": [
              "Not relevant",
              "Beneficial"
            ],
            "proportion": 0.21562752267695584
          },
          {
            "response": [
              "Important",
              "Essential"
            ],
            "proportion": 0.7843724773230442
          }
        ]
      }
    },
    {
      "wave": {
        "value": 8,
        "index": 1
      },
      "party": {
        "value": [
          "Independent",
          "Other"
        ],
        "index": 1
      },
      "responses": {
        "expanded": [
          {
            "response": [
              "Not relevant"
            ],
            "proportion": 0.10380808714747983
          },
          {
            "response": [
              "Beneficial"
            ],
            "proportion": 0.1065920237682872
          },
          {
            "response": [
              "Important"
            ],
            "proportion": 0.2632258274938584
          },
          {
            "response": [
              "Essential"
            ],
            "proportion": 0.5263740615903744
          }
        ],
        "collapsed": [
          {
            "response": [
              "Not relevant",
              "Beneficial"
            ],
            "proportion": 0.21040011091576705
          },
          {
            "response": [
              "Important",
              "Essential"
            ],
            "proportion": 0.789599889084233
          }
        ]
      }
    },
    {
      "wave": {
        "value": 8,
        "index": 1
      },
      "party": {
        "value": [
          "Republican"
        ],
        "index": 2
      },
      "responses": {
        "expanded": [
          {
            "response": [
              "Not relevant"
            ],
            "proportion": 0.16074065702010867
          },
          {
            "response": [
              "Beneficial"
            ],
            "proportion": 0.1983781637328645
          },
          {
            "response": [
              "Important"
            ],
            "proportion": 0.34014046996965225
          },
          {
            "response": [
              "Essential"
            ],
            "proportion": 0.3007407092773745
          }
        ],
        "collapsed": [
          {
            "response": [
              "Not relevant",
              "Beneficial"
            ],
            "proportion": 0.3591188207529732
          },
          {
            "response": [
              "Important",
              "Essential"
            ],
            "proportion": 0.6408811792470267
          }
        ]
      }
    },
    {
      "wave": null,
      "party": null,
      "responses": {
        "expanded": [
          {
            "response": [
              "Not relevant"
            ],
            "proportion": 0.11871714707169391
          },
          {
            "response": [
              "Beneficial"
            ],
            "proportion": 0.16202357035050585
          },
          {
            "response": [
              "Important"
            ],
            "proportion": 0.277613692738406
          },
          {
            "response": [
              "Essential"
            ],
            "proportion": 0.4416455898393942
          }
        ],
        "collapsed": [
          {
            "response": [
              "Not relevant",
              "Beneficial"
            ],
            "proportion": 0.2807407174221998
          },
          {
            "response": [
              "Important",
              "Essential"
            ],
            "proportion": 0.7192592825778003
          }
        ]
      }
    },
    {
      "wave": {
        "value": 14,
        "index": 2
      },
      "party": {
        "value": [
          "Democrat"
        ],
        "index": 0
      },
      "responses": {
        "expanded": [
          {
            "response": [
              "Not relevant"
            ],
            "proportion": 0.11335880056843085
          },
          {
            "response": [
              "Beneficial"
            ],
            "proportion": 0.19494156581290167
          },
          {
            "response": [
              "Important"
            ],
            "proportion": 0.15862737787942294
          },
          {
            "response": [
              "Essential"
            ],
            "proportion": 0.5330722557392445
          }
        ],
        "collapsed": [
          {
            "response": [
              "Not relevant",
              "Beneficial"
            ],
            "proportion": 0.30830036638133246
          },
          {
            "response": [
              "Important",
              "Essential"
            ],
            "proportion": 0.6916996336186675
          }
        ]
      }
    },
    {
      "wave": {
        "value": 14,
        "index": 2
      },
      "party": {
        "value": [
          "Independent",
          "Other"
        ],
        "index": 1
      },
      "responses": {
        "expanded": [
          {
            "response": [
              "Not relevant"
            ],
            "proportion": 0.1363956999276067
          },
          {
            "response": [
              "Beneficial"
            ],
            "proportion": 0.18147170708697757
          },
          {
            "response": [
              "Important"
            ],
            "proportion": 0.24036802215141895
          },
          {
            "response": [
              "Essential"
            ],
            "proportion": 0.44176457083399684
          }
        ],
        "collapsed": [
          {
            "response": [
              "Not relevant",
              "Beneficial"
            ],
            "proportion": 0.3178674070145843
          },
          {
            "response": [
              "Important",
              "Essential"
            ],
            "proportion": 0.6821325929854157
          }
        ]
      }
    },
    {
      "wave": {
        "value": 14,
        "index": 2
      },
      "party": {
        "value": [
          "Republican"
        ],
        "index": 2
      },
      "responses": {
        "expanded": [
          {
            "response": [
              "Not relevant"
            ],
            "proportion": 0.10138992098339826
          },
          {
            "response": [
              "Beneficial"
            ],
            "proportion": 0.08806475224033954
          },
          {
            "response": [
              "Important"
            ],
            "proportion": 0.29669488906712993
          },
          {
            "response": [
              "Essential"
            ],
            "proportion": 0.5138504377091323
          }
        ],
        "collapsed": [
          {
            "response": [
              "Not relevant",
              "Beneficial"
            ],
            "proportion": 0.1894546732237378
          },
          {
            "response": [
              "Important",
              "Essential"
            ],
            "proportion": 0.8105453267762622
          }
        ]
      }
    },
    {
      "wave": null,
      "party": null,
      "responses": {
        "expanded": [
          {
            "response": [
              "Not relevant"
            ],
            "proportion": 0.11871714707169391
          },
          {
            "response": [
              "Beneficial"
            ],
            "proportion": 0.16202357035050585
          },
          {
            "response": [
              "Important"
            ],
            "proportion": 0.277613692738406
          },
          {
            "response": [
              "Essential"
            ],
            "proportion": 0.4416455898393942
          }
        ],
        "collapsed": [
          {
            "response": [
              "Not relevant",
              "Beneficial"
            ],
            "proportion": 0.2807407174221998
          },
          {
            "response": [
              "Important",
              "Essential"
            ],
            "proportion": 0.7192592825778003
          }
        ]
      }
    },
    {
      "wave": {
        "value": 23,
        "index": 3
      },
      "party": {
        "value": [
          "Democrat"
        ],
        "index": 0
      },
      "responses": {
        "expanded": [
          {
            "response": [
              "Not relevant"
            ],
            "proportion": 0.13580186879205575
          },
          {
            "response": [
              "Beneficial"
            ],
            "proportion": 0.23805964002654323
          },
          {
            "response": [
              "Important"
            ],
            "proportion": 0.23722007768867365
          },
          {
            "response": [
              "Essential"
            ],
            "proportion": 0.3889184134927274
          }
        ],
        "collapsed": [
          {
            "response": [
              "Not relevant",
              "Beneficial"
            ],
            "proportion": 0.373861508818599
          },
          {
            "response": [
              "Important",
              "Essential"
            ],
            "proportion": 0.6261384911814011
          }
        ]
      }
    },
    {
      "wave": {
        "value": 23,
        "index": 3
      },
      "party": {
        "value": [
          "Independent",
          "Other"
        ],
        "index": 1
      },
      "responses": {
        "expanded": [
          {
            "response": [
              "Not relevant"
            ],
            "proportion": 0.12807880446268657
          },
          {
            "response": [
              "Beneficial"
            ],
            "proportion": 0.1277503277558417
          },
          {
            "response": [
              "Important"
            ],
            "proportion": 0.3015949351856175
          },
          {
            "response": [
              "Essential"
            ],
            "proportion": 0.4425759325958543
          }
        ],
        "collapsed": [
          {
            "response": [
              "Not relevant",
              "Beneficial"
            ],
            "proportion": 0.25582913221852827
          },
          {
            "response": [
              "Important",
              "Essential"
            ],
            "proportion": 0.7441708677814718
          }
        ]
      }
    },
    {
      "wave": {
        "value": 23,
        "index": 3
      },
      "party": {
        "value": [
          "Republican"
        ],
        "index": 2
      },
      "responses": {
        "expanded": [
          {
            "response": [
              "Not relevant"
            ],
            "proportion": 0.14429835240981903
          },
          {
            "response": [
              "Beneficial"
            ],
            "proportion": 0.17819000550490763
          },
          {
            "response": [
              "Important"
            ],
            "proportion": 0.3289938370238676
          },
          {
            "response": [
              "Essential"
            ],
            "proportion": 0.34851780506140606
          }
        ],
        "collapsed": [
          {
            "response": [
              "Not relevant",
              "Beneficial"
            ],
            "proportion": 0.32248835791472663
          },
          {
            "response": [
              "Important",
              "Essential"
            ],
            "proportion": 0.6775116420852737
          }
        ]
      }
    },
    {
      "wave": null,
      "party": null,
      "responses": {
        "expanded": [
          {
            "response": [
              "Not relevant"
            ],
            "proportion": 0.11871714707169391
          },
          {
            "response": [
              "Beneficial"
            ],
            "proportion": 0.16202357035050585
          },
          {
            "response": [
              "Important"
            ],
            "proportion": 0.277613692738406
          },
          {
            "response": [
              "Essential"
            ],
            "proportion": 0.4416455898393942
          }
        ],
        "collapsed": [
          {
            "response": [
              "Not relevant",
              "Beneficial"
            ],
            "proportion": 0.2807407174221998
          },
          {
            "response": [
              "Important",
              "Essential"
            ],
            "proportion": 0.7192592825778003
          }
        ]
      }
    },
    {
      "wave": null,
      "party": null,
      "responses": {
        "expanded": [
          {
            "response": [
              "Not relevant"
            ],
            "proportion": 0.11871714707169391
          },
          {
            "response": [
              "Beneficial"
            ],
            "proportion": 0.16202357035050585
          },
          {
            "response": [
              "Important"
            ],
            "proportion": 0.277613692738406
          },
          {
            "response": [
              "Essential"
            ],
            "proportion": 0.4416455898393942
          }
        ],
        "collapsed": [
          {
            "response": [
              "Not relevant",
              "Beneficial"
            ],
            "proportion": 0.2807407174221998
          },
          {
            "response": [
              "Important",
              "Essential"
            ],
            "proportion": 0.7192592825778003
          }
        ]
      }
    },
    {
      "wave": null,
      "party": null,
      "responses": {
        "expanded": [
          {
            "response": [
              "Not relevant"
            ],
            "proportion": 0.11871714707169391
          },
          {
            "response": [
              "Beneficial"
            ],
            "proportion": 0.16202357035050585
          },
          {
            "response": [
              "Important"
            ],
            "proportion": 0.277613692738406
          },
          {
            "response": [
              "Essential"
            ],
            "proportion": 0.4416455898393942
          }
        ],
        "collapsed": [
          {
            "response": [
              "Not relevant",
              "Beneficial"
            ],
            "proportion": 0.2807407174221998
          },
          {
            "response": [
              "Important",
              "Essential"
            ],
            "proportion": 0.7192592825778003
          }
        ]
      }
    },
    {
      "wave": null,
      "party": null,
      "responses": {
        "expanded": [
          {
            "response": [
              "Not relevant"
            ],
            "proportion": 0.11871714707169391
          },
          {
            "response": [
              "Beneficial"
            ],
            "proportion": 0.16202357035050585
          },
          {
            "response": [
              "Important"
            ],
            "proportion": 0.277613692738406
          },
          {
            "response": [
              "Essential"
            ],
            "proportion": 0.4416455898393942
          }
        ],
        "collapsed": [
          {
            "response": [
              "Not relevant",
              "Beneficial"
            ],
            "proportion": 0.2807407174221998
          },
          {
            "response": [
              "Important",
              "Essential"
            ],
            "proportion": 0.7192592825778003
          }
        ]
      }
    },
    {
      "wave": null,
      "party": null,
      "responses": {
        "expanded": [
          {
            "response": [
              "Not relevant"
            ],
            "proportion": 0.11871714707169391
          },
          {
            "response": [
              "Beneficial"
            ],
            "proportion": 0.16202357035050585
          },
          {
            "response": [
              "Important"
            ],
            "proportion": 0.277613692738406
          },
          {
            "response": [
              "Essential"
            ],
            "proportion": 0.4416455898393942
          }
        ],
        "collapsed": [
          {
            "response": [
              "Not relevant",
              "Beneficial"
            ],
            "proportion": 0.2807407174221998
          },
          {
            "response": [
              "Important",
              "Essential"
            ],
            "proportion": 0.7192592825778003
          }
        ]
      }
    }
  ]
}