{
  "characteristic_name": "districts",
  "col_idx": 22,
  "in_waves": [
    3,
    8,
    14,
    23
  ],
  "splits": [
    {
      "wave": {
        "value": 3,
        "index": 0
      },
      "party": {
        "value": [
          "Democrat"
        ],
        "index": 0
      },
      "responses": {
        "expanded": [
          {
            "response": [
              "Not relevant"
            ],
            "proportion": 0.07199355282631012
          },
          {
            "response": [
              "Beneficial"
            ],
            "proportion": 0.14041834236736217
          },
          {
            "response": [
              "Important"
            ],
            "proportion": 0.3598590930136285
          },
          {
            "response": [
              "Essential"
            ],
            "proportion": 0.4277290117926992
          }
        ],
        "collapsed": [
          {
            "response": [
              "Not relevant",
              "Beneficial"
            ],
            "proportion": 0.21241189519367223
          },
          {
            "response": [
              "Important",
              "Essential"
            ],
            "proportion": 0.7875881048063277
          }
        ]
      }
    },
    {
      "wave": {
        "value": 3,
        "index": 0
      },
      "party": {
        "value": [
          "Independent",
          "Other"
        ],
        "index": 1
      },
      "responses": {
        "expanded": [
          {
            "response": [
              "Not relevant"
            ],
            "proportion": 0.08356847857115739
          },
          {
            "response": [
              "Beneficial"
            ],
            "proportion": 0.16760891417357832
          },
          {
            "response": [
              "Important"
            ],
            "proportion": 0.33873808997005794
          },
          {
            "response": [
              "Essential"
            ],
            "proportion": 0.4100845172852063
          }
        ],
        "collapsed": [
          {
            "response": [
              "Not relevant",
              "Beneficial"
            ],
            "proportion": 0.2511773927447358
          },
          {
            "response": [
              "Important",
              "Essential"
            ],
            "proportion": 0.7488226072552642
          }
        ]
      }
    },
    {
      "wave": {
        "value": 3,
        "index": 0
      },
      "party": {
        "value": [
          "Republican"
        ],
        "index": 2
      },
      "responses": {
        "expanded": [
          {
            "response": [
              "Not relevant"
            ],
            "proportion": 0.06992513776036771
          },
          {
            "response": [
              "Beneficial"
            ],
            "proportion": 0.22089279237082682
          },
          {
            "response": [
              "Important"
            ],
            "proportion": 0.4557078771140658
          },
          {
            "response": [
              "Essential"
            ],
            "proportion": 0.2534741927547397
          }
        ],
        "collapsed": [
          {
            "response": [
              "Not relevant",
              "Beneficial"
            ],
            "proportion": 0.2908179301311945
          },
          {
            "response": [
              "Important",
              "Essential"
            ],
            "proportion": 0.7091820698688055
          }
        ]
      }
    },
    {
      "wave": null,
      "party": null,
      "responses": {
        "expanded": [
          {
            "response": [
              "Not relevant"
            ],
            "proportion": 0.07562140766735709
          },
          {
            "response": [
              "Beneficial"
            ],
            "proportion": 0.1881608777563893
          },
          {
            "response": [
              "Important"
            ],
            "proportion": 0.3539374039903558
          },
          {
            "response": [
              "Essential"
            ],
            "proportion": 0.3822803105858979
          }
        ],
        "collapsed": [
          {
            "response": [
              "Not relevant",
              "Beneficial"
            ],
            "proportion": 0.2637822854237464
          },
          {
            "response": [
              "Important",
              "Essential"
            ],
            "proportion": 0.7362177145762536
          }
        ]
      }
    },
    {
      "wave": {
        "value": 8,
        "index": 1
      },
      "party": {
        "value": [
          "Democrat"
        ],
        "index": 0
      },
      "responses": {
        "expanded": [
          {
            "response": [
              "Not relevant"
            ],
            "proportion": 0.08567352358144445
          },
          {
            "response": [
              "Beneficial"
            ],
            "proportion": 0.15204990873265595
          },
          {
            "response": [
              "Important"
            ],
            "proportion": 0.285728033983209
          },
          {
            "response": [
              "Essential"
            ],
            "proportion": 0.47654853370269057
          }
        ],
        "collapsed": [
          {
            "response": [
              "Not relevant",
              "Beneficial"
            ],
            "proportion": 0.23772343231410042
          },
          {
            "response": [
              "Important",
              "Essential"
            ],
            "proportion": 0.7622765676858997
          }
        ]
      }
    },
    {
      "wave": {
        "value": 8,
        "index": 1
      },
      "party": {
        "value": [
          "Independent",
          "Other"
        ],
        "index": 1
      },
      "responses": {
        "expanded": [
          {
            "response": [
              "Not relevant"
            ],
            "proportion": 0.05256641258770835
          },
          {
            "response": [
              "Beneficial"
            ],
            "proportion": 0.20021187238323582
          },
          {
            "response": [
              "Important"
            ],
            "proportion": 0.3249854283502929
          },
          {
            "response": [
              "Essential"
            ],
            "proportion": 0.42223628667876295
          }
        ],
        "collapsed": [
          {
            "response": [
              "Not relevant",
              "Beneficial"
            ],
            "proportion": 0.2527782849709441
          },
          {
            "response": [
              "Important",
              "Essential"
            ],
            "proportion": 0.7472217150290559
          }
        ]
      }
    },
    {
      "wave": {
        "value": 8,
        "index": 1
      },
      "party": {
        "value": [
          "Republican"
        ],
        "index": 2
      },
      "responses": {
        "expanded": [
          {
            "response": [
              "Not relevant"
            ],
            "proportion": 0.09465503007673651
          },
          {
            "response": [
              "Beneficial"
            ],
            "proportion": 0.1996903682284697
          },
          {
            "response": [
              "Important"
            ],
            "proportion": 0.40064093547866125
          },
          {
            "response": [
              "Essential"
            ],
            "proportion": 0.3050136662161325
          }
        ],
        "collapsed": [
          {
            "response": [
              "Not relevant",
              "Beneficial"
            ],
            "proportion": 0.2943453983052062
          },
          {
            "response": [
              "Important",
              "Essential"
            ],
            "proportion": 0.7056546016947938
          }
        ]
      }
    },
    {
      "wave": null,
      "party": null,
      "responses": {
        "expanded": [
          {
            "response": [
              "Not relevant"
            ],
            "proportion": 0.07562140766735709
          },
          {
            "response": [
              "Beneficial"
            ],
            "proportion": 0.1881608777563893
          },
          {
            "response": [
              "Important"
            ],
            "proportion": 0.3539374039903558
          },
          {
            "response": [
              "Essential"
            ],
            "proportion": 0.3822803105858979
          }
        ],
        "collapsed": [
          {
            "response": [
              "Not relevant",
              "Beneficial"
            ],
            "proportion": 0.2637822854237464
          },
          {
            "response": [
              "Important",
              "Essential"
            ],
            "proportion": 0.7362177145762536
          }
        ]
      }
    },
    {
      "wave": {
        "value": 14,
        "index": 2
      },
      "party": {
        "value": [
          "Democrat"
        ],
        "index": 0
      },
      "responses": {
        "expanded": [
          {
            "response": [
              "Not relevant"
            ],
            "proportion": 0.11555363248159788
          },
          {
            "response": [
              "Beneficial"
            ],
            "proportion": 0.15873160945370612
          },
          {
            "response": [
              "Important"
            ],
            "proportion": 0.37295579963342734
          },
          {
            "response": [
              "Essential"
            ],
            "proportion": 0.35275895843126875
          }
        ],
        "collapsed": [
          {
            "response": [
              "Not relevant",
              "Beneficial"
            ],
            "proportion": 0.274285241935304
          },
          {
            "response": [
              "Important",
              "Essential"
            ],
            "proportion": 0.7257147580646961
          }
        ]
      }
    },
    {
      "wave": {
        "value": 14,
        "index": 2
      },
      "party": {
        "value": [
          "Independent",
          "Other"
        ],
        "index": 1
      },
      "responses": {
        "expanded": [
          {
            "response": [
              "Not relevant"
            ],
            "proportion": 0.12220957631975587
          },
          {
            "response": [
              "Beneficial"
            ],
            "proportion": 0.12956939053348457
          },
          {
            "response": [
              "Important"
            ],
            "proportion": 0.29095865514020264
          },
          {
            "response": [
              "Essential"
            ],
            "proportion": 0.457262378006557
          }
        ],
        "collapsed": [
          {
            "response": [
              "Not relevant",
              "Beneficial"
            ],
            "proportion": 0.2517789668532404
          },
          {
            "response": [
              "Important",
              "Essential"
            ],
            "proportion": 0.7482210331467595
          }
        ]
      }
    },
    {
      "wave": {
        "value": 14,
        "index": 2
      },
      "party": {
        "value": [
          "Republican"
        ],
        "index": 2
      },
      "responses": {
        "expanded": [
          {
            "response": [
              "Not relevant"
            ],
            "proportion": 0.0661121042039008
          },
          {
            "response": [
              "Beneficial"
            ],
            "proportion": 0.20551350681129957
          },
          {
            "response": [
              "Important"
            ],
            "proportion": 0.3725036837523413
          },
          {
            "response": [
              "Essential"
            ],
            "proportion": 0.3558707052324584
          }
        ],
        "collapsed": [
          {
            "response": [
              "Not relevant",
              "Beneficial"
            ],
            "proportion": 0.2716256110152004
          },
          {
            "response": [
              "Important",
              "Essential"
            ],
            "proportion": 0.7283743889847998
          }
        ]
      }
    },
    {
      "wave": null,
      "party": null,
      "responses": {
        "expanded": [
          {
            "response": [
              "Not relevant"
            ],
            "proportion": 0.07562140766735709
          },
          {
            "response": [
              "Beneficial"
            ],
            "proportion": 0.1881608777563893
          },
          {
            "response": [
              "Important"
            ],
            "proportion": 0.3539374039903558
          },
          {
            "response": [
              "Essential"
            ],
            "proportion": 0.3822803105858979
          }
        ],
        "collapsed": [
          {
            "response": [
              "Not relevant",
              "Beneficial"
            ],
            "proportion": 0.2637822854237464
          },
          {
            "response": [
              "Important",
              "Essential"
            ],
            "proportion": 0.7362177145762536
          }
        ]
      }
    },
    {
      "wave": {
        "value": 23,
        "index": 3
      },
      "party": {
        "value": [
          "Democrat"
        ],
        "index": 0
      },
      "responses": {
        "expanded": [
          {
            "response": [
              "Not relevant"
            ],
            "proportion": 0.07998373632980237
          },
          {
            "response": [
              "Beneficial"
            ],
            "proportion": 0.19037503712908102
          },
          {
            "response": [
              "Important"
            ],
            "proportion": 0.34233360308354865
          },
          {
            "response": [
              "Essential"
            ],
            "proportion": 0.387307623457568
          }
        ],
        "collapsed": [
          {
            "response": [
              "Not relevant",
              "Beneficial"
            ],
            "proportion": 0.27035877345888343
          },
          {
            "response": [
              "Important",
              "Essential"
            ],
            "proportion": 0.7296412265411165
          }
        ]
      }
    },
    {
      "wave": {
        "value": 23,
        "index": 3
      },
      "party": {
        "value": [
          "Independent",
          "Other"
        ],
        "index": 1
      },
      "responses": {
        "expanded": [
          {
            "response": [
              "Not relevant"
            ],
            "proportion": 0.040400827254215024
          },
          {
            "response": [
              "Beneficial"
            ],
            "proportion": 0.24003977758306427
          },
          {
            "response": [
              "Important"
            ],
            "proportion": 0.3599575431586128
          },
          {
            "response": [
              "Essential"
            ],
            "proportion": 0.3596018520041078
          }
        ],
        "collapsed": [
          {
            "response": [
              "Not relevant",
              "Beneficial"
            ],
            "proportion": 0.2804406048372793
          },
          {
            "response": [
              "Important",
              "Essential"
            ],
            "proportion": 0.7195593951627206
          }
        ]
      }
    },
    {
      "wave": {
        "value": 23,
        "index": 3
      },
      "party": {
        "value": [
          "Republican"
        ],
        "index": 2
      },
      "responses": {
        "expanded": [
          {
            "response": [
              "Not relevant"
            ],
            "proportion": 0.04027208020437532
          },
          {
            "response": [
              "Beneficial"
            ],
            "proportion": 0.3067564933709407
          },
          {
            "response": [
              "Important"
            ],
            "proportion": 0.3719991745813903
          },
          {
            "response": [
              "Essential"
            ],
            "proportion": 0.28097225184329366
          }
        ],
        "collapsed": [
          {
            "response": [
              "Not relevant",
              "Beneficial"
            ],
            "proportion": 0.347028573575316
          },
          {
            "response": [
              "Important",
              "Essential"
            ],
            "proportion": 0.652971426424684
          }
        ]
      }
    },
    {
      "wave": null,
      "party": null,
      "responses": {
        "expanded": [
          {
            "response": [
              "Not relevant"
            ],
            "proportion": 0.07562140766735709
          },
          {
            "response": [
              "Beneficial"
            ],
            "proportion": 0.1881608777563893
          },
          {
            "response": [
              "Important"
            ],
            "proportion": 0.3539374039903558
          },
          {
            "response": [
              "Essential"
            ],
            "proportion": 0.3822803105858979
          }
        ],
        "collapsed": [
          {
            "response": [
              "Not relevant",
              "Beneficial"
            ],
            "proportion": 0.2637822854237464
          },
          {
            "response": [
              "Important",
              "Essential"
            ],
            "proportion": 0.7362177145762536
          }
        ]
      }
    },
    {
      "wave": null,
      "party": null,
      "responses": {
        "expanded": [
          {
            "response": [
              "Not relevant"
            ],
            "proportion": 0.07562140766735709
          },
          {
            "response": [
              "Beneficial"
            ],
            "proportion": 0.1881608777563893
          },
          {
            "response": [
              "Important"
            ],
            "proportion": 0.3539374039903558
          },
          {
            "response": [
              "Essential"
            ],
            "proportion": 0.3822803105858979
          }
        ],
        "collapsed": [
          {
            "response": [
              "Not relevant",
              "Beneficial"
            ],
            "proportion": 0.2637822854237464
          },
          {
            "response": [
              "Important",
              "Essential"
            ],
            "proportion": 0.7362177145762536
          }
        ]
      }
    },
    {
      "wave": null,
      "party": null,
      "responses": {
        "expanded": [
          {
            "response": [
              "Not relevant"
            ],
            "proportion": 0.07562140766735709
          },
          {
            "response": [
              "Beneficial"
            ],
            "proportion": 0.1881608777563893
          },
          {
            "response": [
              "Important"
            ],
            "proportion": 0.3539374039903558
          },
          {
            "response": [
              "Essential"
            ],
            "proportion": 0.3822803105858979
          }
        ],
        "collapsed": [
          {
            "response": [
              "Not relevant",
              "Beneficial"
            ],
            "proportion": 0.2637822854237464
          },
          {
            "response": [
              "Important",
              "Essential"
            ],
            "proportion": 0.7362177145762536
          }
        ]
      }
    },
    {
      "wave": null,
      "party": null,
      "responses": {
        "expanded": [
          {
            "response": [
              "Not relevant"
            ],
            "proportion": 0.07562140766735709
          },
          {
            "response": [
              "Beneficial"
            ],
            "proportion": 0.1881608777563893
          },
          {
            "response": [
              "Important"
            ],
            "proportion": 0.3539374039903558
          },
          {
            "response": [
              "Essential"
            ],
            "proportion": 0.3822803105858979
          }
        ],
        "collapsed": [
          {
            "response": [
              "Not relevant",
              "Beneficial"
            ],
            "proportion": 0.2637822854237464
          },
          {
            "response": [
              "Important",
              "Essential"
            ],
            "proportion": 0.7362177145762536
          }
        ]
      }
    },
    {
      "wave": null,
      "party": null,
      "responses": {
        "expanded": [
          {
            "response": [
              "Not relevant"
            ],
            "proportion": 0.07562140766735709
          },
          {
            "response": [
              "Beneficial"
            ],
            "proportion": 0.1881608777563893
          },
          {
            "response": [
              "Important"
            ],
            "proportion": 0.3539374039903558
          },
          {
            "response": [
              "Essential"
            ],
            "proportion": 0.3822803105858979
          }
        ],
        "collapsed": [
          {
            "response": [
              "Not relevant",
              "Beneficial"
            ],
            "proportion": 0.2637822854237464
          },
          {
            "response": [
              "Important",
              "Essential"
            ],
            "proportion": 0.7362177145762536
          }
        ]
      }
    }
  ]
}