{
  "characteristic_name": "election_fraud",
  "col_idx": 13,
  "in_waves": [
    3,
    8,
    14,
    23
  ],
  "splits": [
    {
      "wave": {
        "value": 3,
        "index": 0
      },
      "party": {
        "value": [
          "Democrat"
        ],
        "index": 0
      },
      "responses": {
        "expanded": [
          {
            "response": [
              "Not relevant"
            ],
            "proportion": 0.035085957571000595
          },
          {
            "response": [
              "Beneficial"
            ],
            "proportion": 0.07680189648673037
          },
          {
            "response": [
              "Important"
            ],
            "proportion": 0.12945863921379808
          },
          {
            "response": [
              "Essential"
            ],
            "proportion": 0.758653506728471
          }
        ],
        "collapsed": [
          {
            "response": [
              "Not relevant",
              "Beneficial"
            ],
            "proportion": 0.111887854057731
          },
          {
            "response": [
              "Important",
              "Essential"
            ],
            "proportion": 0.888112145942269
          }
        ]
      }
    },
    {
      "wave": {
        "value": 3,
        "index": 0
      },
      "party": {
        "value": [
          "Independent",
          "Other"
        ],
        "index": 1
      },
      "responses": {
        "expanded": [
          {
            "response": [
              "Not relevant"
            ],
            "proportion": 0.031239370049547212
          },
          {
            "response": [
              "Beneficial"
            ],
            "proportion": 0.0632253617609695
          },
          {
            "response": [
              "Important"
            ],
            "proportion": 0.1089319971320769
          },
          {
            "response": [
              "Essential"
            ],
            "proportion": 0.7966032710574066
          }
        ],
        "collapsed": [
          {
            "response": [
              "Not relevant",
              "Beneficial"
            ],
            "proportion": 0.0944647318105167
          },
          {
            "response": [
              "Important",
              "Essential"
            ],
            "proportion": 0.9055352681894833
          }
        ]
      }
    },
    {
      "wave": {
        "value": 3,
        "index": 0
      },
      "party": {
        "value": [
          "Republican"
        ],
        "index": 2
      },
      "responses": {
        "expanded": [
          {
            "response": [
              "Not relevant"
            ],
            "proportion": 0.033278064383788095
          },
          {
            "response": [
              "Beneficial"
            ],
            "proportion": 0.07916260085174162
          },
          {
            "response": [
              "Important"
            ],
            "proportion": 0.22651413839427206
          },
          {
            "response": [
              "Essential"
            ],
            "proportion": 0.6610451963701981
          }
        ],
        "collapsed": [
          {
            "response": [
              "Not relevant",
              "Beneficial"
            ],
            "proportion": 0.11244066523552969
          },
          {
            "response": [
              "Important",
              "Essential"
            ],
            "proportion": 0.8875593347644704
          }
        ]
      }
    },
    {
      "wave": null,
      "party": null,
      "responses": {
        "expanded": [
          {
            "response": [
              "Not relevant"
            ],
            "proportion": 0.03401703816863347
          },
          {
            "response": [
              "Beneficial"
            ],
            "proportion": 0.06806762783914128
          },
          {
            "response": [
              "Important"
            ],
            "proportion": 0.15917341242600552
          },
          {
            "response": [
              "Essential"
            ],
            "proportion": 0.7387419215662199
          }
        ],
        "collapsed": [
          {
            "response": [
              "Not relevant",
              "Beneficial"
            ],
            "proportion": 0.10208466600777476
          },
          {
            "response": [
              "Important",
              "Essential"
            ],
            "proportion": 0.8979153339922255
          }
        ]
      }
    },
    {
      "wave": {
        "value": 8,
        "index": 1
      },
      "party": {
        "value": [
          "Democrat"
        ],
        "index": 0
      },
      "responses": {
        "expanded": [
          {
            "response": [
              "Not relevant"
            ],
            "proportion": 0.033040610688097646
          },
          {
            "response": [
              "Beneficial"
            ],
            "proportion": 0.10227428658444908
          },
          {
            "response": [
              "Important"
            ],
            "proportion": 0.17492175017652345
          },
          {
            "response": [
              "Essential"
            ],
            "proportion": 0.68976335255093
          }
        ],
        "collapsed": [
          {
            "response": [
              "Not relevant",
              "Beneficial"
            ],
            "proportion": 0.1353148972725467
          },
          {
            "response": [
              "Important",
              "Essential"
            ],
            "proportion": 0.8646851027274534
          }
        ]
      }
    },
    {
      "wave": {
        "value": 8,
        "index": 1
      },
      "party": {
        "value": [
          "Independent",
          "Other"
        ],
        "index": 1
      },
      "responses": {
        "expanded": [
          {
            "response": [
              "Not relevant"
            ],
            "proportion": 0.03295084541287
          },
          {
            "response": [
              "Beneficial"
            ],
            "proportion": 0.04039487793260897
          },
          {
            "response": [
              "Important"
            ],
            "proportion": 0.10817983893773
          },
          {
            "response": [
              "Essential"
            ],
            "proportion": 0.8184744377167913
          }
        ],
        "collapsed": [
          {
            "response": [
              "Not relevant",
              "Beneficial"
            ],
            "proportion": 0.07334572334547895
          },
          {
            "response": [
              "Important",
              "Essential"
            ],
            "proportion": 0.9266542766545212
          }
        ]
      }
    },
    {
      "wave": {
        "value": 8,
        "index": 1
      },
      "party": {
        "value": [
          "Republican"
        ],
        "index": 2
      },
      "responses": {
        "expanded": [
          {
            "response": [
              "Not relevant"
            ],
            "proportion": 0.02649190210110776
          },
          {
            "response": [
              "Beneficial"
            ],
            "proportion": 0.06099967115919457
          },
          {
            "response": [
              "Important"
            ],
            "proportion": 0.278442378679484
          },
          {
            "response": [
              "Essential"
            ],
            "proportion": 0.6340660480602136
          }
        ],
        "collapsed": [
          {
            "response": [
              "Not relevant",
              "Beneficial"
            ],
            "proportion": 0.08749157326030235
          },
          {
            "response": [
              "Important",
              "Essential"
            ],
            "proportion": 0.9125084267396977
          }
        ]
      }
    },
    {
      "wave": null,
      "party": null,
      "responses": {
        "expanded": [
          {
            "response": [
              "Not relevant"
            ],
            "proportion": 0.03401703816863347
          },
          {
            "response": [
              "Beneficial"
            ],
            "proportion": 0.06806762783914128
          },
          {
            "response": [
              "Important"
            ],
            "proportion": 0.15917341242600552
          },
          {
            "response": [
              "Essential"
            ],
            "proportion": 0.7387419215662199
          }
        ],
        "collapsed": [
          {
            "response": [
              "Not relevant",
              "Beneficial"
            ],
            "proportion": 0.10208466600777476
          },
          {
            "response": [
              "Important",
              "Essential"
            ],
            "proportion": 0.8979153339922255
          }
        ]
      }
    },
    {
      "wave": {
        "value": 14,
        "index": 2
      },
      "party": {
        "value": [
          "Democrat"
        ],
        "index": 0
      },
      "responses": {
        "expanded": [
          {
            "response": [
              "Not relevant"
            ],
            "proportion": 0.0779315601871271
          },
          {
            "response": [
              "Beneficial"
            ],
            "proportion": 0.03451856101766931
          },
          {
            "response": [
              "Important"
            ],
            "proportion": 0.09807099127397462
          },
          {
            "response": [
              "Essential"
            ],
            "proportion": 0.789478887521229
          }
        ],
        "collapsed": [
          {
            "response": [
              "Not relevant",
              "Beneficial"
            ],
            "proportion": 0.11245012120479642
          },
          {
            "response": [
              "Important",
              "Essential"
            ],
            "proportion": 0.8875498787952035
          }
        ]
      }
    },
    {
      "wave": {
        "value": 14,
        "index": 2
      },
      "party": {
        "value": [
          "Independent",
          "Other"
        ],
        "index": 1
      },
      "responses": {
        "expanded": [
          {
            "response": [
              "Not relevant"
            ],
            "proportion": 0.042960857641129696
          },
          {
            "response": [
              "Beneficial"
            ],
            "proportion": 0.05985009338246481
          },
          {
            "response": [
              "Important"
            ],
            "proportion": 0.1217566641932756
          },
          {
            "response": [
              "Essential"
            ],
            "proportion": 0.7754323847831299
          }
        ],
        "collapsed": [
          {
            "response": [
              "Not relevant",
              "Beneficial"
            ],
            "proportion": 0.10281095102359451
          },
          {
            "response": [
              "Important",
              "Essential"
            ],
            "proportion": 0.8971890489764056
          }
        ]
      }
    },
    {
      "wave": {
        "value": 14,
        "index": 2
      },
      "party": {
        "value": [
          "Republican"
        ],
        "index": 2
      },
      "responses": {
        "expanded": [
          {
            "response": [
              "Not relevant"
            ],
            "proportion": 0.01356439990805924
          },
          {
            "response": [
              "Beneficial"
            ],
            "proportion": 0.021342010241209162
          },
          {
            "response": [
              "Important"
            ],
            "proportion": 0.06647949367132742
          },
          {
            "response": [
              "Essential"
            ],
            "proportion": 0.8986140961794044
          }
        ],
        "collapsed": [
          {
            "response": [
              "Not relevant",
              "Beneficial"
            ],
            "proportion": 0.0349064101492684
          },
          {
            "response": [
              "Important",
              "Essential"
            ],
            "proportion": 0.9650935898507315
          }
        ]
      }
    },
    {
      "wave": null,
      "party": null,
      "responses": {
        "expanded": [
          {
            "response": [
              "Not relevant"
            ],
            "proportion": 0.03401703816863347
          },
          {
            "response": [
              "Beneficial"
            ],
            "proportion": 0.06806762783914128
          },
          {
            "response": [
              "Important"
            ],
            "proportion": 0.15917341242600552
          },
          {
            "response": [
              "Essential"
            ],
            "proportion": 0.7387419215662199
          }
        ],
        "collapsed": [
          {
            "response": [
              "Not relevant",
              "Beneficial"
            ],
            "proportion": 0.10208466600777476
          },
          {
            "response": [
              "Important",
              "Essential"
            ],
            "proportion": 0.8979153339922255
          }
        ]
      }
    },
    {
      "wave": {
        "value": 23,
        "index": 3
      },
      "party": {
        "value": [
          "Democrat"
        ],
        "index": 0
      },
      "responses": {
        "expanded": [
          {
            "response": [
              "Not relevant"
            ],
            "proportion": 0.019976797463940262
          },
          {
            "response": [
              "Beneficial"
            ],
            "proportion": 0.11423394166256497
          },
          {
            "response": [
              "Important"
            ],
            "proportion": 0.1858154158196141
          },
          {
            "response": [
              "Essential"
            ],
            "proportion": 0.6799738450538807
          }
        ],
        "collapsed": [
          {
            "response": [
              "Not relevant",
              "Beneficial"
            ],
            "proportion": 0.13421073912650522
          },
          {
            "response": [
              "Important",
              "Essential"
            ],
            "proportion": 0.8657892608734946
          }
        ]
      }
    },
    {
      "wave": {
        "value": 23,
        "index": 3
      },
      "party": {
        "value": [
          "Independent",
          "Other"
        ],
        "index": 1
      },
      "responses": {
        "expanded": [
          {
            "response": [
              "Not relevant"
            ],
            "proportion": 0.02030542041434996
          },
          {
            "response": [
              "Beneficial"
            ],
            "proportion": 0.029730356837940126
          },
          {
            "response": [
              "Important"
            ],
            "proportion": 0.15179680215497013
          },
          {
            "response": [
              "Essential"
            ],
            "proportion": 0.7981674205927398
          }
        ],
        "collapsed": [
          {
            "response": [
              "Not relevant",
              "Beneficial"
            ],
            "proportion": 0.05003577725229009
          },
          {
            "response": [
              "Important",
              "Essential"
            ],
            "proportion": 0.9499642227477099
          }
        ]
      }
    },
    {
      "wave": {
        "value": 23,
        "index": 3
      },
      "party": {
        "value": [
          "Republican"
        ],
        "index": 2
      },
      "responses": {
        "expanded": [
          {
            "response": [
              "Not relevant"
            ],
            "proportion": 0.05533449576888607
          },
          {
            "response": [
              "Beneficial"
            ],
            "proportion": 0.07356878778701499
          },
          {
            "response": [
              "Important"
            ],
            "proportion": 0.18878519060397717
          },
          {
            "response": [
              "Essential"
            ],
            "proportion": 0.6823115258401218
          }
        ],
        "collapsed": [
          {
            "response": [
              "Not relevant",
              "Beneficial"
            ],
            "proportion": 0.12890328355590105
          },
          {
            "response": [
              "Important",
              "Essential"
            ],
            "proportion": 0.8710967164440991
          }
        ]
      }
    },
    {
      "wave": null,
      "party": null,
      "responses": {
        "expanded": [
          {
            "response": [
              "Not relevant"
            ],
            "proportion": 0.03401703816863347
          },
          {
            "response": [
              "Beneficial"
            ],
            "proportion": 0.06806762783914128
          },
          {
            "response": [
              "Important"
            ],
            "proportion": 0.15917341242600552
          },
          {
            "response": [
              "Essential"
            ],
            "proportion": 0.7387419215662199
          }
        ],
        "collapsed": [
          {
            "response": [
              "Not relevant",
              "Beneficial"
            ],
            "proportion": 0.10208466600777476
          },
          {
            "response": [
              "Important",
              "Essential"
            ],
            "proportion": 0.8979153339922255
          }
        ]
      }
    },
    {
      "wave": null,
      "party": null,
      "responses": {
        "expanded": [
          {
            "response": [
              "Not relevant"
            ],
            "proportion": 0.03401703816863347
          },
          {
            "response": [
              "Beneficial"
            ],
            "proportion": 0.06806762783914128
          },
          {
            "response": [
              "Important"
            ],
            "proportion": 0.15917341242600552
          },
          {
            "response": [
              "Essential"
            ],
            "proportion": 0.7387419215662199
          }
        ],
        "collapsed": [
          {
            "response": [
              "Not relevant",
              "Beneficial"
            ],
            "proportion": 0.10208466600777476
          },
          {
            "response": [
              "Important",
              "Essential"
            ],
            "proportion": 0.8979153339922255
          }
        ]
      }
    },
    {
      "wave": null,
      "party": null,
      "responses": {
        "expanded": [
          {
            "response": [
              "Not relevant"
            ],
            "proportion": 0.03401703816863347
          },
          {
            "response": [
              "Beneficial"
            ],
            "proportion": 0.06806762783914128
          },
          {
            "response": [
              "Important"
            ],
            "proportion": 0.15917341242600552
          },
          {
            "response": [
              "Essential"
            ],
            "proportion": 0.7387419215662199
          }
        ],
        "collapsed": [
          {
            "response": [
              "Not relevant",
              "Beneficial"
            ],
            "proportion": 0.10208466600777476
          },
          {
            "response": [
              "Important",
              "Essential"
            ],
            "proportion": 0.8979153339922255
          }
        ]
      }
    },
    {
      "wave": null,
      "party": null,
      "responses": {
        "expanded": [
          {
            "response": [
              "Not relevant"
            ],
            "proportion": 0.03401703816863347
          },
          {
            "response": [
              "Beneficial"
            ],
            "proportion": 0.06806762783914128
          },
          {
            "response": [
              "Important"
            ],
            "proportion": 0.15917341242600552
          },
          {
            "response": [
              "Essential"
            ],
            "proportion": 0.7387419215662199
          }
        ],
        "collapsed": [
          {
            "response": [
              "Not relevant",
              "Beneficial"
            ],
            "proportion": 0.10208466600777476
          },
          {
            "response": [
              "Important",
              "Essential"
            ],
            "proportion": 0.8979153339922255
          }
        ]
      }
    },
    {
      "wave": null,
      "party": null,
      "responses": {
        "expanded": [
          {
            "response": [
              "Not relevant"
            ],
            "proportion": 0.03401703816863347
          },
          {
            "response": [
              "Beneficial"
            ],
            "proportion": 0.06806762783914128
          },
          {
            "response": [
              "Important"
            ],
            "proportion": 0.15917341242600552
          },
          {
            "response": [
              "Essential"
            ],
            "proportion": 0.7387419215662199
          }
        ],
        "collapsed": [
          {
            "response": [
              "Not relevant",
              "Beneficial"
            ],
            "proportion": 0.10208466600777476
          },
          {
            "response": [
              "Important",
              "Essential"
            ],
            "proportion": 0.8979153339922255
          }
        ]
      }
    }
  ]
}