{
  "characteristic_name": "equal_enforce",
  "col_idx": 37,
  "in_waves": [
    14,
    23
  ],
  "splits": [
    {
      "wave": {
        "value": 3,
        "index": 0
      },
      "party": {
        "value": [
          "Democrat"
        ],
        "index": 0
      },
      "responses": null
    },
    {
      "wave": {
        "value": 3,
        "index": 0
      },
      "party": {
        "value": [
          "Independent",
          "Other"
        ],
        "index": 1
      },
      "responses": null
    },
    {
      "wave": {
        "value": 3,
        "index": 0
      },
      "party": {
        "value": [
          "Republican"
        ],
        "index": 2
      },
      "responses": null
    },
    {
      "wave": null,
      "party": null,
      "responses": {
        "expanded": [
          {
            "response": [
              "Not relevant"
            ],
            "proportion": 0.024687632747330594
          },
          {
            "response": [
              "Beneficial"
            ],
            "proportion": 0.04815481787917288
          },
          {
            "response": [
              "Important"
            ],
            "proportion": 0.19565799269073725
          },
          {
            "response": [
              "Essential"
            ],
            "proportion": 0.7314995566827592
          }
        ],
        "collapsed": [
          {
            "response": [
              "Not relevant",
              "Beneficial"
            ],
            "proportion": 0.07284245062650346
          },
          {
            "response": [
              "Important",
              "Essential"
            ],
            "proportion": 0.9271575493734965
          }
        ]
      }
    },
    {
      "wave": {
        "value": 8,
        "index": 1
      },
      "party": {
        "value": [
          "Democrat"
        ],
        "index": 0
      },
      "responses": null
    },
    {
      "wave": {
        "value": 8,
        "index": 1
      },
      "party": {
        "value": [
          "Independent",
          "Other"
        ],
        "index": 1
      },
      "responses": null
    },
    {
      "wave": {
        "value": 8,
        "index": 1
      },
      "party": {
        "value": [
          "Republican"
        ],
        "index": 2
      },
      "responses": null
    },
    {
      "wave": null,
      "party": null,
      "responses": {
        "expanded": [
          {
            "response": [
              "Not relevant"
            ],
            "proportion": 0.024687632747330594
          },
          {
            "response": [
              "Beneficial"
            ],
            "proportion": 0.04815481787917288
          },
          {
            "response": [
              "Important"
            ],
            "proportion": 0.19565799269073725
          },
          {
            "response": [
              "Essential"
            ],
            "proportion": 0.7314995566827592
          }
        ],
        "collapsed": [
          {
            "response": [
              "Not relevant",
              "Beneficial"
            ],
            "proportion": 0.07284245062650346
          },
          {
            "response": [
              "Important",
              "Essential"
            ],
            "proportion": 0.9271575493734965
          }
        ]
      }
    },
    {
      "wave": {
        "value": 14,
        "index": 2
      },
      "party": {
        "value": [
          "Democrat"
        ],
        "index": 0
      },
      "responses": {
        "expanded": [
          {
            "response": [
              "Not relevant"
            ],
            "proportion": 0.0020263019072881273
          },
          {
            "response": [
              "Beneficial"
            ],
            "proportion": 0.043771151275893386
          },
          {
            "response": [
              "Important"
            ],
            "proportion": 0.18204134790084406
          },
          {
            "response": [
              "Essential"
            ],
            "proportion": 0.7721611989159742
          }
        ],
        "collapsed": [
          {
            "response": [
              "Not relevant",
              "Beneficial"
            ],
            "proportion": 0.04579745318318151
          },
          {
            "response": [
              "Important",
              "Essential"
            ],
            "proportion": 0.9542025468168183
          }
        ]
      }
    },
    {
      "wave": {
        "value": 14,
        "index": 2
      },
      "party": {
        "value": [
          "Independent",
          "Other"
        ],
        "index": 1
      },
      "responses": {
        "expanded": [
          {
            "response": [
              "Not relevant"
            ],
            "proportion": 0.008147885739342248
          },
          {
            "response": [
              "Beneficial"
            ],
            "proportion": 0.03475066170276991
          },
          {
            "response": [
              "Important"
            ],
            "proportion": 0.17868994254438358
          },
          {
            "response": [
              "Essential"
            ],
            "proportion": 0.7784115100135044
          }
        ],
        "collapsed": [
          {
            "response": [
              "Not relevant",
              "Beneficial"
            ],
            "proportion": 0.04289854744211216
          },
          {
            "response": [
              "Important",
              "Essential"
            ],
            "proportion": 0.9571014525578879
          }
        ]
      }
    },
    {
      "wave": {
        "value": 14,
        "index": 2
      },
      "party": {
        "value": [
          "Republican"
        ],
        "index": 2
      },
      "responses": {
        "expanded": [
          {
            "response": [
              "Not relevant"
            ],
            "proportion": 0.039669138608180526
          },
          {
            "response": [
              "Beneficial"
            ],
            "proportion": 0.07184951109991627
          },
          {
            "response": [
              "Important"
            ],
            "proportion": 0.20475641648332055
          },
          {
            "response": [
              "Essential"
            ],
            "proportion": 0.6837249338085828
          }
        ],
        "collapsed": [
          {
            "response": [
              "Not relevant",
              "Beneficial"
            ],
            "proportion": 0.11151864970809679
          },
          {
            "response": [
              "Important",
              "Essential"
            ],
            "proportion": 0.8884813502919034
          }
        ]
      }
    },
    {
      "wave": null,
      "party": null,
      "responses": {
        "expanded": [
          {
            "response": [
              "Not relevant"
            ],
            "proportion": 0.024687632747330594
          },
          {
            "response": [
              "Beneficial"
            ],
            "proportion": 0.04815481787917288
          },
          {
            "response": [
              "Important"
            ],
            "proportion": 0.19565799269073725
          },
          {
            "response": [
              "Essential"
            ],
            "proportion": 0.7314995566827592
          }
        ],
        "collapsed": [
          {
            "response": [
              "Not relevant",
              "Beneficial"
            ],
            "proportion": 0.07284245062650346
          },
          {
            "response": [
              "Important",
              "Essential"
            ],
            "proportion": 0.9271575493734965
          }
        ]
      }
    },
    {
      "wave": {
        "value": 23,
        "index": 3
      },
      "party": {
        "value": [
          "Democrat"
        ],
        "index": 0
      },
      "responses": {
        "expanded": [
          {
            "response": [
              "Not relevant"
            ],
            "proportion": 0.025168466267950933
          },
          {
            "response": [
              "Beneficial"
            ],
            "proportion": 0.04811062937762352
          },
          {
            "response": [
              "Important"
            ],
            "proportion": 0.19343488248910937
          },
          {
            "response": [
              "Essential"
            ],
            "proportion": 0.7332860218653161
          }
        ],
        "collapsed": [
          {
            "response": [
              "Not relevant",
              "Beneficial"
            ],
            "proportion": 0.07327909564557443
          },
          {
            "response": [
              "Important",
              "Essential"
            ],
            "proportion": 0.9267209043544256
          }
        ]
      }
    },
    {
      "wave": {
        "value": 23,
        "index": 3
      },
      "party": {
        "value": [
          "Independent",
          "Other"
        ],
        "index": 1
      },
      "responses": {
        "expanded": [
          {
            "response": [
              "Not relevant"
            ],
            "proportion": 0.04107549527751327
          },
          {
            "response": [
              "Beneficial"
            ],
            "proportion": 0.059129295378720276
          },
          {
            "response": [
              "Important"
            ],
            "proportion": 0.1876093112549215
          },
          {
            "response": [
              "Essential"
            ],
            "proportion": 0.7121858980888448
          }
        ],
        "collapsed": [
          {
            "response": [
              "Not relevant",
              "Beneficial"
            ],
            "proportion": 0.10020479065623354
          },
          {
            "response": [
              "Important",
              "Essential"
            ],
            "proportion": 0.8997952093437664
          }
        ]
      }
    },
    {
      "wave": {
        "value": 23,
        "index": 3
      },
      "party": {
        "value": [
          "Republican"
        ],
        "index": 2
      },
      "responses": {
        "expanded": [
          {
            "response": [
              "Not relevant"
            ],
            "proportion": 0.04989010232640445
          },
          {
            "response": [
              "Beneficial"
            ],
            "proportion": 0.040238487366055495
          },
          {
            "response": [
              "Important"
            ],
            "proportion": 0.24702292188581734
          },
          {
            "response": [
              "Essential"
            ],
            "proportion": 0.6628484884217228
          }
        ],
        "collapsed": [
          {
            "response": [
              "Not relevant",
              "Beneficial"
            ],
            "proportion": 0.09012858969245993
          },
          {
            "response": [
              "Important",
              "Essential"
            ],
            "proportion": 0.9098714103075403
          }
        ]
      }
    },
    {
      "wave": null,
      "party": null,
      "responses": {
        "expanded": [
          {
            "response": [
              "Not relevant"
            ],
            "proportion": 0.024687632747330594
          },
          {
            "response": [
              "Beneficial"
            ],
            "proportion": 0.04815481787917288
          },
          {
            "response": [
              "Important"
            ],
            "proportion": 0.19565799269073725
          },
          {
            "response": [
              "Essential"
            ],
            "proportion": 0.7314995566827592
          }
        ],
        "collapsed": [
          {
            "response": [
              "Not relevant",
              "Beneficial"
            ],
            "proportion": 0.07284245062650346
          },
          {
            "response": [
              "Important",
              "Essential"
            ],
            "proportion": 0.9271575493734965
          }
        ]
      }
    },
    {
      "wave": null,
      "party": null,
      "responses": {
        "expanded": [
          {
            "response": [
              "Not relevant"
            ],
            "proportion": 0.024687632747330594
          },
          {
            "response": [
              "Beneficial"
            ],
            "proportion": 0.04815481787917288
          },
          {
            "response": [
              "Important"
            ],
            "proportion": 0.19565799269073725
          },
          {
            "response": [
              "Essential"
            ],
            "proportion": 0.7314995566827592
          }
        ],
        "collapsed": [
          {
            "response": [
              "Not relevant",
              "Beneficial"
            ],
            "proportion": 0.07284245062650346
          },
          {
            "response": [
              "Important",
              "Essential"
            ],
            "proportion": 0.9271575493734965
          }
        ]
      }
    },
    {
      "wave": null,
      "party": null,
      "responses": {
        "expanded": [
          {
            "response": [
              "Not relevant"
            ],
            "proportion": 0.024687632747330594
          },
          {
            "response": [
              "Beneficial"
            ],
            "proportion": 0.04815481787917288
          },
          {
            "response": [
              "Important"
            ],
            "proportion": 0.19565799269073725
          },
          {
            "response": [
              "Essential"
            ],
            "proportion": 0.7314995566827592
          }
        ],
        "collapsed": [
          {
            "response": [
              "Not relevant",
              "Beneficial"
            ],
            "proportion": 0.07284245062650346
          },
          {
            "response": [
              "Important",
              "Essential"
            ],
            "proportion": 0.9271575493734965
          }
        ]
      }
    },
    {
      "wave": null,
      "party": null,
      "responses": {
        "expanded": [
          {
            "response": [
              "Not relevant"
            ],
            "proportion": 0.024687632747330594
          },
          {
            "response": [
              "Beneficial"
            ],
            "proportion": 0.04815481787917288
          },
          {
            "response": [
              "Important"
            ],
            "proportion": 0.19565799269073725
          },
          {
            "response": [
              "Essential"
            ],
            "proportion": 0.7314995566827592
          }
        ],
        "collapsed": [
          {
            "response": [
              "Not relevant",
              "Beneficial"
            ],
            "proportion": 0.07284245062650346
          },
          {
            "response": [
              "Important",
              "Essential"
            ],
            "proportion": 0.9271575493734965
          }
        ]
      }
    },
    {
      "wave": null,
      "party": null,
      "responses": {
        "expanded": [
          {
            "response": [
              "Not relevant"
            ],
            "proportion": 0.024687632747330594
          },
          {
            "response": [
              "Beneficial"
            ],
            "proportion": 0.04815481787917288
          },
          {
            "response": [
              "Important"
            ],
            "proportion": 0.19565799269073725
          },
          {
            "response": [
              "Essential"
            ],
            "proportion": 0.7314995566827592
          }
        ],
        "collapsed": [
          {
            "response": [
              "Not relevant",
              "Beneficial"
            ],
            "proportion": 0.07284245062650346
          },
          {
            "response": [
              "Important",
              "Essential"
            ],
            "proportion": 0.9271575493734965
          }
        ]
      }
    }
  ]
}