{
  "characteristic_name": "equal_rights",
  "col_idx": 4,
  "in_waves": [
    3,
    8,
    14,
    23
  ],
  "splits": [
    {
      "wave": {
        "value": 3,
        "index": 0
      },
      "party": {
        "value": [
          "Democrat"
        ],
        "index": 0
      },
      "responses": {
        "expanded": [
          {
            "response": [
              "Not relevant"
            ],
            "proportion": 0.038913464413094956
          },
          {
            "response": [
              "Beneficial"
            ],
            "proportion": 0.12587615280805034
          },
          {
            "response": [
              "Important"
            ],
            "proportion": 0.20222634784461013
          },
          {
            "response": [
              "Essential"
            ],
            "proportion": 0.6329840349342447
          }
        ],
        "collapsed": [
          {
            "response": [
              "Not relevant",
              "Beneficial"
            ],
            "proportion": 0.1647896172211453
          },
          {
            "response": [
              "Important",
              "Essential"
            ],
            "proportion": 0.8352103827788547
          }
        ]
      }
    },
    {
      "wave": {
        "value": 3,
        "index": 0
      },
      "party": {
        "value": [
          "Independent",
          "Other"
        ],
        "index": 1
      },
      "responses": {
        "expanded": [
          {
            "response": [
              "Not relevant"
            ],
            "proportion": 0.02877259317964519
          },
          {
            "response": [
              "Beneficial"
            ],
            "proportion": 0.07077361650293261
          },
          {
            "response": [
              "Important"
            ],
            "proportion": 0.17130760006272908
          },
          {
            "response": [
              "Essential"
            ],
            "proportion": 0.7291461902546932
          }
        ],
        "collapsed": [
          {
            "response": [
              "Not relevant",
              "Beneficial"
            ],
            "proportion": 0.09954620968257778
          },
          {
            "response": [
              "Important",
              "Essential"
            ],
            "proportion": 0.9004537903174222
          }
        ]
      }
    },
    {
      "wave": {
        "value": 3,
        "index": 0
      },
      "party": {
        "value": [
          "Republican"
        ],
        "index": 2
      },
      "responses": {
        "expanded": [
          {
            "response": [
              "Not relevant"
            ],
            "proportion": 0.04556594690789391
          },
          {
            "response": [
              "Beneficial"
            ],
            "proportion": 0.10470132168867666
          },
          {
            "response": [
              "Important"
            ],
            "proportion": 0.25884428275034027
          },
          {
            "response": [
              "Essential"
            ],
            "proportion": 0.5908884486530892
          }
        ],
        "collapsed": [
          {
            "response": [
              "Not relevant",
              "Beneficial"
            ],
            "proportion": 0.15026726859657055
          },
          {
            "response": [
              "Important",
              "Essential"
            ],
            "proportion": 0.8497327314034295
          }
        ]
      }
    },
    {
      "wave": null,
      "party": null,
      "responses": {
        "expanded": [
          {
            "response": [
              "Not relevant"
            ],
            "proportion": 0.039873156352539234
          },
          {
            "response": [
              "Beneficial"
            ],
            "proportion": 0.08460562401037641
          },
          {
            "response": [
              "Important"
            ],
            "proportion": 0.2267695881123048
          },
          {
            "response": [
              "Essential"
            ],
            "proportion": 0.6487516315247797
          }
        ],
        "collapsed": [
          {
            "response": [
              "Not relevant",
              "Beneficial"
            ],
            "proportion": 0.12447878036291564
          },
          {
            "response": [
              "Important",
              "Essential"
            ],
            "proportion": 0.8755212196370844
          }
        ]
      }
    },
    {
      "wave": {
        "value": 8,
        "index": 1
      },
      "party": {
        "value": [
          "Democrat"
        ],
        "index": 0
      },
      "responses": {
        "expanded": [
          {
            "response": [
              "Not relevant"
            ],
            "proportion": 0.03409544123043808
          },
          {
            "response": [
              "Beneficial"
            ],
            "proportion": 0.0646904225844063
          },
          {
            "response": [
              "Important"
            ],
            "proportion": 0.18304156675720673
          },
          {
            "response": [
              "Essential"
            ],
            "proportion": 0.7181725694279489
          }
        ],
        "collapsed": [
          {
            "response": [
              "Not relevant",
              "Beneficial"
            ],
            "proportion": 0.09878586381484439
          },
          {
            "response": [
              "Important",
              "Essential"
            ],
            "proportion": 0.9012141361851556
          }
        ]
      }
    },
    {
      "wave": {
        "value": 8,
        "index": 1
      },
      "party": {
        "value": [
          "Independent",
          "Other"
        ],
        "index": 1
      },
      "responses": {
        "expanded": [
          {
            "response": [
              "Not relevant"
            ],
            "proportion": 0.030581538660966735
          },
          {
            "response": [
              "Beneficial"
            ],
            "proportion": 0.0761255964778338
          },
          {
            "response": [
              "Important"
            ],
            "proportion": 0.20380011704415596
          },
          {
            "response": [
              "Essential"
            ],
            "proportion": 0.6894927478170434
          }
        ],
        "collapsed": [
          {
            "response": [
              "Not relevant",
              "Beneficial"
            ],
            "proportion": 0.10670713513880055
          },
          {
            "response": [
              "Important",
              "Essential"
            ],
            "proportion": 0.8932928648611995
          }
        ]
      }
    },
    {
      "wave": {
        "value": 8,
        "index": 1
      },
      "party": {
        "value": [
          "Republican"
        ],
        "index": 2
      },
      "responses": {
        "expanded": [
          {
            "response": [
              "Not relevant"
            ],
            "proportion": 0.07360143969041272
          },
          {
            "response": [
              "Beneficial"
            ],
            "proportion": 0.10464023690862008
          },
          {
            "response": [
              "Important"
            ],
            "proportion": 0.30769816472160727
          },
          {
            "response": [
              "Essential"
            ],
            "proportion": 0.51406015867936
          }
        ],
        "collapsed": [
          {
            "response": [
              "Not relevant",
              "Beneficial"
            ],
            "proportion": 0.17824167659903278
          },
          {
            "response": [
              "Important",
              "Essential"
            ],
            "proportion": 0.8217583234009672
          }
        ]
      }
    },
    {
      "wave": null,
      "party": null,
      "responses": {
        "expanded": [
          {
            "response": [
              "Not relevant"
            ],
            "proportion": 0.039873156352539234
          },
          {
            "response": [
              "Beneficial"
            ],
            "proportion": 0.08460562401037641
          },
          {
            "response": [
              "Important"
            ],
            "proportion": 0.2267695881123048
          },
          {
            "response": [
              "Essential"
            ],
            "proportion": 0.6487516315247797
          }
        ],
        "collapsed": [
          {
            "response": [
              "Not relevant",
              "Beneficial"
            ],
            "proportion": 0.12447878036291564
          },
          {
            "response": [
              "Important",
              "Essential"
            ],
            "proportion": 0.8755212196370844
          }
        ]
      }
    },
    {
      "wave": {
        "value": 14,
        "index": 2
      },
      "party": {
        "value": [
          "Democrat"
        ],
        "index": 0
      },
      "responses": {
        "expanded": [
          {
            "response": [
              "Not relevant"
            ],
            "proportion": 0.01926679551142949
          },
          {
            "response": [
              "Beneficial"
            ],
            "proportion": 0.06597276220811547
          },
          {
            "response": [
              "Important"
            ],
            "proportion": 0.23403017767335696
          },
          {
            "response": [
              "Essential"
            ],
            "proportion": 0.680730264607098
          }
        ],
        "collapsed": [
          {
            "response": [
              "Not relevant",
              "Beneficial"
            ],
            "proportion": 0.08523955771954496
          },
          {
            "response": [
              "Important",
              "Essential"
            ],
            "proportion": 0.914760442280455
          }
        ]
      }
    },
    {
      "wave": {
        "value": 14,
        "index": 2
      },
      "party": {
        "value": [
          "Independent",
          "Other"
        ],
        "index": 1
      },
      "responses": {
        "expanded": [
          {
            "response": [
              "Not relevant"
            ],
            "proportion": 0.06296762923598836
          },
          {
            "response": [
              "Beneficial"
            ],
            "proportion": 0.0697412908350172
          },
          {
            "response": [
              "Important"
            ],
            "proportion": 0.2130021207892884
          },
          {
            "response": [
              "Essential"
            ],
            "proportion": 0.6542889591397062
          }
        ],
        "collapsed": [
          {
            "response": [
              "Not relevant",
              "Beneficial"
            ],
            "proportion": 0.13270892007100557
          },
          {
            "response": [
              "Important",
              "Essential"
            ],
            "proportion": 0.8672910799289946
          }
        ]
      }
    },
    {
      "wave": {
        "value": 14,
        "index": 2
      },
      "party": {
        "value": [
          "Republican"
        ],
        "index": 2
      },
      "responses": {
        "expanded": [
          {
            "response": [
              "Not relevant"
            ],
            "proportion": 0.05652994706584481
          },
          {
            "response": [
              "Beneficial"
            ],
            "proportion": 0.03000054113374166
          },
          {
            "response": [
              "Important"
            ],
            "proportion": 0.293924837605459
          },
          {
            "response": [
              "Essential"
            ],
            "proportion": 0.6195446741949547
          }
        ],
        "collapsed": [
          {
            "response": [
              "Not relevant",
              "Beneficial"
            ],
            "proportion": 0.08653048819958647
          },
          {
            "response": [
              "Important",
              "Essential"
            ],
            "proportion": 0.9134695118004136
          }
        ]
      }
    },
    {
      "wave": null,
      "party": null,
      "responses": {
        "expanded": [
          {
            "response": [
              "Not relevant"
            ],
            "proportion": 0.039873156352539234
          },
          {
            "response": [
              "Beneficial"
            ],
            "proportion": 0.08460562401037641
          },
          {
            "response": [
              "Important"
            ],
            "proportion": 0.2267695881123048
          },
          {
            "response": [
              "Essential"
            ],
            "proportion": 0.6487516315247797
          }
        ],
        "collapsed": [
          {
            "response": [
              "Not relevant",
              "Beneficial"
            ],
            "proportion": 0.12447878036291564
          },
          {
            "response": [
              "Important",
              "Essential"
            ],
            "proportion": 0.8755212196370844
          }
        ]
      }
    },
    {
      "wave": {
        "value": 23,
        "index": 3
      },
      "party": {
        "value": [
          "Democrat"
        ],
        "index": 0
      },
      "responses": {
        "expanded": [
          {
            "response": [
              "Not relevant"
            ],
            "proportion": 0.02858452939289809
          },
          {
            "response": [
              "Beneficial"
            ],
            "proportion": 0.08605372258923734
          },
          {
            "response": [
              "Important"
            ],
            "proportion": 0.2483878892897421
          },
          {
            "response": [
              "Essential"
            ],
            "proportion": 0.6369738587281226
          }
        ],
        "collapsed": [
          {
            "response": [
              "Not relevant",
              "Beneficial"
            ],
            "proportion": 0.11463825198213543
          },
          {
            "response": [
              "Important",
              "Essential"
            ],
            "proportion": 0.8853617480178646
          }
        ]
      }
    },
    {
      "wave": {
        "value": 23,
        "index": 3
      },
      "party": {
        "value": [
          "Independent",
          "Other"
        ],
        "index": 1
      },
      "responses": {
        "expanded": [
          {
            "response": [
              "Not relevant"
            ],
            "proportion": 0.05378412276119543
          },
          {
            "response": [
              "Beneficial"
            ],
            "proportion": 0.05891673967231898
          },
          {
            "response": [
              "Important"
            ],
            "proportion": 0.25424135180909835
          },
          {
            "response": [
              "Essential"
            ],
            "proportion": 0.6330577857573872
          }
        ],
        "collapsed": [
          {
            "response": [
              "Not relevant",
              "Beneficial"
            ],
            "proportion": 0.11270086243351442
          },
          {
            "response": [
              "Important",
              "Essential"
            ],
            "proportion": 0.8872991375664856
          }
        ]
      }
    },
    {
      "wave": {
        "value": 23,
        "index": 3
      },
      "party": {
        "value": [
          "Republican"
        ],
        "index": 2
      },
      "responses": {
        "expanded": [
          {
            "response": [
              "Not relevant"
            ],
            "proportion": 0.015800743783303817
          },
          {
            "response": [
              "Beneficial"
            ],
            "proportion": 0.09258201786524618
          },
          {
            "response": [
              "Important"
            ],
            "proportion": 0.26764306343011074
          },
          {
            "response": [
              "Essential"
            ],
            "proportion": 0.6239741749213391
          }
        ],
        "collapsed": [
          {
            "response": [
              "Not relevant",
              "Beneficial"
            ],
            "proportion": 0.10838276164855003
          },
          {
            "response": [
              "Important",
              "Essential"
            ],
            "proportion": 0.8916172383514499
          }
        ]
      }
    },
    {
      "wave": null,
      "party": null,
      "responses": {
        "expanded": [
          {
            "response": [
              "Not relevant"
            ],
            "proportion": 0.039873156352539234
          },
          {
            "response": [
              "Beneficial"
            ],
            "proportion": 0.08460562401037641
          },
          {
            "response": [
              "Important"
            ],
            "proportion": 0.2267695881123048
          },
          {
            "response": [
              "Essential"
            ],
            "proportion": 0.6487516315247797
          }
        ],
        "collapsed": [
          {
            "response": [
              "Not relevant",
              "Beneficial"
            ],
            "proportion": 0.12447878036291564
          },
          {
            "response": [
              "Important",
              "Essential"
            ],
            "proportion": 0.8755212196370844
          }
        ]
      }
    },
    {
      "wave": null,
      "party": null,
      "responses": {
        "expanded": [
          {
            "response": [
              "Not relevant"
            ],
            "proportion": 0.039873156352539234
          },
          {
            "response": [
              "Beneficial"
            ],
            "proportion": 0.08460562401037641
          },
          {
            "response": [
              "Important"
            ],
            "proportion": 0.2267695881123048
          },
          {
            "response": [
              "Essential"
            ],
            "proportion": 0.6487516315247797
          }
        ],
        "collapsed": [
          {
            "response": [
              "Not relevant",
              "Beneficial"
            ],
            "proportion": 0.12447878036291564
          },
          {
            "response": [
              "Important",
              "Essential"
            ],
            "proportion": 0.8755212196370844
          }
        ]
      }
    },
    {
      "wave": null,
      "party": null,
      "responses": {
        "expanded": [
          {
            "response": [
              "Not relevant"
            ],
            "proportion": 0.039873156352539234
          },
          {
            "response": [
              "Beneficial"
            ],
            "proportion": 0.08460562401037641
          },
          {
            "response": [
              "Important"
            ],
            "proportion": 0.2267695881123048
          },
          {
            "response": [
              "Essential"
            ],
            "proportion": 0.6487516315247797
          }
        ],
        "collapsed": [
          {
            "response": [
              "Not relevant",
              "Beneficial"
            ],
            "proportion": 0.12447878036291564
          },
          {
            "response": [
              "Important",
              "Essential"
            ],
            "proportion": 0.8755212196370844
          }
        ]
      }
    },
    {
      "wave": null,
      "party": null,
      "responses": {
        "expanded": [
          {
            "response": [
              "Not relevant"
            ],
            "proportion": 0.039873156352539234
          },
          {
            "response": [
              "Beneficial"
            ],
            "proportion": 0.08460562401037641
          },
          {
            "response": [
              "Important"
            ],
            "proportion": 0.2267695881123048
          },
          {
            "response": [
              "Essential"
            ],
            "proportion": 0.6487516315247797
          }
        ],
        "collapsed": [
          {
            "response": [
              "Not relevant",
              "Beneficial"
            ],
            "proportion": 0.12447878036291564
          },
          {
            "response": [
              "Important",
              "Essential"
            ],
            "proportion": 0.8755212196370844
          }
        ]
      }
    },
    {
      "wave": null,
      "party": null,
      "responses": {
        "expanded": [
          {
            "response": [
              "Not relevant"
            ],
            "proportion": 0.039873156352539234
          },
          {
            "response": [
              "Beneficial"
            ],
            "proportion": 0.08460562401037641
          },
          {
            "response": [
              "Important"
            ],
            "proportion": 0.2267695881123048
          },
          {
            "response": [
              "Essential"
            ],
            "proportion": 0.6487516315247797
          }
        ],
        "collapsed": [
          {
            "response": [
              "Not relevant",
              "Beneficial"
            ],
            "proportion": 0.12447878036291564
          },
          {
            "response": [
              "Important",
              "Essential"
            ],
            "proportion": 0.8755212196370844
          }
        ]
      }
    }
  ]
}