{
  "characteristic_name": "expand_executive",
  "col_idx": 14,
  "in_waves": [
    3,
    8,
    14,
    23
  ],
  "splits": [
    {
      "wave": {
        "value": 3,
        "index": 0
      },
      "party": {
        "value": [
          "Democrat"
        ],
        "index": 0
      },
      "responses": {
        "expanded": [
          {
            "response": [
              "Not relevant"
            ],
            "proportion": 0.028208205616207307
          },
          {
            "response": [
              "Beneficial"
            ],
            "proportion": 0.12869997475939984
          },
          {
            "response": [
              "Important"
            ],
            "proportion": 0.22618393530414194
          },
          {
            "response": [
              "Essential"
            ],
            "proportion": 0.616907884320251
          }
        ],
        "collapsed": [
          {
            "response": [
              "Not relevant",
              "Beneficial"
            ],
            "proportion": 0.15690818037560714
          },
          {
            "response": [
              "Important",
              "Essential"
            ],
            "proportion": 0.843091819624393
          }
        ]
      }
    },
    {
      "wave": {
        "value": 3,
        "index": 0
      },
      "party": {
        "value": [
          "Independent",
          "Other"
        ],
        "index": 1
      },
      "responses": {
        "expanded": [
          {
            "response": [
              "Not relevant"
            ],
            "proportion": 0.08084047992958732
          },
          {
            "response": [
              "Beneficial"
            ],
            "proportion": 0.06843683346081529
          },
          {
            "response": [
              "Important"
            ],
            "proportion": 0.3407720709545443
          },
          {
            "response": [
              "Essential"
            ],
            "proportion": 0.5099506156550532
          }
        ],
        "collapsed": [
          {
            "response": [
              "Not relevant",
              "Beneficial"
            ],
            "proportion": 0.14927731339040262
          },
          {
            "response": [
              "Important",
              "Essential"
            ],
            "proportion": 0.8507226866095975
          }
        ]
      }
    },
    {
      "wave": {
        "value": 3,
        "index": 0
      },
      "party": {
        "value": [
          "Republican"
        ],
        "index": 2
      },
      "responses": {
        "expanded": [
          {
            "response": [
              "Not relevant"
            ],
            "proportion": 0.05644999754735882
          },
          {
            "response": [
              "Beneficial"
            ],
            "proportion": 0.15873139884862988
          },
          {
            "response": [
              "Important"
            ],
            "proportion": 0.28580559441333464
          },
          {
            "response": [
              "Essential"
            ],
            "proportion": 0.49901300919067676
          }
        ],
        "collapsed": [
          {
            "response": [
              "Not relevant",
              "Beneficial"
            ],
            "proportion": 0.21518139639598874
          },
          {
            "response": [
              "Important",
              "Essential"
            ],
            "proportion": 0.7848186036040115
          }
        ]
      }
    },
    {
      "wave": null,
      "party": null,
      "responses": {
        "expanded": [
          {
            "response": [
              "Not relevant"
            ],
            "proportion": 0.046088538619968776
          },
          {
            "response": [
              "Beneficial"
            ],
            "proportion": 0.10874714176598876
          },
          {
            "response": [
              "Important"
            ],
            "proportion": 0.2856542951294455
          },
          {
            "response": [
              "Essential"
            ],
            "proportion": 0.559510024484597
          }
        ],
        "collapsed": [
          {
            "response": [
              "Not relevant",
              "Beneficial"
            ],
            "proportion": 0.15483568038595755
          },
          {
            "response": [
              "Important",
              "Essential"
            ],
            "proportion": 0.8451643196140424
          }
        ]
      }
    },
    {
      "wave": {
        "value": 8,
        "index": 1
      },
      "party": {
        "value": [
          "Democrat"
        ],
        "index": 0
      },
      "responses": {
        "expanded": [
          {
            "response": [
              "Not relevant"
            ],
            "proportion": 0.03138327061269828
          },
          {
            "response": [
              "Beneficial"
            ],
            "proportion": 0.11363206577804034
          },
          {
            "response": [
              "Important"
            ],
            "proportion": 0.26352740357957066
          },
          {
            "response": [
              "Essential"
            ],
            "proportion": 0.5914572600296907
          }
        ],
        "collapsed": [
          {
            "response": [
              "Not relevant",
              "Beneficial"
            ],
            "proportion": 0.14501533639073863
          },
          {
            "response": [
              "Important",
              "Essential"
            ],
            "proportion": 0.8549846636092613
          }
        ]
      }
    },
    {
      "wave": {
        "value": 8,
        "index": 1
      },
      "party": {
        "value": [
          "Independent",
          "Other"
        ],
        "index": 1
      },
      "responses": {
        "expanded": [
          {
            "response": [
              "Not relevant"
            ],
            "proportion": 0.04094877079969857
          },
          {
            "response": [
              "Beneficial"
            ],
            "proportion": 0.09719695579230214
          },
          {
            "response": [
              "Important"
            ],
            "proportion": 0.27019509815032317
          },
          {
            "response": [
              "Essential"
            ],
            "proportion": 0.5916591752576762
          }
        ],
        "collapsed": [
          {
            "response": [
              "Not relevant",
              "Beneficial"
            ],
            "proportion": 0.13814572659200072
          },
          {
            "response": [
              "Important",
              "Essential"
            ],
            "proportion": 0.8618542734079994
          }
        ]
      }
    },
    {
      "wave": {
        "value": 8,
        "index": 1
      },
      "party": {
        "value": [
          "Republican"
        ],
        "index": 2
      },
      "responses": {
        "expanded": [
          {
            "response": [
              "Not relevant"
            ],
            "proportion": 0.07249130504707399
          },
          {
            "response": [
              "Beneficial"
            ],
            "proportion": 0.1466960794739334
          },
          {
            "response": [
              "Important"
            ],
            "proportion": 0.3070599180109781
          },
          {
            "response": [
              "Essential"
            ],
            "proportion": 0.47375269746801446
          }
        ],
        "collapsed": [
          {
            "response": [
              "Not relevant",
              "Beneficial"
            ],
            "proportion": 0.21918738452100744
          },
          {
            "response": [
              "Important",
              "Essential"
            ],
            "proportion": 0.7808126154789926
          }
        ]
      }
    },
    {
      "wave": null,
      "party": null,
      "responses": {
        "expanded": [
          {
            "response": [
              "Not relevant"
            ],
            "proportion": 0.046088538619968776
          },
          {
            "response": [
              "Beneficial"
            ],
            "proportion": 0.10874714176598876
          },
          {
            "response": [
              "Important"
            ],
            "proportion": 0.2856542951294455
          },
          {
            "response": [
              "Essential"
            ],
            "proportion": 0.559510024484597
          }
        ],
        "collapsed": [
          {
            "response": [
              "Not relevant",
              "Beneficial"
            ],
            "proportion": 0.15483568038595755
          },
          {
            "response": [
              "Important",
              "Essential"
            ],
            "proportion": 0.8451643196140424
          }
        ]
      }
    },
    {
      "wave": {
        "value": 14,
        "index": 2
      },
      "party": {
        "value": [
          "Democrat"
        ],
        "index": 0
      },
      "responses": {
        "expanded": [
          {
            "response": [
              "Not relevant"
            ],
            "proportion": 0.03428610873035524
          },
          {
            "response": [
              "Beneficial"
            ],
            "proportion": 0.062365125030366654
          },
          {
            "response": [
              "Important"
            ],
            "proportion": 0.34468531198802005
          },
          {
            "response": [
              "Essential"
            ],
            "proportion": 0.5586634542512581
          }
        ],
        "collapsed": [
          {
            "response": [
              "Not relevant",
              "Beneficial"
            ],
            "proportion": 0.0966512337607219
          },
          {
            "response": [
              "Important",
              "Essential"
            ],
            "proportion": 0.9033487662392781
          }
        ]
      }
    },
    {
      "wave": {
        "value": 14,
        "index": 2
      },
      "party": {
        "value": [
          "Independent",
          "Other"
        ],
        "index": 1
      },
      "responses": {
        "expanded": [
          {
            "response": [
              "Not relevant"
            ],
            "proportion": 0.04991562927812791
          },
          {
            "response": [
              "Beneficial"
            ],
            "proportion": 0.0755767674541026
          },
          {
            "response": [
              "Important"
            ],
            "proportion": 0.20957201878867068
          },
          {
            "response": [
              "Essential"
            ],
            "proportion": 0.664935584479099
          }
        ],
        "collapsed": [
          {
            "response": [
              "Not relevant",
              "Beneficial"
            ],
            "proportion": 0.1254923967322305
          },
          {
            "response": [
              "Important",
              "Essential"
            ],
            "proportion": 0.8745076032677694
          }
        ]
      }
    },
    {
      "wave": {
        "value": 14,
        "index": 2
      },
      "party": {
        "value": [
          "Republican"
        ],
        "index": 2
      },
      "responses": {
        "expanded": [
          {
            "response": [
              "Not relevant"
            ],
            "proportion": 0.022883882498963674
          },
          {
            "response": [
              "Beneficial"
            ],
            "proportion": 0.0642328514047232
          },
          {
            "response": [
              "Important"
            ],
            "proportion": 0.16787881309817043
          },
          {
            "response": [
              "Essential"
            ],
            "proportion": 0.745004452998143
          }
        ],
        "collapsed": [
          {
            "response": [
              "Not relevant",
              "Beneficial"
            ],
            "proportion": 0.08711673390368688
          },
          {
            "response": [
              "Important",
              "Essential"
            ],
            "proportion": 0.9128832660963132
          }
        ]
      }
    },
    {
      "wave": null,
      "party": null,
      "responses": {
        "expanded": [
          {
            "response": [
              "Not relevant"
            ],
            "proportion": 0.046088538619968776
          },
          {
            "response": [
              "Beneficial"
            ],
            "proportion": 0.10874714176598876
          },
          {
            "response": [
              "Important"
            ],
            "proportion": 0.2856542951294455
          },
          {
            "response": [
              "Essential"
            ],
            "proportion": 0.559510024484597
          }
        ],
        "collapsed": [
          {
            "response": [
              "Not relevant",
              "Beneficial"
            ],
            "proportion": 0.15483568038595755
          },
          {
            "response": [
              "Important",
              "Essential"
            ],
            "proportion": 0.8451643196140424
          }
        ]
      }
    },
    {
      "wave": {
        "value": 23,
        "index": 3
      },
      "party": {
        "value": [
          "Democrat"
        ],
        "index": 0
      },
      "responses": {
        "expanded": [
          {
            "response": [
              "Not relevant"
            ],
            "proportion": 0.03654794907498779
          },
          {
            "response": [
              "Beneficial"
            ],
            "proportion": 0.10191818973016357
          },
          {
            "response": [
              "Important"
            ],
            "proportion": 0.35437394834851543
          },
          {
            "response": [
              "Essential"
            ],
            "proportion": 0.5071599128463332
          }
        ],
        "collapsed": [
          {
            "response": [
              "Not relevant",
              "Beneficial"
            ],
            "proportion": 0.13846613880515138
          },
          {
            "response": [
              "Important",
              "Essential"
            ],
            "proportion": 0.8615338611948486
          }
        ]
      }
    },
    {
      "wave": {
        "value": 23,
        "index": 3
      },
      "party": {
        "value": [
          "Independent",
          "Other"
        ],
        "index": 1
      },
      "responses": {
        "expanded": [
          {
            "response": [
              "Not relevant"
            ],
            "proportion": 0.02256223686103281
          },
          {
            "response": [
              "Beneficial"
            ],
            "proportion": 0.086064866540361
          },
          {
            "response": [
              "Important"
            ],
            "proportion": 0.27388472438975375
          },
          {
            "response": [
              "Essential"
            ],
            "proportion": 0.6174881722088524
          }
        ],
        "collapsed": [
          {
            "response": [
              "Not relevant",
              "Beneficial"
            ],
            "proportion": 0.10862710340139378
          },
          {
            "response": [
              "Important",
              "Essential"
            ],
            "proportion": 0.8913728965986063
          }
        ]
      }
    },
    {
      "wave": {
        "value": 23,
        "index": 3
      },
      "party": {
        "value": [
          "Republican"
        ],
        "index": 2
      },
      "responses": {
        "expanded": [
          {
            "response": [
              "Not relevant"
            ],
            "proportion": 0.045521203355669004
          },
          {
            "response": [
              "Beneficial"
            ],
            "proportion": 0.12225331241264038
          },
          {
            "response": [
              "Important"
            ],
            "proportion": 0.32143570102727115
          },
          {
            "response": [
              "Essential"
            ],
            "proportion": 0.5107897832044197
          }
        ],
        "collapsed": [
          {
            "response": [
              "Not relevant",
              "Beneficial"
            ],
            "proportion": 0.1677745157683094
          },
          {
            "response": [
              "Important",
              "Essential"
            ],
            "proportion": 0.8322254842316906
          }
        ]
      }
    },
    {
      "wave": null,
      "party": null,
      "responses": {
        "expanded": [
          {
            "response": [
              "Not relevant"
            ],
            "proportion": 0.046088538619968776
          },
          {
            "response": [
              "Beneficial"
            ],
            "proportion": 0.10874714176598876
          },
          {
            "response": [
              "Important"
            ],
            "proportion": 0.2856542951294455
          },
          {
            "response": [
              "Essential"
            ],
            "proportion": 0.559510024484597
          }
        ],
        "collapsed": [
          {
            "response": [
              "Not relevant",
              "Beneficial"
            ],
            "proportion": 0.15483568038595755
          },
          {
            "response": [
              "Important",
              "Essential"
            ],
            "proportion": 0.8451643196140424
          }
        ]
      }
    },
    {
      "wave": null,
      "party": null,
      "responses": {
        "expanded": [
          {
            "response": [
              "Not relevant"
            ],
            "proportion": 0.046088538619968776
          },
          {
            "response": [
              "Beneficial"
            ],
            "proportion": 0.10874714176598876
          },
          {
            "response": [
              "Important"
            ],
            "proportion": 0.2856542951294455
          },
          {
            "response": [
              "Essential"
            ],
            "proportion": 0.559510024484597
          }
        ],
        "collapsed": [
          {
            "response": [
              "Not relevant",
              "Beneficial"
            ],
            "proportion": 0.15483568038595755
          },
          {
            "response": [
              "Important",
              "Essential"
            ],
            "proportion": 0.8451643196140424
          }
        ]
      }
    },
    {
      "wave": null,
      "party": null,
      "responses": {
        "expanded": [
          {
            "response": [
              "Not relevant"
            ],
            "proportion": 0.046088538619968776
          },
          {
            "response": [
              "Beneficial"
            ],
            "proportion": 0.10874714176598876
          },
          {
            "response": [
              "Important"
            ],
            "proportion": 0.2856542951294455
          },
          {
            "response": [
              "Essential"
            ],
            "proportion": 0.559510024484597
          }
        ],
        "collapsed": [
          {
            "response": [
              "Not relevant",
              "Beneficial"
            ],
            "proportion": 0.15483568038595755
          },
          {
            "response": [
              "Important",
              "Essential"
            ],
            "proportion": 0.8451643196140424
          }
        ]
      }
    },
    {
      "wave": null,
      "party": null,
      "responses": {
        "expanded": [
          {
            "response": [
              "Not relevant"
            ],
            "proportion": 0.046088538619968776
          },
          {
            "response": [
              "Beneficial"
            ],
            "proportion": 0.10874714176598876
          },
          {
            "response": [
              "Important"
            ],
            "proportion": 0.2856542951294455
          },
          {
            "response": [
              "Essential"
            ],
            "proportion": 0.559510024484597
          }
        ],
        "collapsed": [
          {
            "response": [
              "Not relevant",
              "Beneficial"
            ],
            "proportion": 0.15483568038595755
          },
          {
            "response": [
              "Important",
              "Essential"
            ],
            "proportion": 0.8451643196140424
          }
        ]
      }
    },
    {
      "wave": null,
      "party": null,
      "responses": {
        "expanded": [
          {
            "response": [
              "Not relevant"
            ],
            "proportion": 0.046088538619968776
          },
          {
            "response": [
              "Beneficial"
            ],
            "proportion": 0.10874714176598876
          },
          {
            "response": [
              "Important"
            ],
            "proportion": 0.2856542951294455
          },
          {
            "response": [
              "Essential"
            ],
            "proportion": 0.559510024484597
          }
        ],
        "collapsed": [
          {
            "response": [
              "Not relevant",
              "Beneficial"
            ],
            "proportion": 0.15483568038595755
          },
          {
            "response": [
              "Important",
              "Essential"
            ],
            "proportion": 0.8451643196140424
          }
        ]
      }
    }
  ]
}