{
  "characteristic_name": "foreign_influence",
  "col_idx": 9,
  "in_waves": [
    3,
    8,
    14,
    23
  ],
  "splits": [
    {
      "wave": {
        "value": 3,
        "index": 0
      },
      "party": {
        "value": [
          "Democrat"
        ],
        "index": 0
      },
      "responses": {
        "expanded": [
          {
            "response": [
              "Not relevant"
            ],
            "proportion": 0.06499947614204875
          },
          {
            "response": [
              "Beneficial"
            ],
            "proportion": 0.041732593297411795
          },
          {
            "response": [
              "Important"
            ],
            "proportion": 0.2489161575679504
          },
          {
            "response": [
              "Essential"
            ],
            "proportion": 0.644351772992589
          }
        ],
        "collapsed": [
          {
            "response": [
              "Not relevant",
              "Beneficial"
            ],
            "proportion": 0.10673206943946052
          },
          {
            "response": [
              "Important",
              "Essential"
            ],
            "proportion": 0.8932679305605393
          }
        ]
      }
    },
    {
      "wave": {
        "value": 3,
        "index": 0
      },
      "party": {
        "value": [
          "Independent",
          "Other"
        ],
        "index": 1
      },
      "responses": {
        "expanded": [
          {
            "response": [
              "Not relevant"
            ],
            "proportion": 0.036293021753401655
          },
          {
            "response": [
              "Beneficial"
            ],
            "proportion": 0.10665158125961734
          },
          {
            "response": [
              "Important"
            ],
            "proportion": 0.2762951784638046
          },
          {
            "response": [
              "Essential"
            ],
            "proportion": 0.5807602185231765
          }
        ],
        "collapsed": [
          {
            "response": [
              "Not relevant",
              "Beneficial"
            ],
            "proportion": 0.14294460301301898
          },
          {
            "response": [
              "Important",
              "Essential"
            ],
            "proportion": 0.8570553969869811
          }
        ]
      }
    },
    {
      "wave": {
        "value": 3,
        "index": 0
      },
      "party": {
        "value": [
          "Republican"
        ],
        "index": 2
      },
      "responses": {
        "expanded": [
          {
            "response": [
              "Not relevant"
            ],
            "proportion": 0.06838784184671023
          },
          {
            "response": [
              "Beneficial"
            ],
            "proportion": 0.17031352886566775
          },
          {
            "response": [
              "Important"
            ],
            "proportion": 0.2998994836597782
          },
          {
            "response": [
              "Essential"
            ],
            "proportion": 0.4613991456278435
          }
        ],
        "collapsed": [
          {
            "response": [
              "Not relevant",
              "Beneficial"
            ],
            "proportion": 0.23870137071237799
          },
          {
            "response": [
              "Important",
              "Essential"
            ],
            "proportion": 0.7612986292876218
          }
        ]
      }
    },
    {
      "wave": null,
      "party": null,
      "responses": {
        "expanded": [
          {
            "response": [
              "Not relevant"
            ],
            "proportion": 0.05992727565794913
          },
          {
            "response": [
              "Beneficial"
            ],
            "proportion": 0.09713428646474209
          },
          {
            "response": [
              "Important"
            ],
            "proportion": 0.25331936155537316
          },
          {
            "response": [
              "Essential"
            ],
            "proportion": 0.5896190763219356
          }
        ],
        "collapsed": [
          {
            "response": [
              "Not relevant",
              "Beneficial"
            ],
            "proportion": 0.15706156212269123
          },
          {
            "response": [
              "Important",
              "Essential"
            ],
            "proportion": 0.8429384378773087
          }
        ]
      }
    },
    {
      "wave": {
        "value": 8,
        "index": 1
      },
      "party": {
        "value": [
          "Democrat"
        ],
        "index": 0
      },
      "responses": {
        "expanded": [
          {
            "response": [
              "Not relevant"
            ],
            "proportion": 0.0506914441973171
          },
          {
            "response": [
              "Beneficial"
            ],
            "proportion": 0.0806134592982429
          },
          {
            "response": [
              "Important"
            ],
            "proportion": 0.1954629939896942
          },
          {
            "response": [
              "Essential"
            ],
            "proportion": 0.6732321025147459
          }
        ],
        "collapsed": [
          {
            "response": [
              "Not relevant",
              "Beneficial"
            ],
            "proportion": 0.13130490349556004
          },
          {
            "response": [
              "Important",
              "Essential"
            ],
            "proportion": 0.86869509650444
          }
        ]
      }
    },
    {
      "wave": {
        "value": 8,
        "index": 1
      },
      "party": {
        "value": [
          "Independent",
          "Other"
        ],
        "index": 1
      },
      "responses": {
        "expanded": [
          {
            "response": [
              "Not relevant"
            ],
            "proportion": 0.06024753401926712
          },
          {
            "response": [
              "Beneficial"
            ],
            "proportion": 0.08524639821381699
          },
          {
            "response": [
              "Important"
            ],
            "proportion": 0.2673851567824369
          },
          {
            "response": [
              "Essential"
            ],
            "proportion": 0.5871209109844789
          }
        ],
        "collapsed": [
          {
            "response": [
              "Not relevant",
              "Beneficial"
            ],
            "proportion": 0.14549393223308413
          },
          {
            "response": [
              "Important",
              "Essential"
            ],
            "proportion": 0.854506067766916
          }
        ]
      }
    },
    {
      "wave": {
        "value": 8,
        "index": 1
      },
      "party": {
        "value": [
          "Republican"
        ],
        "index": 2
      },
      "responses": {
        "expanded": [
          {
            "response": [
              "Not relevant"
            ],
            "proportion": 0.0861454028555714
          },
          {
            "response": [
              "Beneficial"
            ],
            "proportion": 0.14072078176066294
          },
          {
            "response": [
              "Important"
            ],
            "proportion": 0.27341320221837245
          },
          {
            "response": [
              "Essential"
            ],
            "proportion": 0.4997206131653932
          }
        ],
        "collapsed": [
          {
            "response": [
              "Not relevant",
              "Beneficial"
            ],
            "proportion": 0.22686618461623437
          },
          {
            "response": [
              "Important",
              "Essential"
            ],
            "proportion": 0.7731338153837656
          }
        ]
      }
    },
    {
      "wave": null,
      "party": null,
      "responses": {
        "expanded": [
          {
            "response": [
              "Not relevant"
            ],
            "proportion": 0.05992727565794913
          },
          {
            "response": [
              "Beneficial"
            ],
            "proportion": 0.09713428646474209
          },
          {
            "response": [
              "Important"
            ],
            "proportion": 0.25331936155537316
          },
          {
            "response": [
              "Essential"
            ],
            "proportion": 0.5896190763219356
          }
        ],
        "collapsed": [
          {
            "response": [
              "Not relevant",
              "Beneficial"
            ],
            "proportion": 0.15706156212269123
          },
          {
            "response": [
              "Important",
              "Essential"
            ],
            "proportion": 0.8429384378773087
          }
        ]
      }
    },
    {
      "wave": {
        "value": 14,
        "index": 2
      },
      "party": {
        "value": [
          "Democrat"
        ],
        "index": 0
      },
      "responses": {
        "expanded": [
          {
            "response": [
              "Not relevant"
            ],
            "proportion": 0.0841660338260519
          },
          {
            "response": [
              "Beneficial"
            ],
            "proportion": 0.05852279912415954
          },
          {
            "response": [
              "Important"
            ],
            "proportion": 0.1971189542762931
          },
          {
            "response": [
              "Essential"
            ],
            "proportion": 0.6601922127734957
          }
        ],
        "collapsed": [
          {
            "response": [
              "Not relevant",
              "Beneficial"
            ],
            "proportion": 0.14268883295021142
          },
          {
            "response": [
              "Important",
              "Essential"
            ],
            "proportion": 0.8573111670497887
          }
        ]
      }
    },
    {
      "wave": {
        "value": 14,
        "index": 2
      },
      "party": {
        "value": [
          "Independent",
          "Other"
        ],
        "index": 1
      },
      "responses": {
        "expanded": [
          {
            "response": [
              "Not relevant"
            ],
            "proportion": 0.07210828852658693
          },
          {
            "response": [
              "Beneficial"
            ],
            "proportion": 0.033860561489635774
          },
          {
            "response": [
              "Important"
            ],
            "proportion": 0.24595088509633434
          },
          {
            "response": [
              "Essential"
            ],
            "proportion": 0.6480802648874431
          }
        ],
        "collapsed": [
          {
            "response": [
              "Not relevant",
              "Beneficial"
            ],
            "proportion": 0.10596885001622272
          },
          {
            "response": [
              "Important",
              "Essential"
            ],
            "proportion": 0.8940311499837772
          }
        ]
      }
    },
    {
      "wave": {
        "value": 14,
        "index": 2
      },
      "party": {
        "value": [
          "Republican"
        ],
        "index": 2
      },
      "responses": {
        "expanded": [
          {
            "response": [
              "Not relevant"
            ],
            "proportion": 0.04687060248258022
          },
          {
            "response": [
              "Beneficial"
            ],
            "proportion": 0.040595969259325015
          },
          {
            "response": [
              "Important"
            ],
            "proportion": 0.2572561967230834
          },
          {
            "response": [
              "Essential"
            ],
            "proportion": 0.6552772315350113
          }
        ],
        "collapsed": [
          {
            "response": [
              "Not relevant",
              "Beneficial"
            ],
            "proportion": 0.08746657174190527
          },
          {
            "response": [
              "Important",
              "Essential"
            ],
            "proportion": 0.9125334282580947
          }
        ]
      }
    },
    {
      "wave": null,
      "party": null,
      "responses": {
        "expanded": [
          {
            "response": [
              "Not relevant"
            ],
            "proportion": 0.05992727565794913
          },
          {
            "response": [
              "Beneficial"
            ],
            "proportion": 0.09713428646474209
          },
          {
            "response": [
              "Important"
            ],
            "proportion": 0.25331936155537316
          },
          {
            "response": [
              "Essential"
            ],
            "proportion": 0.5896190763219356
          }
        ],
        "collapsed": [
          {
            "response": [
              "Not relevant",
              "Beneficial"
            ],
            "proportion": 0.15706156212269123
          },
          {
            "response": [
              "Important",
              "Essential"
            ],
            "proportion": 0.8429384378773087
          }
        ]
      }
    },
    {
      "wave": {
        "value": 23,
        "index": 3
      },
      "party": {
        "value": [
          "Democrat"
        ],
        "index": 0
      },
      "responses": {
        "expanded": [
          {
            "response": [
              "Not relevant"
            ],
            "proportion": 0.05827099986788551
          },
          {
            "response": [
              "Beneficial"
            ],
            "proportion": 0.13436134907267475
          },
          {
            "response": [
              "Important"
            ],
            "proportion": 0.2676157579302309
          },
          {
            "response": [
              "Essential"
            ],
            "proportion": 0.5397518931292087
          }
        ],
        "collapsed": [
          {
            "response": [
              "Not relevant",
              "Beneficial"
            ],
            "proportion": 0.19263234894056028
          },
          {
            "response": [
              "Important",
              "Essential"
            ],
            "proportion": 0.8073676510594396
          }
        ]
      }
    },
    {
      "wave": {
        "value": 23,
        "index": 3
      },
      "party": {
        "value": [
          "Independent",
          "Other"
        ],
        "index": 1
      },
      "responses": {
        "expanded": [
          {
            "response": [
              "Not relevant"
            ],
            "proportion": 0.03316712439403072
          },
          {
            "response": [
              "Beneficial"
            ],
            "proportion": 0.13065080811572058
          },
          {
            "response": [
              "Important"
            ],
            "proportion": 0.24291298198246292
          },
          {
            "response": [
              "Essential"
            ],
            "proportion": 0.5932690855077857
          }
        ],
        "collapsed": [
          {
            "response": [
              "Not relevant",
              "Beneficial"
            ],
            "proportion": 0.1638179325097513
          },
          {
            "response": [
              "Important",
              "Essential"
            ],
            "proportion": 0.8361820674902486
          }
        ]
      }
    },
    {
      "wave": {
        "value": 23,
        "index": 3
      },
      "party": {
        "value": [
          "Republican"
        ],
        "index": 2
      },
      "responses": {
        "expanded": [
          {
            "response": [
              "Not relevant"
            ],
            "proportion": 0.06494163052610644
          },
          {
            "response": [
              "Beneficial"
            ],
            "proportion": 0.10663147372918301
          },
          {
            "response": [
              "Important"
            ],
            "proportion": 0.2650272915876128
          },
          {
            "response": [
              "Essential"
            ],
            "proportion": 0.5633996041570977
          }
        ],
        "collapsed": [
          {
            "response": [
              "Not relevant",
              "Beneficial"
            ],
            "proportion": 0.17157310425528943
          },
          {
            "response": [
              "Important",
              "Essential"
            ],
            "proportion": 0.8284268957447105
          }
        ]
      }
    },
    {
      "wave": null,
      "party": null,
      "responses": {
        "expanded": [
          {
            "response": [
              "Not relevant"
            ],
            "proportion": 0.05992727565794913
          },
          {
            "response": [
              "Beneficial"
            ],
            "proportion": 0.09713428646474209
          },
          {
            "response": [
              "Important"
            ],
            "proportion": 0.25331936155537316
          },
          {
            "response": [
              "Essential"
            ],
            "proportion": 0.5896190763219356
          }
        ],
        "collapsed": [
          {
            "response": [
              "Not relevant",
              "Beneficial"
            ],
            "proportion": 0.15706156212269123
          },
          {
            "response": [
              "Important",
              "Essential"
            ],
            "proportion": 0.8429384378773087
          }
        ]
      }
    },
    {
      "wave": null,
      "party": null,
      "responses": {
        "expanded": [
          {
            "response": [
              "Not relevant"
            ],
            "proportion": 0.05992727565794913
          },
          {
            "response": [
              "Beneficial"
            ],
            "proportion": 0.09713428646474209
          },
          {
            "response": [
              "Important"
            ],
            "proportion": 0.25331936155537316
          },
          {
            "response": [
              "Essential"
            ],
            "proportion": 0.5896190763219356
          }
        ],
        "collapsed": [
          {
            "response": [
              "Not relevant",
              "Beneficial"
            ],
            "proportion": 0.15706156212269123
          },
          {
            "response": [
              "Important",
              "Essential"
            ],
            "proportion": 0.8429384378773087
          }
        ]
      }
    },
    {
      "wave": null,
      "party": null,
      "responses": {
        "expanded": [
          {
            "response": [
              "Not relevant"
            ],
            "proportion": 0.05992727565794913
          },
          {
            "response": [
              "Beneficial"
            ],
            "proportion": 0.09713428646474209
          },
          {
            "response": [
              "Important"
            ],
            "proportion": 0.25331936155537316
          },
          {
            "response": [
              "Essential"
            ],
            "proportion": 0.5896190763219356
          }
        ],
        "collapsed": [
          {
            "response": [
              "Not relevant",
              "Beneficial"
            ],
            "proportion": 0.15706156212269123
          },
          {
            "response": [
              "Important",
              "Essential"
            ],
            "proportion": 0.8429384378773087
          }
        ]
      }
    },
    {
      "wave": null,
      "party": null,
      "responses": {
        "expanded": [
          {
            "response": [
              "Not relevant"
            ],
            "proportion": 0.05992727565794913
          },
          {
            "response": [
              "Beneficial"
            ],
            "proportion": 0.09713428646474209
          },
          {
            "response": [
              "Important"
            ],
            "proportion": 0.25331936155537316
          },
          {
            "response": [
              "Essential"
            ],
            "proportion": 0.5896190763219356
          }
        ],
        "collapsed": [
          {
            "response": [
              "Not relevant",
              "Beneficial"
            ],
            "proportion": 0.15706156212269123
          },
          {
            "response": [
              "Important",
              "Essential"
            ],
            "proportion": 0.8429384378773087
          }
        ]
      }
    },
    {
      "wave": null,
      "party": null,
      "responses": {
        "expanded": [
          {
            "response": [
              "Not relevant"
            ],
            "proportion": 0.05992727565794913
          },
          {
            "response": [
              "Beneficial"
            ],
            "proportion": 0.09713428646474209
          },
          {
            "response": [
              "Important"
            ],
            "proportion": 0.25331936155537316
          },
          {
            "response": [
              "Essential"
            ],
            "proportion": 0.5896190763219356
          }
        ],
        "collapsed": [
          {
            "response": [
              "Not relevant",
              "Beneficial"
            ],
            "proportion": 0.15706156212269123
          },
          {
            "response": [
              "Important",
              "Essential"
            ],
            "proportion": 0.8429384378773087
          }
        ]
      }
    }
  ]
}