{
  "characteristic_name": "free_speech",
  "col_idx": 7,
  "in_waves": [
    3,
    8,
    14,
    23
  ],
  "splits": [
    {
      "wave": {
        "value": 3,
        "index": 0
      },
      "party": {
        "value": [
          "Democrat"
        ],
        "index": 0
      },
      "responses": {
        "expanded": [
          {
            "response": [
              "Not relevant"
            ],
            "proportion": 0.06145747964712642
          },
          {
            "response": [
              "Beneficial"
            ],
            "proportion": 0.14323983484463645
          },
          {
            "response": [
              "Important"
            ],
            "proportion": 0.3882481191279279
          },
          {
            "response": [
              "Essential"
            ],
            "proportion": 0.4070545663803092
          }
        ],
        "collapsed": [
          {
            "response": [
              "Not relevant",
              "Beneficial"
            ],
            "proportion": 0.20469731449176284
          },
          {
            "response": [
              "Important",
              "Essential"
            ],
            "proportion": 0.7953026855082371
          }
        ]
      }
    },
    {
      "wave": {
        "value": 3,
        "index": 0
      },
      "party": {
        "value": [
          "Independent",
          "Other"
        ],
        "index": 1
      },
      "responses": {
        "expanded": [
          {
            "response": [
              "Not relevant"
            ],
            "proportion": 0.020834854272423157
          },
          {
            "response": [
              "Beneficial"
            ],
            "proportion": 0.15557900999629617
          },
          {
            "response": [
              "Important"
            ],
            "proportion": 0.3212294117804597
          },
          {
            "response": [
              "Essential"
            ],
            "proportion": 0.5023567239508208
          }
        ],
        "collapsed": [
          {
            "response": [
              "Not relevant",
              "Beneficial"
            ],
            "proportion": 0.1764138642687193
          },
          {
            "response": [
              "Important",
              "Essential"
            ],
            "proportion": 0.8235861357312807
          }
        ]
      }
    },
    {
      "wave": {
        "value": 3,
        "index": 0
      },
      "party": {
        "value": [
          "Republican"
        ],
        "index": 2
      },
      "responses": {
        "expanded": [
          {
            "response": [
              "Not relevant"
            ],
            "proportion": 0.08245549805380746
          },
          {
            "response": [
              "Beneficial"
            ],
            "proportion": 0.1383288366015597
          },
          {
            "response": [
              "Important"
            ],
            "proportion": 0.3432251825101275
          },
          {
            "response": [
              "Essential"
            ],
            "proportion": 0.4359904828345053
          }
        ],
        "collapsed": [
          {
            "response": [
              "Not relevant",
              "Beneficial"
            ],
            "proportion": 0.22078433465536718
          },
          {
            "response": [
              "Important",
              "Essential"
            ],
            "proportion": 0.7792156653446327
          }
        ]
      }
    },
    {
      "wave": null,
      "party": null,
      "responses": {
        "expanded": [
          {
            "response": [
              "Not relevant"
            ],
            "proportion": 0.05472918024798429
          },
          {
            "response": [
              "Beneficial"
            ],
            "proportion": 0.14392320429121633
          },
          {
            "response": [
              "Important"
            ],
            "proportion": 0.3299821424697278
          },
          {
            "response": [
              "Essential"
            ],
            "proportion": 0.47136547299107157
          }
        ],
        "collapsed": [
          {
            "response": [
              "Not relevant",
              "Beneficial"
            ],
            "proportion": 0.19865238453920062
          },
          {
            "response": [
              "Important",
              "Essential"
            ],
            "proportion": 0.8013476154607992
          }
        ]
      }
    },
    {
      "wave": {
        "value": 8,
        "index": 1
      },
      "party": {
        "value": [
          "Democrat"
        ],
        "index": 0
      },
      "responses": {
        "expanded": [
          {
            "response": [
              "Not relevant"
            ],
            "proportion": 0.05275290254069588
          },
          {
            "response": [
              "Beneficial"
            ],
            "proportion": 0.13463927173330045
          },
          {
            "response": [
              "Important"
            ],
            "proportion": 0.3030329339305278
          },
          {
            "response": [
              "Essential"
            ],
            "proportion": 0.5095748917954758
          }
        ],
        "collapsed": [
          {
            "response": [
              "Not relevant",
              "Beneficial"
            ],
            "proportion": 0.18739217427399638
          },
          {
            "response": [
              "Important",
              "Essential"
            ],
            "proportion": 0.8126078257260035
          }
        ]
      }
    },
    {
      "wave": {
        "value": 8,
        "index": 1
      },
      "party": {
        "value": [
          "Independent",
          "Other"
        ],
        "index": 1
      },
      "responses": {
        "expanded": [
          {
            "response": [
              "Not relevant"
            ],
            "proportion": 0.041173729251747046
          },
          {
            "response": [
              "Beneficial"
            ],
            "proportion": 0.13394591529721622
          },
          {
            "response": [
              "Important"
            ],
            "proportion": 0.29031548733008083
          },
          {
            "response": [
              "Essential"
            ],
            "proportion": 0.5345648681209557
          }
        ],
        "collapsed": [
          {
            "response": [
              "Not relevant",
              "Beneficial"
            ],
            "proportion": 0.17511964454896328
          },
          {
            "response": [
              "Important",
              "Essential"
            ],
            "proportion": 0.8248803554510367
          }
        ]
      }
    },
    {
      "wave": {
        "value": 8,
        "index": 1
      },
      "party": {
        "value": [
          "Republican"
        ],
        "index": 2
      },
      "responses": {
        "expanded": [
          {
            "response": [
              "Not relevant"
            ],
            "proportion": 0.08398334174971267
          },
          {
            "response": [
              "Beneficial"
            ],
            "proportion": 0.14270506703076544
          },
          {
            "response": [
              "Important"
            ],
            "proportion": 0.33373584340624646
          },
          {
            "response": [
              "Essential"
            ],
            "proportion": 0.43957574781327563
          }
        ],
        "collapsed": [
          {
            "response": [
              "Not relevant",
              "Beneficial"
            ],
            "proportion": 0.2266884087804781
          },
          {
            "response": [
              "Important",
              "Essential"
            ],
            "proportion": 0.7733115912195221
          }
        ]
      }
    },
    {
      "wave": null,
      "party": null,
      "responses": {
        "expanded": [
          {
            "response": [
              "Not relevant"
            ],
            "proportion": 0.05472918024798429
          },
          {
            "response": [
              "Beneficial"
            ],
            "proportion": 0.14392320429121633
          },
          {
            "response": [
              "Important"
            ],
            "proportion": 0.3299821424697278
          },
          {
            "response": [
              "Essential"
            ],
            "proportion": 0.47136547299107157
          }
        ],
        "collapsed": [
          {
            "response": [
              "Not relevant",
              "Beneficial"
            ],
            "proportion": 0.19865238453920062
          },
          {
            "response": [
              "Important",
              "Essential"
            ],
            "proportion": 0.8013476154607992
          }
        ]
      }
    },
    {
      "wave": {
        "value": 14,
        "index": 2
      },
      "party": {
        "value": [
          "Democrat"
        ],
        "index": 0
      },
      "responses": {
        "expanded": [
          {
            "response": [
              "Not relevant"
            ],
            "proportion": 0.07282644493986483
          },
          {
            "response": [
              "Beneficial"
            ],
            "proportion": 0.21894446495751219
          },
          {
            "response": [
              "Important"
            ],
            "proportion": 0.35483882230899255
          },
          {
            "response": [
              "Essential"
            ],
            "proportion": 0.3533902677936305
          }
        ],
        "collapsed": [
          {
            "response": [
              "Not relevant",
              "Beneficial"
            ],
            "proportion": 0.29177090989737703
          },
          {
            "response": [
              "Important",
              "Essential"
            ],
            "proportion": 0.708229090102623
          }
        ]
      }
    },
    {
      "wave": {
        "value": 14,
        "index": 2
      },
      "party": {
        "value": [
          "Independent",
          "Other"
        ],
        "index": 1
      },
      "responses": {
        "expanded": [
          {
            "response": [
              "Not relevant"
            ],
            "proportion": 0.049854191569619156
          },
          {
            "response": [
              "Beneficial"
            ],
            "proportion": 0.13256490849165772
          },
          {
            "response": [
              "Important"
            ],
            "proportion": 0.24613736098991587
          },
          {
            "response": [
              "Essential"
            ],
            "proportion": 0.5714435389488074
          }
        ],
        "collapsed": [
          {
            "response": [
              "Not relevant",
              "Beneficial"
            ],
            "proportion": 0.1824191000612769
          },
          {
            "response": [
              "Important",
              "Essential"
            ],
            "proportion": 0.8175808999387235
          }
        ]
      }
    },
    {
      "wave": {
        "value": 14,
        "index": 2
      },
      "party": {
        "value": [
          "Republican"
        ],
        "index": 2
      },
      "responses": {
        "expanded": [
          {
            "response": [
              "Not relevant"
            ],
            "proportion": 0.06436664633636063
          },
          {
            "response": [
              "Beneficial"
            ],
            "proportion": 0.05192726712901641
          },
          {
            "response": [
              "Important"
            ],
            "proportion": 0.22885984757723357
          },
          {
            "response": [
              "Essential"
            ],
            "proportion": 0.6548462389573894
          }
        ],
        "collapsed": [
          {
            "response": [
              "Not relevant",
              "Beneficial"
            ],
            "proportion": 0.11629391346537704
          },
          {
            "response": [
              "Important",
              "Essential"
            ],
            "proportion": 0.883706086534623
          }
        ]
      }
    },
    {
      "wave": null,
      "party": null,
      "responses": {
        "expanded": [
          {
            "response": [
              "Not relevant"
            ],
            "proportion": 0.05472918024798429
          },
          {
            "response": [
              "Beneficial"
            ],
            "proportion": 0.14392320429121633
          },
          {
            "response": [
              "Important"
            ],
            "proportion": 0.3299821424697278
          },
          {
            "response": [
              "Essential"
            ],
            "proportion": 0.47136547299107157
          }
        ],
        "collapsed": [
          {
            "response": [
              "Not relevant",
              "Beneficial"
            ],
            "proportion": 0.19865238453920062
          },
          {
            "response": [
              "Important",
              "Essential"
            ],
            "proportion": 0.8013476154607992
          }
        ]
      }
    },
    {
      "wave": {
        "value": 23,
        "index": 3
      },
      "party": {
        "value": [
          "Democrat"
        ],
        "index": 0
      },
      "responses": {
        "expanded": [
          {
            "response": [
              "Not relevant"
            ],
            "proportion": 0.061299455193586316
          },
          {
            "response": [
              "Beneficial"
            ],
            "proportion": 0.14018926131110515
          },
          {
            "response": [
              "Important"
            ],
            "proportion": 0.40519294674366124
          },
          {
            "response": [
              "Essential"
            ],
            "proportion": 0.3933183367516472
          }
        ],
        "collapsed": [
          {
            "response": [
              "Not relevant",
              "Beneficial"
            ],
            "proportion": 0.2014887165046915
          },
          {
            "response": [
              "Important",
              "Essential"
            ],
            "proportion": 0.7985112834953084
          }
        ]
      }
    },
    {
      "wave": {
        "value": 23,
        "index": 3
      },
      "party": {
        "value": [
          "Independent",
          "Other"
        ],
        "index": 1
      },
      "responses": {
        "expanded": [
          {
            "response": [
              "Not relevant"
            ],
            "proportion": 0.031125444681546353
          },
          {
            "response": [
              "Beneficial"
            ],
            "proportion": 0.12455848313963835
          },
          {
            "response": [
              "Important"
            ],
            "proportion": 0.3065891930932113
          },
          {
            "response": [
              "Essential"
            ],
            "proportion": 0.5377268790856039
          }
        ],
        "collapsed": [
          {
            "response": [
              "Not relevant",
              "Beneficial"
            ],
            "proportion": 0.1556839278211847
          },
          {
            "response": [
              "Important",
              "Essential"
            ],
            "proportion": 0.8443160721788153
          }
        ]
      }
    },
    {
      "wave": {
        "value": 23,
        "index": 3
      },
      "party": {
        "value": [
          "Republican"
        ],
        "index": 2
      },
      "responses": {
        "expanded": [
          {
            "response": [
              "Not relevant"
            ],
            "proportion": 0.05915699260804166
          },
          {
            "response": [
              "Beneficial"
            ],
            "proportion": 0.18987822813217844
          },
          {
            "response": [
              "Important"
            ],
            "proportion": 0.3527470878569599
          },
          {
            "response": [
              "Essential"
            ],
            "proportion": 0.39821769140282
          }
        ],
        "collapsed": [
          {
            "response": [
              "Not relevant",
              "Beneficial"
            ],
            "proportion": 0.24903522074022014
          },
          {
            "response": [
              "Important",
              "Essential"
            ],
            "proportion": 0.7509647792597799
          }
        ]
      }
    },
    {
      "wave": null,
      "party": null,
      "responses": {
        "expanded": [
          {
            "response": [
              "Not relevant"
            ],
            "proportion": 0.05472918024798429
          },
          {
            "response": [
              "Beneficial"
            ],
            "proportion": 0.14392320429121633
          },
          {
            "response": [
              "Important"
            ],
            "proportion": 0.3299821424697278
          },
          {
            "response": [
              "Essential"
            ],
            "proportion": 0.47136547299107157
          }
        ],
        "collapsed": [
          {
            "response": [
              "Not relevant",
              "Beneficial"
            ],
            "proportion": 0.19865238453920062
          },
          {
            "response": [
              "Important",
              "Essential"
            ],
            "proportion": 0.8013476154607992
          }
        ]
      }
    },
    {
      "wave": null,
      "party": null,
      "responses": {
        "expanded": [
          {
            "response": [
              "Not relevant"
            ],
            "proportion": 0.05472918024798429
          },
          {
            "response": [
              "Beneficial"
            ],
            "proportion": 0.14392320429121633
          },
          {
            "response": [
              "Important"
            ],
            "proportion": 0.3299821424697278
          },
          {
            "response": [
              "Essential"
            ],
            "proportion": 0.47136547299107157
          }
        ],
        "collapsed": [
          {
            "response": [
              "Not relevant",
              "Beneficial"
            ],
            "proportion": 0.19865238453920062
          },
          {
            "response": [
              "Important",
              "Essential"
            ],
            "proportion": 0.8013476154607992
          }
        ]
      }
    },
    {
      "wave": null,
      "party": null,
      "responses": {
        "expanded": [
          {
            "response": [
              "Not relevant"
            ],
            "proportion": 0.05472918024798429
          },
          {
            "response": [
              "Beneficial"
            ],
            "proportion": 0.14392320429121633
          },
          {
            "response": [
              "Important"
            ],
            "proportion": 0.3299821424697278
          },
          {
            "response": [
              "Essential"
            ],
            "proportion": 0.47136547299107157
          }
        ],
        "collapsed": [
          {
            "response": [
              "Not relevant",
              "Beneficial"
            ],
            "proportion": 0.19865238453920062
          },
          {
            "response": [
              "Important",
              "Essential"
            ],
            "proportion": 0.8013476154607992
          }
        ]
      }
    },
    {
      "wave": null,
      "party": null,
      "responses": {
        "expanded": [
          {
            "response": [
              "Not relevant"
            ],
            "proportion": 0.05472918024798429
          },
          {
            "response": [
              "Beneficial"
            ],
            "proportion": 0.14392320429121633
          },
          {
            "response": [
              "Important"
            ],
            "proportion": 0.3299821424697278
          },
          {
            "response": [
              "Essential"
            ],
            "proportion": 0.47136547299107157
          }
        ],
        "collapsed": [
          {
            "response": [
              "Not relevant",
              "Beneficial"
            ],
            "proportion": 0.19865238453920062
          },
          {
            "response": [
              "Important",
              "Essential"
            ],
            "proportion": 0.8013476154607992
          }
        ]
      }
    },
    {
      "wave": null,
      "party": null,
      "responses": {
        "expanded": [
          {
            "response": [
              "Not relevant"
            ],
            "proportion": 0.05472918024798429
          },
          {
            "response": [
              "Beneficial"
            ],
            "proportion": 0.14392320429121633
          },
          {
            "response": [
              "Important"
            ],
            "proportion": 0.3299821424697278
          },
          {
            "response": [
              "Essential"
            ],
            "proportion": 0.47136547299107157
          }
        ],
        "collapsed": [
          {
            "response": [
              "Not relevant",
              "Beneficial"
            ],
            "proportion": 0.19865238453920062
          },
          {
            "response": [
              "Important",
              "Essential"
            ],
            "proportion": 0.8013476154607992
          }
        ]
      }
    }
  ]
}