{
  "characteristic_name": "funds_transparent",
  "col_idx": 19,
  "in_waves": [
    3,
    8,
    14,
    23
  ],
  "splits": [
    {
      "wave": {
        "value": 3,
        "index": 0
      },
      "party": {
        "value": [
          "Democrat"
        ],
        "index": 0
      },
      "responses": {
        "expanded": [
          {
            "response": [
              "Not relevant"
            ],
            "proportion": 0.06053297450668206
          },
          {
            "response": [
              "Beneficial"
            ],
            "proportion": 0.18421665020842165
          },
          {
            "response": [
              "Important"
            ],
            "proportion": 0.347874098361889
          },
          {
            "response": [
              "Essential"
            ],
            "proportion": 0.4073762769230074
          }
        ],
        "collapsed": [
          {
            "response": [
              "Not relevant",
              "Beneficial"
            ],
            "proportion": 0.2447496247151037
          },
          {
            "response": [
              "Important",
              "Essential"
            ],
            "proportion": 0.7552503752848964
          }
        ]
      }
    },
    {
      "wave": {
        "value": 3,
        "index": 0
      },
      "party": {
        "value": [
          "Independent",
          "Other"
        ],
        "index": 1
      },
      "responses": {
        "expanded": [
          {
            "response": [
              "Not relevant"
            ],
            "proportion": 0.03995868044841636
          },
          {
            "response": [
              "Beneficial"
            ],
            "proportion": 0.2022877197739882
          },
          {
            "response": [
              "Important"
            ],
            "proportion": 0.4001463129090376
          },
          {
            "response": [
              "Essential"
            ],
            "proportion": 0.35760728686855786
          }
        ],
        "collapsed": [
          {
            "response": [
              "Not relevant",
              "Beneficial"
            ],
            "proportion": 0.24224640022240457
          },
          {
            "response": [
              "Important",
              "Essential"
            ],
            "proportion": 0.7577535997775954
          }
        ]
      }
    },
    {
      "wave": {
        "value": 3,
        "index": 0
      },
      "party": {
        "value": [
          "Republican"
        ],
        "index": 2
      },
      "responses": {
        "expanded": [
          {
            "response": [
              "Not relevant"
            ],
            "proportion": 0.07348338912487319
          },
          {
            "response": [
              "Beneficial"
            ],
            "proportion": 0.2759500459739211
          },
          {
            "response": [
              "Important"
            ],
            "proportion": 0.375166567541645
          },
          {
            "response": [
              "Essential"
            ],
            "proportion": 0.2753999973595609
          }
        ],
        "collapsed": [
          {
            "response": [
              "Not relevant",
              "Beneficial"
            ],
            "proportion": 0.3494334350987943
          },
          {
            "response": [
              "Important",
              "Essential"
            ],
            "proportion": 0.6505665649012058
          }
        ]
      }
    },
    {
      "wave": null,
      "party": null,
      "responses": {
        "expanded": [
          {
            "response": [
              "Not relevant"
            ],
            "proportion": 0.05882835958820127
          },
          {
            "response": [
              "Beneficial"
            ],
            "proportion": 0.19742190295551099
          },
          {
            "response": [
              "Important"
            ],
            "proportion": 0.3627343724007296
          },
          {
            "response": [
              "Essential"
            ],
            "proportion": 0.38101536505555816
          }
        ],
        "collapsed": [
          {
            "response": [
              "Not relevant",
              "Beneficial"
            ],
            "proportion": 0.2562502625437123
          },
          {
            "response": [
              "Important",
              "Essential"
            ],
            "proportion": 0.7437497374562877
          }
        ]
      }
    },
    {
      "wave": {
        "value": 8,
        "index": 1
      },
      "party": {
        "value": [
          "Democrat"
        ],
        "index": 0
      },
      "responses": {
        "expanded": [
          {
            "response": [
              "Not relevant"
            ],
            "proportion": 0.048651249696648434
          },
          {
            "response": [
              "Beneficial"
            ],
            "proportion": 0.15342550234098007
          },
          {
            "response": [
              "Important"
            ],
            "proportion": 0.35535439962506826
          },
          {
            "response": [
              "Essential"
            ],
            "proportion": 0.44256884833730337
          }
        ],
        "collapsed": [
          {
            "response": [
              "Not relevant",
              "Beneficial"
            ],
            "proportion": 0.20207675203762854
          },
          {
            "response": [
              "Important",
              "Essential"
            ],
            "proportion": 0.7979232479623714
          }
        ]
      }
    },
    {
      "wave": {
        "value": 8,
        "index": 1
      },
      "party": {
        "value": [
          "Independent",
          "Other"
        ],
        "index": 1
      },
      "responses": {
        "expanded": [
          {
            "response": [
              "Not relevant"
            ],
            "proportion": 0.0675992258867735
          },
          {
            "response": [
              "Beneficial"
            ],
            "proportion": 0.18338809539713283
          },
          {
            "response": [
              "Important"
            ],
            "proportion": 0.3276886760736973
          },
          {
            "response": [
              "Essential"
            ],
            "proportion": 0.4213240026423965
          }
        ],
        "collapsed": [
          {
            "response": [
              "Not relevant",
              "Beneficial"
            ],
            "proportion": 0.25098732128390633
          },
          {
            "response": [
              "Important",
              "Essential"
            ],
            "proportion": 0.7490126787160938
          }
        ]
      }
    },
    {
      "wave": {
        "value": 8,
        "index": 1
      },
      "party": {
        "value": [
          "Republican"
        ],
        "index": 2
      },
      "responses": {
        "expanded": [
          {
            "response": [
              "Not relevant"
            ],
            "proportion": 0.06397238508894972
          },
          {
            "response": [
              "Beneficial"
            ],
            "proportion": 0.2802267542164186
          },
          {
            "response": [
              "Important"
            ],
            "proportion": 0.34961970853941404
          },
          {
            "response": [
              "Essential"
            ],
            "proportion": 0.30618115215521774
          }
        ],
        "collapsed": [
          {
            "response": [
              "Not relevant",
              "Beneficial"
            ],
            "proportion": 0.34419913930536833
          },
          {
            "response": [
              "Important",
              "Essential"
            ],
            "proportion": 0.6558008606946316
          }
        ]
      }
    },
    {
      "wave": null,
      "party": null,
      "responses": {
        "expanded": [
          {
            "response": [
              "Not relevant"
            ],
            "proportion": 0.05882835958820127
          },
          {
            "response": [
              "Beneficial"
            ],
            "proportion": 0.19742190295551099
          },
          {
            "response": [
              "Important"
            ],
            "proportion": 0.3627343724007296
          },
          {
            "response": [
              "Essential"
            ],
            "proportion": 0.38101536505555816
          }
        ],
        "collapsed": [
          {
            "response": [
              "Not relevant",
              "Beneficial"
            ],
            "proportion": 0.2562502625437123
          },
          {
            "response": [
              "Important",
              "Essential"
            ],
            "proportion": 0.7437497374562877
          }
        ]
      }
    },
    {
      "wave": {
        "value": 14,
        "index": 2
      },
      "party": {
        "value": [
          "Democrat"
        ],
        "index": 0
      },
      "responses": {
        "expanded": [
          {
            "response": [
              "Not relevant"
            ],
            "proportion": 0.08718470626840263
          },
          {
            "response": [
              "Beneficial"
            ],
            "proportion": 0.09564932447737753
          },
          {
            "response": [
              "Important"
            ],
            "proportion": 0.35832060180615743
          },
          {
            "response": [
              "Essential"
            ],
            "proportion": 0.4588453674480624
          }
        ],
        "collapsed": [
          {
            "response": [
              "Not relevant",
              "Beneficial"
            ],
            "proportion": 0.18283403074578017
          },
          {
            "response": [
              "Important",
              "Essential"
            ],
            "proportion": 0.81716596925422
          }
        ]
      }
    },
    {
      "wave": {
        "value": 14,
        "index": 2
      },
      "party": {
        "value": [
          "Independent",
          "Other"
        ],
        "index": 1
      },
      "responses": {
        "expanded": [
          {
            "response": [
              "Not relevant"
            ],
            "proportion": 0.0559271213611979
          },
          {
            "response": [
              "Beneficial"
            ],
            "proportion": 0.19257934784521255
          },
          {
            "response": [
              "Important"
            ],
            "proportion": 0.3423058811621565
          },
          {
            "response": [
              "Essential"
            ],
            "proportion": 0.40918764963143306
          }
        ],
        "collapsed": [
          {
            "response": [
              "Not relevant",
              "Beneficial"
            ],
            "proportion": 0.24850646920641042
          },
          {
            "response": [
              "Important",
              "Essential"
            ],
            "proportion": 0.7514935307935897
          }
        ]
      }
    },
    {
      "wave": {
        "value": 14,
        "index": 2
      },
      "party": {
        "value": [
          "Republican"
        ],
        "index": 2
      },
      "responses": {
        "expanded": [
          {
            "response": [
              "Not relevant"
            ],
            "proportion": 0.06282765775366293
          },
          {
            "response": [
              "Beneficial"
            ],
            "proportion": 0.13686183330747242
          },
          {
            "response": [
              "Important"
            ],
            "proportion": 0.32834505746216053
          },
          {
            "response": [
              "Essential"
            ],
            "proportion": 0.4719654514767042
          }
        ],
        "collapsed": [
          {
            "response": [
              "Not relevant",
              "Beneficial"
            ],
            "proportion": 0.19968949106113534
          },
          {
            "response": [
              "Important",
              "Essential"
            ],
            "proportion": 0.8003105089388647
          }
        ]
      }
    },
    {
      "wave": null,
      "party": null,
      "responses": {
        "expanded": [
          {
            "response": [
              "Not relevant"
            ],
            "proportion": 0.05882835958820127
          },
          {
            "response": [
              "Beneficial"
            ],
            "proportion": 0.19742190295551099
          },
          {
            "response": [
              "Important"
            ],
            "proportion": 0.3627343724007296
          },
          {
            "response": [
              "Essential"
            ],
            "proportion": 0.38101536505555816
          }
        ],
        "collapsed": [
          {
            "response": [
              "Not relevant",
              "Beneficial"
            ],
            "proportion": 0.2562502625437123
          },
          {
            "response": [
              "Important",
              "Essential"
            ],
            "proportion": 0.7437497374562877
          }
        ]
      }
    },
    {
      "wave": {
        "value": 23,
        "index": 3
      },
      "party": {
        "value": [
          "Democrat"
        ],
        "index": 0
      },
      "responses": {
        "expanded": [
          {
            "response": [
              "Not relevant"
            ],
            "proportion": 0.06728158711686727
          },
          {
            "response": [
              "Beneficial"
            ],
            "proportion": 0.18325892180499004
          },
          {
            "response": [
              "Important"
            ],
            "proportion": 0.38678863217365
          },
          {
            "response": [
              "Essential"
            ],
            "proportion": 0.36267085890449274
          }
        ],
        "collapsed": [
          {
            "response": [
              "Not relevant",
              "Beneficial"
            ],
            "proportion": 0.2505405089218573
          },
          {
            "response": [
              "Important",
              "Essential"
            ],
            "proportion": 0.7494594910781427
          }
        ]
      }
    },
    {
      "wave": {
        "value": 23,
        "index": 3
      },
      "party": {
        "value": [
          "Independent",
          "Other"
        ],
        "index": 1
      },
      "responses": {
        "expanded": [
          {
            "response": [
              "Not relevant"
            ],
            "proportion": 0.016726797545361057
          },
          {
            "response": [
              "Beneficial"
            ],
            "proportion": 0.23370479261375712
          },
          {
            "response": [
              "Important"
            ],
            "proportion": 0.3855726196897781
          },
          {
            "response": [
              "Essential"
            ],
            "proportion": 0.3639957901511035
          }
        ],
        "collapsed": [
          {
            "response": [
              "Not relevant",
              "Beneficial"
            ],
            "proportion": 0.2504315901591182
          },
          {
            "response": [
              "Important",
              "Essential"
            ],
            "proportion": 0.7495684098408817
          }
        ]
      }
    },
    {
      "wave": {
        "value": 23,
        "index": 3
      },
      "party": {
        "value": [
          "Republican"
        ],
        "index": 2
      },
      "responses": {
        "expanded": [
          {
            "response": [
              "Not relevant"
            ],
            "proportion": 0.07009565902373585
          },
          {
            "response": [
              "Beneficial"
            ],
            "proportion": 0.19925173944772456
          },
          {
            "response": [
              "Important"
            ],
            "proportion": 0.3968308323993329
          },
          {
            "response": [
              "Essential"
            ],
            "proportion": 0.33382176912920675
          }
        ],
        "collapsed": [
          {
            "response": [
              "Not relevant",
              "Beneficial"
            ],
            "proportion": 0.26934739847146044
          },
          {
            "response": [
              "Important",
              "Essential"
            ],
            "proportion": 0.7306526015285396
          }
        ]
      }
    },
    {
      "wave": null,
      "party": null,
      "responses": {
        "expanded": [
          {
            "response": [
              "Not relevant"
            ],
            "proportion": 0.05882835958820127
          },
          {
            "response": [
              "Beneficial"
            ],
            "proportion": 0.19742190295551099
          },
          {
            "response": [
              "Important"
            ],
            "proportion": 0.3627343724007296
          },
          {
            "response": [
              "Essential"
            ],
            "proportion": 0.38101536505555816
          }
        ],
        "collapsed": [
          {
            "response": [
              "Not relevant",
              "Beneficial"
            ],
            "proportion": 0.2562502625437123
          },
          {
            "response": [
              "Important",
              "Essential"
            ],
            "proportion": 0.7437497374562877
          }
        ]
      }
    },
    {
      "wave": null,
      "party": null,
      "responses": {
        "expanded": [
          {
            "response": [
              "Not relevant"
            ],
            "proportion": 0.05882835958820127
          },
          {
            "response": [
              "Beneficial"
            ],
            "proportion": 0.19742190295551099
          },
          {
            "response": [
              "Important"
            ],
            "proportion": 0.3627343724007296
          },
          {
            "response": [
              "Essential"
            ],
            "proportion": 0.38101536505555816
          }
        ],
        "collapsed": [
          {
            "response": [
              "Not relevant",
              "Beneficial"
            ],
            "proportion": 0.2562502625437123
          },
          {
            "response": [
              "Important",
              "Essential"
            ],
            "proportion": 0.7437497374562877
          }
        ]
      }
    },
    {
      "wave": null,
      "party": null,
      "responses": {
        "expanded": [
          {
            "response": [
              "Not relevant"
            ],
            "proportion": 0.05882835958820127
          },
          {
            "response": [
              "Beneficial"
            ],
            "proportion": 0.19742190295551099
          },
          {
            "response": [
              "Important"
            ],
            "proportion": 0.3627343724007296
          },
          {
            "response": [
              "Essential"
            ],
            "proportion": 0.38101536505555816
          }
        ],
        "collapsed": [
          {
            "response": [
              "Not relevant",
              "Beneficial"
            ],
            "proportion": 0.2562502625437123
          },
          {
            "response": [
              "Important",
              "Essential"
            ],
            "proportion": 0.7437497374562877
          }
        ]
      }
    },
    {
      "wave": null,
      "party": null,
      "responses": {
        "expanded": [
          {
            "response": [
              "Not relevant"
            ],
            "proportion": 0.05882835958820127
          },
          {
            "response": [
              "Beneficial"
            ],
            "proportion": 0.19742190295551099
          },
          {
            "response": [
              "Important"
            ],
            "proportion": 0.3627343724007296
          },
          {
            "response": [
              "Essential"
            ],
            "proportion": 0.38101536505555816
          }
        ],
        "collapsed": [
          {
            "response": [
              "Not relevant",
              "Beneficial"
            ],
            "proportion": 0.2562502625437123
          },
          {
            "response": [
              "Important",
              "Essential"
            ],
            "proportion": 0.7437497374562877
          }
        ]
      }
    },
    {
      "wave": null,
      "party": null,
      "responses": {
        "expanded": [
          {
            "response": [
              "Not relevant"
            ],
            "proportion": 0.05882835958820127
          },
          {
            "response": [
              "Beneficial"
            ],
            "proportion": 0.19742190295551099
          },
          {
            "response": [
              "Important"
            ],
            "proportion": 0.3627343724007296
          },
          {
            "response": [
              "Essential"
            ],
            "proportion": 0.38101536505555816
          }
        ],
        "collapsed": [
          {
            "response": [
              "Not relevant",
              "Beneficial"
            ],
            "proportion": 0.2562502625437123
          },
          {
            "response": [
              "Important",
              "Essential"
            ],
            "proportion": 0.7437497374562877
          }
        ]
      }
    }
  ]
}