{
  "characteristic_name": "gov_stats",
  "col_idx": 38,
  "in_waves": [
    14,
    23
  ],
  "splits": [
    {
      "wave": {
        "value": 3,
        "index": 0
      },
      "party": {
        "value": [
          "Democrat"
        ],
        "index": 0
      },
      "responses": null
    },
    {
      "wave": {
        "value": 3,
        "index": 0
      },
      "party": {
        "value": [
          "Independent",
          "Other"
        ],
        "index": 1
      },
      "responses": null
    },
    {
      "wave": {
        "value": 3,
        "index": 0
      },
      "party": {
        "value": [
          "Republican"
        ],
        "index": 2
      },
      "responses": null
    },
    {
      "wave": null,
      "party": null,
      "responses": {
        "expanded": [
          {
            "response": [
              "Not relevant"
            ],
            "proportion": 0.06417918736094962
          },
          {
            "response": [
              "Beneficial"
            ],
            "proportion": 0.1381447198244015
          },
          {
            "response": [
              "Important"
            ],
            "proportion": 0.35741486893187224
          },
          {
            "response": [
              "Essential"
            ],
            "proportion": 0.4402612238827766
          }
        ],
        "collapsed": [
          {
            "response": [
              "Not relevant",
              "Beneficial"
            ],
            "proportion": 0.20232390718535112
          },
          {
            "response": [
              "Important",
              "Essential"
            ],
            "proportion": 0.7976760928146488
          }
        ]
      }
    },
    {
      "wave": {
        "value": 8,
        "index": 1
      },
      "party": {
        "value": [
          "Democrat"
        ],
        "index": 0
      },
      "responses": null
    },
    {
      "wave": {
        "value": 8,
        "index": 1
      },
      "party": {
        "value": [
          "Independent",
          "Other"
        ],
        "index": 1
      },
      "responses": null
    },
    {
      "wave": {
        "value": 8,
        "index": 1
      },
      "party": {
        "value": [
          "Republican"
        ],
        "index": 2
      },
      "responses": null
    },
    {
      "wave": null,
      "party": null,
      "responses": {
        "expanded": [
          {
            "response": [
              "Not relevant"
            ],
            "proportion": 0.06417918736094962
          },
          {
            "response": [
              "Beneficial"
            ],
            "proportion": 0.1381447198244015
          },
          {
            "response": [
              "Important"
            ],
            "proportion": 0.35741486893187224
          },
          {
            "response": [
              "Essential"
            ],
            "proportion": 0.4402612238827766
          }
        ],
        "collapsed": [
          {
            "response": [
              "Not relevant",
              "Beneficial"
            ],
            "proportion": 0.20232390718535112
          },
          {
            "response": [
              "Important",
              "Essential"
            ],
            "proportion": 0.7976760928146488
          }
        ]
      }
    },
    {
      "wave": {
        "value": 14,
        "index": 2
      },
      "party": {
        "value": [
          "Democrat"
        ],
        "index": 0
      },
      "responses": {
        "expanded": [
          {
            "response": [
              "Not relevant"
            ],
            "proportion": 0.04663850347185766
          },
          {
            "response": [
              "Beneficial"
            ],
            "proportion": 0.07581715284998644
          },
          {
            "response": [
              "Important"
            ],
            "proportion": 0.2509113281774112
          },
          {
            "response": [
              "Essential"
            ],
            "proportion": 0.6266330155007448
          }
        ],
        "collapsed": [
          {
            "response": [
              "Not relevant",
              "Beneficial"
            ],
            "proportion": 0.1224556563218441
          },
          {
            "response": [
              "Important",
              "Essential"
            ],
            "proportion": 0.8775443436781559
          }
        ]
      }
    },
    {
      "wave": {
        "value": 14,
        "index": 2
      },
      "party": {
        "value": [
          "Independent",
          "Other"
        ],
        "index": 1
      },
      "responses": {
        "expanded": [
          {
            "response": [
              "Not relevant"
            ],
            "proportion": 0.07689272766258555
          },
          {
            "response": [
              "Beneficial"
            ],
            "proportion": 0.11172345250499675
          },
          {
            "response": [
              "Important"
            ],
            "proportion": 0.4050270004627778
          },
          {
            "response": [
              "Essential"
            ],
            "proportion": 0.4063568193696398
          }
        ],
        "collapsed": [
          {
            "response": [
              "Not relevant",
              "Beneficial"
            ],
            "proportion": 0.18861618016758228
          },
          {
            "response": [
              "Important",
              "Essential"
            ],
            "proportion": 0.8113838198324177
          }
        ]
      }
    },
    {
      "wave": {
        "value": 14,
        "index": 2
      },
      "party": {
        "value": [
          "Republican"
        ],
        "index": 2
      },
      "responses": {
        "expanded": [
          {
            "response": [
              "Not relevant"
            ],
            "proportion": 0.06389879431716435
          },
          {
            "response": [
              "Beneficial"
            ],
            "proportion": 0.14557958913443877
          },
          {
            "response": [
              "Important"
            ],
            "proportion": 0.3259472514717001
          },
          {
            "response": [
              "Essential"
            ],
            "proportion": 0.4645743650766967
          }
        ],
        "collapsed": [
          {
            "response": [
              "Not relevant",
              "Beneficial"
            ],
            "proportion": 0.20947838345160313
          },
          {
            "response": [
              "Important",
              "Essential"
            ],
            "proportion": 0.7905216165483967
          }
        ]
      }
    },
    {
      "wave": null,
      "party": null,
      "responses": {
        "expanded": [
          {
            "response": [
              "Not relevant"
            ],
            "proportion": 0.06417918736094962
          },
          {
            "response": [
              "Beneficial"
            ],
            "proportion": 0.1381447198244015
          },
          {
            "response": [
              "Important"
            ],
            "proportion": 0.35741486893187224
          },
          {
            "response": [
              "Essential"
            ],
            "proportion": 0.4402612238827766
          }
        ],
        "collapsed": [
          {
            "response": [
              "Not relevant",
              "Beneficial"
            ],
            "proportion": 0.20232390718535112
          },
          {
            "response": [
              "Important",
              "Essential"
            ],
            "proportion": 0.7976760928146488
          }
        ]
      }
    },
    {
      "wave": {
        "value": 23,
        "index": 3
      },
      "party": {
        "value": [
          "Democrat"
        ],
        "index": 0
      },
      "responses": {
        "expanded": [
          {
            "response": [
              "Not relevant"
            ],
            "proportion": 0.08104465378144365
          },
          {
            "response": [
              "Beneficial"
            ],
            "proportion": 0.14867499641216264
          },
          {
            "response": [
              "Important"
            ],
            "proportion": 0.34661781470046926
          },
          {
            "response": [
              "Essential"
            ],
            "proportion": 0.42366253510592455
          }
        ],
        "collapsed": [
          {
            "response": [
              "Not relevant",
              "Beneficial"
            ],
            "proportion": 0.22971965019360632
          },
          {
            "response": [
              "Important",
              "Essential"
            ],
            "proportion": 0.7702803498063937
          }
        ]
      }
    },
    {
      "wave": {
        "value": 23,
        "index": 3
      },
      "party": {
        "value": [
          "Independent",
          "Other"
        ],
        "index": 1
      },
      "responses": {
        "expanded": [
          {
            "response": [
              "Not relevant"
            ],
            "proportion": 0.05465053846723616
          },
          {
            "response": [
              "Beneficial"
            ],
            "proportion": 0.13208666596357996
          },
          {
            "response": [
              "Important"
            ],
            "proportion": 0.36851030592740475
          },
          {
            "response": [
              "Essential"
            ],
            "proportion": 0.4447524896417791
          }
        ],
        "collapsed": [
          {
            "response": [
              "Not relevant",
              "Beneficial"
            ],
            "proportion": 0.1867372044308161
          },
          {
            "response": [
              "Important",
              "Essential"
            ],
            "proportion": 0.8132627955691839
          }
        ]
      }
    },
    {
      "wave": {
        "value": 23,
        "index": 3
      },
      "party": {
        "value": [
          "Republican"
        ],
        "index": 2
      },
      "responses": {
        "expanded": [
          {
            "response": [
              "Not relevant"
            ],
            "proportion": 0.05774484107319286
          },
          {
            "response": [
              "Beneficial"
            ],
            "proportion": 0.19592292103403125
          },
          {
            "response": [
              "Important"
            ],
            "proportion": 0.41703327718446376
          },
          {
            "response": [
              "Essential"
            ],
            "proportion": 0.32929896070831244
          }
        ],
        "collapsed": [
          {
            "response": [
              "Not relevant",
              "Beneficial"
            ],
            "proportion": 0.25366776210722414
          },
          {
            "response": [
              "Important",
              "Essential"
            ],
            "proportion": 0.746332237892776
          }
        ]
      }
    },
    {
      "wave": null,
      "party": null,
      "responses": {
        "expanded": [
          {
            "response": [
              "Not relevant"
            ],
            "proportion": 0.06417918736094962
          },
          {
            "response": [
              "Beneficial"
            ],
            "proportion": 0.1381447198244015
          },
          {
            "response": [
              "Important"
            ],
            "proportion": 0.35741486893187224
          },
          {
            "response": [
              "Essential"
            ],
            "proportion": 0.4402612238827766
          }
        ],
        "collapsed": [
          {
            "response": [
              "Not relevant",
              "Beneficial"
            ],
            "proportion": 0.20232390718535112
          },
          {
            "response": [
              "Important",
              "Essential"
            ],
            "proportion": 0.7976760928146488
          }
        ]
      }
    },
    {
      "wave": null,
      "party": null,
      "responses": {
        "expanded": [
          {
            "response": [
              "Not relevant"
            ],
            "proportion": 0.06417918736094962
          },
          {
            "response": [
              "Beneficial"
            ],
            "proportion": 0.1381447198244015
          },
          {
            "response": [
              "Important"
            ],
            "proportion": 0.35741486893187224
          },
          {
            "response": [
              "Essential"
            ],
            "proportion": 0.4402612238827766
          }
        ],
        "collapsed": [
          {
            "response": [
              "Not relevant",
              "Beneficial"
            ],
            "proportion": 0.20232390718535112
          },
          {
            "response": [
              "Important",
              "Essential"
            ],
            "proportion": 0.7976760928146488
          }
        ]
      }
    },
    {
      "wave": null,
      "party": null,
      "responses": {
        "expanded": [
          {
            "response": [
              "Not relevant"
            ],
            "proportion": 0.06417918736094962
          },
          {
            "response": [
              "Beneficial"
            ],
            "proportion": 0.1381447198244015
          },
          {
            "response": [
              "Important"
            ],
            "proportion": 0.35741486893187224
          },
          {
            "response": [
              "Essential"
            ],
            "proportion": 0.4402612238827766
          }
        ],
        "collapsed": [
          {
            "response": [
              "Not relevant",
              "Beneficial"
            ],
            "proportion": 0.20232390718535112
          },
          {
            "response": [
              "Important",
              "Essential"
            ],
            "proportion": 0.7976760928146488
          }
        ]
      }
    },
    {
      "wave": null,
      "party": null,
      "responses": {
        "expanded": [
          {
            "response": [
              "Not relevant"
            ],
            "proportion": 0.06417918736094962
          },
          {
            "response": [
              "Beneficial"
            ],
            "proportion": 0.1381447198244015
          },
          {
            "response": [
              "Important"
            ],
            "proportion": 0.35741486893187224
          },
          {
            "response": [
              "Essential"
            ],
            "proportion": 0.4402612238827766
          }
        ],
        "collapsed": [
          {
            "response": [
              "Not relevant",
              "Beneficial"
            ],
            "proportion": 0.20232390718535112
          },
          {
            "response": [
              "Important",
              "Essential"
            ],
            "proportion": 0.7976760928146488
          }
        ]
      }
    },
    {
      "wave": null,
      "party": null,
      "responses": {
        "expanded": [
          {
            "response": [
              "Not relevant"
            ],
            "proportion": 0.06417918736094962
          },
          {
            "response": [
              "Beneficial"
            ],
            "proportion": 0.1381447198244015
          },
          {
            "response": [
              "Important"
            ],
            "proportion": 0.35741486893187224
          },
          {
            "response": [
              "Essential"
            ],
            "proportion": 0.4402612238827766
          }
        ],
        "collapsed": [
          {
            "response": [
              "Not relevant",
              "Beneficial"
            ],
            "proportion": 0.20232390718535112
          },
          {
            "response": [
              "Important",
              "Essential"
            ],
            "proportion": 0.7976760928146488
          }
        ]
      }
    }
  ]
}