{
  "characteristic_name": "investigations",
  "col_idx": 27,
  "in_waves": [
    3,
    8,
    14,
    23
  ],
  "splits": [
    {
      "wave": {
        "value": 3,
        "index": 0
      },
      "party": {
        "value": [
          "Democrat"
        ],
        "index": 0
      },
      "responses": {
        "expanded": [
          {
            "response": [
              "Not relevant"
            ],
            "proportion": 0.036953212018714376
          },
          {
            "response": [
              "Beneficial"
            ],
            "proportion": 0.09198896409454947
          },
          {
            "response": [
              "Important"
            ],
            "proportion": 0.35715502794423876
          },
          {
            "response": [
              "Essential"
            ],
            "proportion": 0.5139027959424975
          }
        ],
        "collapsed": [
          {
            "response": [
              "Not relevant",
              "Beneficial"
            ],
            "proportion": 0.12894217611326383
          },
          {
            "response": [
              "Important",
              "Essential"
            ],
            "proportion": 0.8710578238867364
          }
        ]
      }
    },
    {
      "wave": {
        "value": 3,
        "index": 0
      },
      "party": {
        "value": [
          "Independent",
          "Other"
        ],
        "index": 1
      },
      "responses": {
        "expanded": [
          {
            "response": [
              "Not relevant"
            ],
            "proportion": 0.020888105860323556
          },
          {
            "response": [
              "Beneficial"
            ],
            "proportion": 0.10832928806275469
          },
          {
            "response": [
              "Important"
            ],
            "proportion": 0.33896267220008275
          },
          {
            "response": [
              "Essential"
            ],
            "proportion": 0.5318199338768391
          }
        ],
        "collapsed": [
          {
            "response": [
              "Not relevant",
              "Beneficial"
            ],
            "proportion": 0.12921739392307824
          },
          {
            "response": [
              "Important",
              "Essential"
            ],
            "proportion": 0.8707826060769219
          }
        ]
      }
    },
    {
      "wave": {
        "value": 3,
        "index": 0
      },
      "party": {
        "value": [
          "Republican"
        ],
        "index": 2
      },
      "responses": {
        "expanded": [
          {
            "response": [
              "Not relevant"
            ],
            "proportion": 0.01431767961827905
          },
          {
            "response": [
              "Beneficial"
            ],
            "proportion": 0.1666600288078567
          },
          {
            "response": [
              "Important"
            ],
            "proportion": 0.361802739112225
          },
          {
            "response": [
              "Essential"
            ],
            "proportion": 0.45721955246163926
          }
        ],
        "collapsed": [
          {
            "response": [
              "Not relevant",
              "Beneficial"
            ],
            "proportion": 0.18097770842613572
          },
          {
            "response": [
              "Important",
              "Essential"
            ],
            "proportion": 0.8190222915738642
          }
        ]
      }
    },
    {
      "wave": null,
      "party": null,
      "responses": {
        "expanded": [
          {
            "response": [
              "Not relevant"
            ],
            "proportion": 0.045259719340224866
          },
          {
            "response": [
              "Beneficial"
            ],
            "proportion": 0.11077603675062568
          },
          {
            "response": [
              "Important"
            ],
            "proportion": 0.317268488176256
          },
          {
            "response": [
              "Essential"
            ],
            "proportion": 0.5266957557328933
          }
        ],
        "collapsed": [
          {
            "response": [
              "Not relevant",
              "Beneficial"
            ],
            "proportion": 0.15603575609085057
          },
          {
            "response": [
              "Important",
              "Essential"
            ],
            "proportion": 0.8439642439091494
          }
        ]
      }
    },
    {
      "wave": {
        "value": 8,
        "index": 1
      },
      "party": {
        "value": [
          "Democrat"
        ],
        "index": 0
      },
      "responses": {
        "expanded": [
          {
            "response": [
              "Not relevant"
            ],
            "proportion": 0.029595340755668446
          },
          {
            "response": [
              "Beneficial"
            ],
            "proportion": 0.08867862067046882
          },
          {
            "response": [
              "Important"
            ],
            "proportion": 0.3120701577248054
          },
          {
            "response": [
              "Essential"
            ],
            "proportion": 0.5696558808490575
          }
        ],
        "collapsed": [
          {
            "response": [
              "Not relevant",
              "Beneficial"
            ],
            "proportion": 0.11827396142613728
          },
          {
            "response": [
              "Important",
              "Essential"
            ],
            "proportion": 0.8817260385738628
          }
        ]
      }
    },
    {
      "wave": {
        "value": 8,
        "index": 1
      },
      "party": {
        "value": [
          "Independent",
          "Other"
        ],
        "index": 1
      },
      "responses": {
        "expanded": [
          {
            "response": [
              "Not relevant"
            ],
            "proportion": 0.07624292227428787
          },
          {
            "response": [
              "Beneficial"
            ],
            "proportion": 0.09312792623610679
          },
          {
            "response": [
              "Important"
            ],
            "proportion": 0.25592169818388505
          },
          {
            "response": [
              "Essential"
            ],
            "proportion": 0.5747074533057202
          }
        ],
        "collapsed": [
          {
            "response": [
              "Not relevant",
              "Beneficial"
            ],
            "proportion": 0.16937084851039463
          },
          {
            "response": [
              "Important",
              "Essential"
            ],
            "proportion": 0.8306291514896053
          }
        ]
      }
    },
    {
      "wave": {
        "value": 8,
        "index": 1
      },
      "party": {
        "value": [
          "Republican"
        ],
        "index": 2
      },
      "responses": {
        "expanded": [
          {
            "response": [
              "Not relevant"
            ],
            "proportion": 0.06782442146159655
          },
          {
            "response": [
              "Beneficial"
            ],
            "proportion": 0.13163343838149572
          },
          {
            "response": [
              "Important"
            ],
            "proportion": 0.3688766117427222
          },
          {
            "response": [
              "Essential"
            ],
            "proportion": 0.4316655284141856
          }
        ],
        "collapsed": [
          {
            "response": [
              "Not relevant",
              "Beneficial"
            ],
            "proportion": 0.19945785984309228
          },
          {
            "response": [
              "Important",
              "Essential"
            ],
            "proportion": 0.8005421401569077
          }
        ]
      }
    },
    {
      "wave": null,
      "party": null,
      "responses": {
        "expanded": [
          {
            "response": [
              "Not relevant"
            ],
            "proportion": 0.045259719340224866
          },
          {
            "response": [
              "Beneficial"
            ],
            "proportion": 0.11077603675062568
          },
          {
            "response": [
              "Important"
            ],
            "proportion": 0.317268488176256
          },
          {
            "response": [
              "Essential"
            ],
            "proportion": 0.5266957557328933
          }
        ],
        "collapsed": [
          {
            "response": [
              "Not relevant",
              "Beneficial"
            ],
            "proportion": 0.15603575609085057
          },
          {
            "response": [
              "Important",
              "Essential"
            ],
            "proportion": 0.8439642439091494
          }
        ]
      }
    },
    {
      "wave": {
        "value": 14,
        "index": 2
      },
      "party": {
        "value": [
          "Democrat"
        ],
        "index": 0
      },
      "responses": {
        "expanded": [
          {
            "response": [
              "Not relevant"
            ],
            "proportion": 0.05498037751417661
          },
          {
            "response": [
              "Beneficial"
            ],
            "proportion": 0.07572069915143453
          },
          {
            "response": [
              "Important"
            ],
            "proportion": 0.2703943227350964
          },
          {
            "response": [
              "Essential"
            ],
            "proportion": 0.5989046005992926
          }
        ],
        "collapsed": [
          {
            "response": [
              "Not relevant",
              "Beneficial"
            ],
            "proportion": 0.13070107666561115
          },
          {
            "response": [
              "Important",
              "Essential"
            ],
            "proportion": 0.8692989233343887
          }
        ]
      }
    },
    {
      "wave": {
        "value": 14,
        "index": 2
      },
      "party": {
        "value": [
          "Independent",
          "Other"
        ],
        "index": 1
      },
      "responses": {
        "expanded": [
          {
            "response": [
              "Not relevant"
            ],
            "proportion": 0.039025431023939024
          },
          {
            "response": [
              "Beneficial"
            ],
            "proportion": 0.05550999849471514
          },
          {
            "response": [
              "Important"
            ],
            "proportion": 0.30457114615577574
          },
          {
            "response": [
              "Essential"
            ],
            "proportion": 0.6008934243255701
          }
        ],
        "collapsed": [
          {
            "response": [
              "Not relevant",
              "Beneficial"
            ],
            "proportion": 0.09453542951865415
          },
          {
            "response": [
              "Important",
              "Essential"
            ],
            "proportion": 0.9054645704813458
          }
        ]
      }
    },
    {
      "wave": {
        "value": 14,
        "index": 2
      },
      "party": {
        "value": [
          "Republican"
        ],
        "index": 2
      },
      "responses": {
        "expanded": [
          {
            "response": [
              "Not relevant"
            ],
            "proportion": 0.06132215906744895
          },
          {
            "response": [
              "Beneficial"
            ],
            "proportion": 0.12444937406352809
          },
          {
            "response": [
              "Important"
            ],
            "proportion": 0.23828671102573312
          },
          {
            "response": [
              "Essential"
            ],
            "proportion": 0.57594175584329
          }
        ],
        "collapsed": [
          {
            "response": [
              "Not relevant",
              "Beneficial"
            ],
            "proportion": 0.18577153313097702
          },
          {
            "response": [
              "Important",
              "Essential"
            ],
            "proportion": 0.8142284668690228
          }
        ]
      }
    },
    {
      "wave": null,
      "party": null,
      "responses": {
        "expanded": [
          {
            "response": [
              "Not relevant"
            ],
            "proportion": 0.045259719340224866
          },
          {
            "response": [
              "Beneficial"
            ],
            "proportion": 0.11077603675062568
          },
          {
            "response": [
              "Important"
            ],
            "proportion": 0.317268488176256
          },
          {
            "response": [
              "Essential"
            ],
            "proportion": 0.5266957557328933
          }
        ],
        "collapsed": [
          {
            "response": [
              "Not relevant",
              "Beneficial"
            ],
            "proportion": 0.15603575609085057
          },
          {
            "response": [
              "Important",
              "Essential"
            ],
            "proportion": 0.8439642439091494
          }
        ]
      }
    },
    {
      "wave": {
        "value": 23,
        "index": 3
      },
      "party": {
        "value": [
          "Democrat"
        ],
        "index": 0
      },
      "responses": {
        "expanded": [
          {
            "response": [
              "Not relevant"
            ],
            "proportion": 0.08923665730984627
          },
          {
            "response": [
              "Beneficial"
            ],
            "proportion": 0.11615366739198414
          },
          {
            "response": [
              "Important"
            ],
            "proportion": 0.2571213244144936
          },
          {
            "response": [
              "Essential"
            ],
            "proportion": 0.537488350883676
          }
        ],
        "collapsed": [
          {
            "response": [
              "Not relevant",
              "Beneficial"
            ],
            "proportion": 0.20539032470183044
          },
          {
            "response": [
              "Important",
              "Essential"
            ],
            "proportion": 0.7946096752981695
          }
        ]
      }
    },
    {
      "wave": {
        "value": 23,
        "index": 3
      },
      "party": {
        "value": [
          "Independent",
          "Other"
        ],
        "index": 1
      },
      "responses": {
        "expanded": [
          {
            "response": [
              "Not relevant"
            ],
            "proportion": 0.030674544400454785
          },
          {
            "response": [
              "Beneficial"
            ],
            "proportion": 0.132584385511853
          },
          {
            "response": [
              "Important"
            ],
            "proportion": 0.28718918860663806
          },
          {
            "response": [
              "Essential"
            ],
            "proportion": 0.5495518814810543
          }
        ],
        "collapsed": [
          {
            "response": [
              "Not relevant",
              "Beneficial"
            ],
            "proportion": 0.16325892991230775
          },
          {
            "response": [
              "Important",
              "Essential"
            ],
            "proportion": 0.8367410700876923
          }
        ]
      }
    },
    {
      "wave": {
        "value": 23,
        "index": 3
      },
      "party": {
        "value": [
          "Republican"
        ],
        "index": 2
      },
      "responses": {
        "expanded": [
          {
            "response": [
              "Not relevant"
            ],
            "proportion": 0.050596907753663836
          },
          {
            "response": [
              "Beneficial"
            ],
            "proportion": 0.17303803301993073
          },
          {
            "response": [
              "Important"
            ],
            "proportion": 0.35252520339710475
          },
          {
            "response": [
              "Essential"
            ],
            "proportion": 0.42383985582930067
          }
        ],
        "collapsed": [
          {
            "response": [
              "Not relevant",
              "Beneficial"
            ],
            "proportion": 0.22363494077359455
          },
          {
            "response": [
              "Important",
              "Essential"
            ],
            "proportion": 0.7763650592264056
          }
        ]
      }
    },
    {
      "wave": null,
      "party": null,
      "responses": {
        "expanded": [
          {
            "response": [
              "Not relevant"
            ],
            "proportion": 0.045259719340224866
          },
          {
            "response": [
              "Beneficial"
            ],
            "proportion": 0.11077603675062568
          },
          {
            "response": [
              "Important"
            ],
            "proportion": 0.317268488176256
          },
          {
            "response": [
              "Essential"
            ],
            "proportion": 0.5266957557328933
          }
        ],
        "collapsed": [
          {
            "response": [
              "Not relevant",
              "Beneficial"
            ],
            "proportion": 0.15603575609085057
          },
          {
            "response": [
              "Important",
              "Essential"
            ],
            "proportion": 0.8439642439091494
          }
        ]
      }
    },
    {
      "wave": null,
      "party": null,
      "responses": {
        "expanded": [
          {
            "response": [
              "Not relevant"
            ],
            "proportion": 0.045259719340224866
          },
          {
            "response": [
              "Beneficial"
            ],
            "proportion": 0.11077603675062568
          },
          {
            "response": [
              "Important"
            ],
            "proportion": 0.317268488176256
          },
          {
            "response": [
              "Essential"
            ],
            "proportion": 0.5266957557328933
          }
        ],
        "collapsed": [
          {
            "response": [
              "Not relevant",
              "Beneficial"
            ],
            "proportion": 0.15603575609085057
          },
          {
            "response": [
              "Important",
              "Essential"
            ],
            "proportion": 0.8439642439091494
          }
        ]
      }
    },
    {
      "wave": null,
      "party": null,
      "responses": {
        "expanded": [
          {
            "response": [
              "Not relevant"
            ],
            "proportion": 0.045259719340224866
          },
          {
            "response": [
              "Beneficial"
            ],
            "proportion": 0.11077603675062568
          },
          {
            "response": [
              "Important"
            ],
            "proportion": 0.317268488176256
          },
          {
            "response": [
              "Essential"
            ],
            "proportion": 0.5266957557328933
          }
        ],
        "collapsed": [
          {
            "response": [
              "Not relevant",
              "Beneficial"
            ],
            "proportion": 0.15603575609085057
          },
          {
            "response": [
              "Important",
              "Essential"
            ],
            "proportion": 0.8439642439091494
          }
        ]
      }
    },
    {
      "wave": null,
      "party": null,
      "responses": {
        "expanded": [
          {
            "response": [
              "Not relevant"
            ],
            "proportion": 0.045259719340224866
          },
          {
            "response": [
              "Beneficial"
            ],
            "proportion": 0.11077603675062568
          },
          {
            "response": [
              "Important"
            ],
            "proportion": 0.317268488176256
          },
          {
            "response": [
              "Essential"
            ],
            "proportion": 0.5266957557328933
          }
        ],
        "collapsed": [
          {
            "response": [
              "Not relevant",
              "Beneficial"
            ],
            "proportion": 0.15603575609085057
          },
          {
            "response": [
              "Important",
              "Essential"
            ],
            "proportion": 0.8439642439091494
          }
        ]
      }
    },
    {
      "wave": null,
      "party": null,
      "responses": {
        "expanded": [
          {
            "response": [
              "Not relevant"
            ],
            "proportion": 0.045259719340224866
          },
          {
            "response": [
              "Beneficial"
            ],
            "proportion": 0.11077603675062568
          },
          {
            "response": [
              "Important"
            ],
            "proportion": 0.317268488176256
          },
          {
            "response": [
              "Essential"
            ],
            "proportion": 0.5266957557328933
          }
        ],
        "collapsed": [
          {
            "response": [
              "Not relevant",
              "Beneficial"
            ],
            "proportion": 0.15603575609085057
          },
          {
            "response": [
              "Important",
              "Essential"
            ],
            "proportion": 0.8439642439091494
          }
        ]
      }
    }
  ]
}