{
  "characteristic_name": "journalists",
  "col_idx": 5,
  "in_waves": [
    3,
    8,
    14,
    23
  ],
  "splits": [
    {
      "wave": {
        "value": 3,
        "index": 0
      },
      "party": {
        "value": [
          "Democrat"
        ],
        "index": 0
      },
      "responses": {
        "expanded": [
          {
            "response": [
              "Not relevant"
            ],
            "proportion": 0.06715793068191986
          },
          {
            "response": [
              "Beneficial"
            ],
            "proportion": 0.14797236273300665
          },
          {
            "response": [
              "Important"
            ],
            "proportion": 0.2665350989222063
          },
          {
            "response": [
              "Essential"
            ],
            "proportion": 0.5183346076628671
          }
        ],
        "collapsed": [
          {
            "response": [
              "Not relevant",
              "Beneficial"
            ],
            "proportion": 0.21513029341492645
          },
          {
            "response": [
              "Important",
              "Essential"
            ],
            "proportion": 0.7848697065850734
          }
        ]
      }
    },
    {
      "wave": {
        "value": 3,
        "index": 0
      },
      "party": {
        "value": [
          "Independent",
          "Other"
        ],
        "index": 1
      },
      "responses": {
        "expanded": [
          {
            "response": [
              "Not relevant"
            ],
            "proportion": 0.07467530772794943
          },
          {
            "response": [
              "Beneficial"
            ],
            "proportion": 0.20390887437547137
          },
          {
            "response": [
              "Important"
            ],
            "proportion": 0.316105854708479
          },
          {
            "response": [
              "Essential"
            ],
            "proportion": 0.40530996318810025
          }
        ],
        "collapsed": [
          {
            "response": [
              "Not relevant",
              "Beneficial"
            ],
            "proportion": 0.2785841821034208
          },
          {
            "response": [
              "Important",
              "Essential"
            ],
            "proportion": 0.7214158178965793
          }
        ]
      }
    },
    {
      "wave": {
        "value": 3,
        "index": 0
      },
      "party": {
        "value": [
          "Republican"
        ],
        "index": 2
      },
      "responses": {
        "expanded": [
          {
            "response": [
              "Not relevant"
            ],
            "proportion": 0.08947836524595716
          },
          {
            "response": [
              "Beneficial"
            ],
            "proportion": 0.23552613056536054
          },
          {
            "response": [
              "Important"
            ],
            "proportion": 0.3389800948323833
          },
          {
            "response": [
              "Essential"
            ],
            "proportion": 0.336015409356299
          }
        ],
        "collapsed": [
          {
            "response": [
              "Not relevant",
              "Beneficial"
            ],
            "proportion": 0.3250044958113178
          },
          {
            "response": [
              "Important",
              "Essential"
            ],
            "proportion": 0.6749955041886821
          }
        ]
      }
    },
    {
      "wave": null,
      "party": null,
      "responses": {
        "expanded": [
          {
            "response": [
              "Not relevant"
            ],
            "proportion": 0.0702690236211293
          },
          {
            "response": [
              "Beneficial"
            ],
            "proportion": 0.16124339277913116
          },
          {
            "response": [
              "Important"
            ],
            "proportion": 0.3174766121755012
          },
          {
            "response": [
              "Essential"
            ],
            "proportion": 0.45101097142423824
          }
        ],
        "collapsed": [
          {
            "response": [
              "Not relevant",
              "Beneficial"
            ],
            "proportion": 0.23151241640026052
          },
          {
            "response": [
              "Important",
              "Essential"
            ],
            "proportion": 0.7684875835997395
          }
        ]
      }
    },
    {
      "wave": {
        "value": 8,
        "index": 1
      },
      "party": {
        "value": [
          "Democrat"
        ],
        "index": 0
      },
      "responses": {
        "expanded": [
          {
            "response": [
              "Not relevant"
            ],
            "proportion": 0.053315070666338
          },
          {
            "response": [
              "Beneficial"
            ],
            "proportion": 0.10882608133874165
          },
          {
            "response": [
              "Important"
            ],
            "proportion": 0.27453455634013507
          },
          {
            "response": [
              "Essential"
            ],
            "proportion": 0.5633242916547854
          }
        ],
        "collapsed": [
          {
            "response": [
              "Not relevant",
              "Beneficial"
            ],
            "proportion": 0.16214115200507964
          },
          {
            "response": [
              "Important",
              "Essential"
            ],
            "proportion": 0.8378588479949204
          }
        ]
      }
    },
    {
      "wave": {
        "value": 8,
        "index": 1
      },
      "party": {
        "value": [
          "Independent",
          "Other"
        ],
        "index": 1
      },
      "responses": {
        "expanded": [
          {
            "response": [
              "Not relevant"
            ],
            "proportion": 0.062443264643236615
          },
          {
            "response": [
              "Beneficial"
            ],
            "proportion": 0.13565875124841673
          },
          {
            "response": [
              "Important"
            ],
            "proportion": 0.3223322420969599
          },
          {
            "response": [
              "Essential"
            ],
            "proportion": 0.47956574201138685
          }
        ],
        "collapsed": [
          {
            "response": [
              "Not relevant",
              "Beneficial"
            ],
            "proportion": 0.19810201589165333
          },
          {
            "response": [
              "Important",
              "Essential"
            ],
            "proportion": 0.8018979841083466
          }
        ]
      }
    },
    {
      "wave": {
        "value": 8,
        "index": 1
      },
      "party": {
        "value": [
          "Republican"
        ],
        "index": 2
      },
      "responses": {
        "expanded": [
          {
            "response": [
              "Not relevant"
            ],
            "proportion": 0.11812373111494194
          },
          {
            "response": [
              "Beneficial"
            ],
            "proportion": 0.20288661437563185
          },
          {
            "response": [
              "Important"
            ],
            "proportion": 0.4138100072120503
          },
          {
            "response": [
              "Essential"
            ],
            "proportion": 0.2651796472973758
          }
        ],
        "collapsed": [
          {
            "response": [
              "Not relevant",
              "Beneficial"
            ],
            "proportion": 0.3210103454905738
          },
          {
            "response": [
              "Important",
              "Essential"
            ],
            "proportion": 0.6789896545094262
          }
        ]
      }
    },
    {
      "wave": null,
      "party": null,
      "responses": {
        "expanded": [
          {
            "response": [
              "Not relevant"
            ],
            "proportion": 0.0702690236211293
          },
          {
            "response": [
              "Beneficial"
            ],
            "proportion": 0.16124339277913116
          },
          {
            "response": [
              "Important"
            ],
            "proportion": 0.3174766121755012
          },
          {
            "response": [
              "Essential"
            ],
            "proportion": 0.45101097142423824
          }
        ],
        "collapsed": [
          {
            "response": [
              "Not relevant",
              "Beneficial"
            ],
            "proportion": 0.23151241640026052
          },
          {
            "response": [
              "Important",
              "Essential"
            ],
            "proportion": 0.7684875835997395
          }
        ]
      }
    },
    {
      "wave": {
        "value": 14,
        "index": 2
      },
      "party": {
        "value": [
          "Democrat"
        ],
        "index": 0
      },
      "responses": {
        "expanded": [
          {
            "response": [
              "Not relevant"
            ],
            "proportion": 0.04502520638080843
          },
          {
            "response": [
              "Beneficial"
            ],
            "proportion": 0.13979061542753057
          },
          {
            "response": [
              "Important"
            ],
            "proportion": 0.2475400960969511
          },
          {
            "response": [
              "Essential"
            ],
            "proportion": 0.5676440820947096
          }
        ],
        "collapsed": [
          {
            "response": [
              "Not relevant",
              "Beneficial"
            ],
            "proportion": 0.184815821808339
          },
          {
            "response": [
              "Important",
              "Essential"
            ],
            "proportion": 0.8151841781916609
          }
        ]
      }
    },
    {
      "wave": {
        "value": 14,
        "index": 2
      },
      "party": {
        "value": [
          "Independent",
          "Other"
        ],
        "index": 1
      },
      "responses": {
        "expanded": [
          {
            "response": [
              "Not relevant"
            ],
            "proportion": 0.07324321120413518
          },
          {
            "response": [
              "Beneficial"
            ],
            "proportion": 0.16915881955933165
          },
          {
            "response": [
              "Important"
            ],
            "proportion": 0.2936591417696493
          },
          {
            "response": [
              "Essential"
            ],
            "proportion": 0.46393882746688386
          }
        ],
        "collapsed": [
          {
            "response": [
              "Not relevant",
              "Beneficial"
            ],
            "proportion": 0.24240203076346678
          },
          {
            "response": [
              "Important",
              "Essential"
            ],
            "proportion": 0.7575979692365332
          }
        ]
      }
    },
    {
      "wave": {
        "value": 14,
        "index": 2
      },
      "party": {
        "value": [
          "Republican"
        ],
        "index": 2
      },
      "responses": {
        "expanded": [
          {
            "response": [
              "Not relevant"
            ],
            "proportion": 0.020073027945102274
          },
          {
            "response": [
              "Beneficial"
            ],
            "proportion": 0.27393193380847775
          },
          {
            "response": [
              "Important"
            ],
            "proportion": 0.44988956413645975
          },
          {
            "response": [
              "Essential"
            ],
            "proportion": 0.25610547410996015
          }
        ],
        "collapsed": [
          {
            "response": [
              "Not relevant",
              "Beneficial"
            ],
            "proportion": 0.29400496175358004
          },
          {
            "response": [
              "Important",
              "Essential"
            ],
            "proportion": 0.7059950382464201
          }
        ]
      }
    },
    {
      "wave": null,
      "party": null,
      "responses": {
        "expanded": [
          {
            "response": [
              "Not relevant"
            ],
            "proportion": 0.0702690236211293
          },
          {
            "response": [
              "Beneficial"
            ],
            "proportion": 0.16124339277913116
          },
          {
            "response": [
              "Important"
            ],
            "proportion": 0.3174766121755012
          },
          {
            "response": [
              "Essential"
            ],
            "proportion": 0.45101097142423824
          }
        ],
        "collapsed": [
          {
            "response": [
              "Not relevant",
              "Beneficial"
            ],
            "proportion": 0.23151241640026052
          },
          {
            "response": [
              "Important",
              "Essential"
            ],
            "proportion": 0.7684875835997395
          }
        ]
      }
    },
    {
      "wave": {
        "value": 23,
        "index": 3
      },
      "party": {
        "value": [
          "Democrat"
        ],
        "index": 0
      },
      "responses": {
        "expanded": [
          {
            "response": [
              "Not relevant"
            ],
            "proportion": 0.029729228294869917
          },
          {
            "response": [
              "Beneficial"
            ],
            "proportion": 0.12373589353885583
          },
          {
            "response": [
              "Important"
            ],
            "proportion": 0.29860976042268644
          },
          {
            "response": [
              "Essential"
            ],
            "proportion": 0.5479251177435881
          }
        ],
        "collapsed": [
          {
            "response": [
              "Not relevant",
              "Beneficial"
            ],
            "proportion": 0.15346512183372576
          },
          {
            "response": [
              "Important",
              "Essential"
            ],
            "proportion": 0.8465348781662744
          }
        ]
      }
    },
    {
      "wave": {
        "value": 23,
        "index": 3
      },
      "party": {
        "value": [
          "Independent",
          "Other"
        ],
        "index": 1
      },
      "responses": {
        "expanded": [
          {
            "response": [
              "Not relevant"
            ],
            "proportion": 0.06070061378854465
          },
          {
            "response": [
              "Beneficial"
            ],
            "proportion": 0.10531977218397595
          },
          {
            "response": [
              "Important"
            ],
            "proportion": 0.29956247643016526
          },
          {
            "response": [
              "Essential"
            ],
            "proportion": 0.534417137597314
          }
        ],
        "collapsed": [
          {
            "response": [
              "Not relevant",
              "Beneficial"
            ],
            "proportion": 0.16602038597252056
          },
          {
            "response": [
              "Important",
              "Essential"
            ],
            "proportion": 0.8339796140274793
          }
        ]
      }
    },
    {
      "wave": {
        "value": 23,
        "index": 3
      },
      "party": {
        "value": [
          "Republican"
        ],
        "index": 2
      },
      "responses": {
        "expanded": [
          {
            "response": [
              "Not relevant"
            ],
            "proportion": 0.1116200276262058
          },
          {
            "response": [
              "Beneficial"
            ],
            "proportion": 0.14707754710557872
          },
          {
            "response": [
              "Important"
            ],
            "proportion": 0.38552103031220825
          },
          {
            "response": [
              "Essential"
            ],
            "proportion": 0.35578139495600714
          }
        ],
        "collapsed": [
          {
            "response": [
              "Not relevant",
              "Beneficial"
            ],
            "proportion": 0.2586975747317845
          },
          {
            "response": [
              "Important",
              "Essential"
            ],
            "proportion": 0.7413024252682153
          }
        ]
      }
    },
    {
      "wave": null,
      "party": null,
      "responses": {
        "expanded": [
          {
            "response": [
              "Not relevant"
            ],
            "proportion": 0.0702690236211293
          },
          {
            "response": [
              "Beneficial"
            ],
            "proportion": 0.16124339277913116
          },
          {
            "response": [
              "Important"
            ],
            "proportion": 0.3174766121755012
          },
          {
            "response": [
              "Essential"
            ],
            "proportion": 0.45101097142423824
          }
        ],
        "collapsed": [
          {
            "response": [
              "Not relevant",
              "Beneficial"
            ],
            "proportion": 0.23151241640026052
          },
          {
            "response": [
              "Important",
              "Essential"
            ],
            "proportion": 0.7684875835997395
          }
        ]
      }
    },
    {
      "wave": null,
      "party": null,
      "responses": {
        "expanded": [
          {
            "response": [
              "Not relevant"
            ],
            "proportion": 0.0702690236211293
          },
          {
            "response": [
              "Beneficial"
            ],
            "proportion": 0.16124339277913116
          },
          {
            "response": [
              "Important"
            ],
            "proportion": 0.3174766121755012
          },
          {
            "response": [
              "Essential"
            ],
            "proportion": 0.45101097142423824
          }
        ],
        "collapsed": [
          {
            "response": [
              "Not relevant",
              "Beneficial"
            ],
            "proportion": 0.23151241640026052
          },
          {
            "response": [
              "Important",
              "Essential"
            ],
            "proportion": 0.7684875835997395
          }
        ]
      }
    },
    {
      "wave": null,
      "party": null,
      "responses": {
        "expanded": [
          {
            "response": [
              "Not relevant"
            ],
            "proportion": 0.0702690236211293
          },
          {
            "response": [
              "Beneficial"
            ],
            "proportion": 0.16124339277913116
          },
          {
            "response": [
              "Important"
            ],
            "proportion": 0.3174766121755012
          },
          {
            "response": [
              "Essential"
            ],
            "proportion": 0.45101097142423824
          }
        ],
        "collapsed": [
          {
            "response": [
              "Not relevant",
              "Beneficial"
            ],
            "proportion": 0.23151241640026052
          },
          {
            "response": [
              "Important",
              "Essential"
            ],
            "proportion": 0.7684875835997395
          }
        ]
      }
    },
    {
      "wave": null,
      "party": null,
      "responses": {
        "expanded": [
          {
            "response": [
              "Not relevant"
            ],
            "proportion": 0.0702690236211293
          },
          {
            "response": [
              "Beneficial"
            ],
            "proportion": 0.16124339277913116
          },
          {
            "response": [
              "Important"
            ],
            "proportion": 0.3174766121755012
          },
          {
            "response": [
              "Essential"
            ],
            "proportion": 0.45101097142423824
          }
        ],
        "collapsed": [
          {
            "response": [
              "Not relevant",
              "Beneficial"
            ],
            "proportion": 0.23151241640026052
          },
          {
            "response": [
              "Important",
              "Essential"
            ],
            "proportion": 0.7684875835997395
          }
        ]
      }
    },
    {
      "wave": null,
      "party": null,
      "responses": {
        "expanded": [
          {
            "response": [
              "Not relevant"
            ],
            "proportion": 0.0702690236211293
          },
          {
            "response": [
              "Beneficial"
            ],
            "proportion": 0.16124339277913116
          },
          {
            "response": [
              "Important"
            ],
            "proportion": 0.3174766121755012
          },
          {
            "response": [
              "Essential"
            ],
            "proportion": 0.45101097142423824
          }
        ],
        "collapsed": [
          {
            "response": [
              "Not relevant",
              "Beneficial"
            ],
            "proportion": 0.23151241640026052
          },
          {
            "response": [
              "Important",
              "Essential"
            ],
            "proportion": 0.7684875835997395
          }
        ]
      }
    }
  ]
}