{
  "characteristic_name": "judicial_ind",
  "col_idx": 17,
  "in_waves": [
    3,
    8,
    14,
    23
  ],
  "splits": [
    {
      "wave": {
        "value": 3,
        "index": 0
      },
      "party": {
        "value": [
          "Democrat"
        ],
        "index": 0
      },
      "responses": {
        "expanded": [
          {
            "response": [
              "Not relevant"
            ],
            "proportion": 0.043774804892569755
          },
          {
            "response": [
              "Beneficial"
            ],
            "proportion": 0.1027794833663494
          },
          {
            "response": [
              "Important"
            ],
            "proportion": 0.28915623318714556
          },
          {
            "response": [
              "Essential"
            ],
            "proportion": 0.5642894785539354
          }
        ],
        "collapsed": [
          {
            "response": [
              "Not relevant",
              "Beneficial"
            ],
            "proportion": 0.14655428825891917
          },
          {
            "response": [
              "Important",
              "Essential"
            ],
            "proportion": 0.8534457117410809
          }
        ]
      }
    },
    {
      "wave": {
        "value": 3,
        "index": 0
      },
      "party": {
        "value": [
          "Independent",
          "Other"
        ],
        "index": 1
      },
      "responses": {
        "expanded": [
          {
            "response": [
              "Not relevant"
            ],
            "proportion": 0.02556878597048706
          },
          {
            "response": [
              "Beneficial"
            ],
            "proportion": 0.15338605778698117
          },
          {
            "response": [
              "Important"
            ],
            "proportion": 0.30067266756382066
          },
          {
            "response": [
              "Essential"
            ],
            "proportion": 0.5203724886787111
          }
        ],
        "collapsed": [
          {
            "response": [
              "Not relevant",
              "Beneficial"
            ],
            "proportion": 0.17895484375746823
          },
          {
            "response": [
              "Important",
              "Essential"
            ],
            "proportion": 0.8210451562425319
          }
        ]
      }
    },
    {
      "wave": {
        "value": 3,
        "index": 0
      },
      "party": {
        "value": [
          "Republican"
        ],
        "index": 2
      },
      "responses": {
        "expanded": [
          {
            "response": [
              "Not relevant"
            ],
            "proportion": 0.02630081284091455
          },
          {
            "response": [
              "Beneficial"
            ],
            "proportion": 0.17005662076787442
          },
          {
            "response": [
              "Important"
            ],
            "proportion": 0.37642216833419206
          },
          {
            "response": [
              "Essential"
            ],
            "proportion": 0.4272203980570188
          }
        ],
        "collapsed": [
          {
            "response": [
              "Not relevant",
              "Beneficial"
            ],
            "proportion": 0.196357433608789
          },
          {
            "response": [
              "Important",
              "Essential"
            ],
            "proportion": 0.8036425663912108
          }
        ]
      }
    },
    {
      "wave": null,
      "party": null,
      "responses": {
        "expanded": [
          {
            "response": [
              "Not relevant"
            ],
            "proportion": 0.03674638382807745
          },
          {
            "response": [
              "Beneficial"
            ],
            "proportion": 0.11267193172826537
          },
          {
            "response": [
              "Important"
            ],
            "proportion": 0.33037742427911015
          },
          {
            "response": [
              "Essential"
            ],
            "proportion": 0.5202042601645471
          }
        ],
        "collapsed": [
          {
            "response": [
              "Not relevant",
              "Beneficial"
            ],
            "proportion": 0.14941831555634283
          },
          {
            "response": [
              "Important",
              "Essential"
            ],
            "proportion": 0.8505816844436573
          }
        ]
      }
    },
    {
      "wave": {
        "value": 8,
        "index": 1
      },
      "party": {
        "value": [
          "Democrat"
        ],
        "index": 0
      },
      "responses": {
        "expanded": [
          {
            "response": [
              "Not relevant"
            ],
            "proportion": 0.03937884912777288
          },
          {
            "response": [
              "Beneficial"
            ],
            "proportion": 0.08285732926658096
          },
          {
            "response": [
              "Important"
            ],
            "proportion": 0.31507659983883596
          },
          {
            "response": [
              "Essential"
            ],
            "proportion": 0.5626872217668102
          }
        ],
        "collapsed": [
          {
            "response": [
              "Not relevant",
              "Beneficial"
            ],
            "proportion": 0.12223617839435383
          },
          {
            "response": [
              "Important",
              "Essential"
            ],
            "proportion": 0.8777638216056463
          }
        ]
      }
    },
    {
      "wave": {
        "value": 8,
        "index": 1
      },
      "party": {
        "value": [
          "Independent",
          "Other"
        ],
        "index": 1
      },
      "responses": {
        "expanded": [
          {
            "response": [
              "Not relevant"
            ],
            "proportion": 0.05623136741995355
          },
          {
            "response": [
              "Beneficial"
            ],
            "proportion": 0.08944487859499325
          },
          {
            "response": [
              "Important"
            ],
            "proportion": 0.3312066949036414
          },
          {
            "response": [
              "Essential"
            ],
            "proportion": 0.5231170590814118
          }
        ],
        "collapsed": [
          {
            "response": [
              "Not relevant",
              "Beneficial"
            ],
            "proportion": 0.14567624601494683
          },
          {
            "response": [
              "Important",
              "Essential"
            ],
            "proportion": 0.8543237539850531
          }
        ]
      }
    },
    {
      "wave": {
        "value": 8,
        "index": 1
      },
      "party": {
        "value": [
          "Republican"
        ],
        "index": 2
      },
      "responses": {
        "expanded": [
          {
            "response": [
              "Not relevant"
            ],
            "proportion": 0.03458037107861477
          },
          {
            "response": [
              "Beneficial"
            ],
            "proportion": 0.13803342514440378
          },
          {
            "response": [
              "Important"
            ],
            "proportion": 0.4858250621991366
          },
          {
            "response": [
              "Essential"
            ],
            "proportion": 0.3415611415778448
          }
        ],
        "collapsed": [
          {
            "response": [
              "Not relevant",
              "Beneficial"
            ],
            "proportion": 0.1726137962230186
          },
          {
            "response": [
              "Important",
              "Essential"
            ],
            "proportion": 0.8273862037769815
          }
        ]
      }
    },
    {
      "wave": null,
      "party": null,
      "responses": {
        "expanded": [
          {
            "response": [
              "Not relevant"
            ],
            "proportion": 0.03674638382807745
          },
          {
            "response": [
              "Beneficial"
            ],
            "proportion": 0.11267193172826537
          },
          {
            "response": [
              "Important"
            ],
            "proportion": 0.33037742427911015
          },
          {
            "response": [
              "Essential"
            ],
            "proportion": 0.5202042601645471
          }
        ],
        "collapsed": [
          {
            "response": [
              "Not relevant",
              "Beneficial"
            ],
            "proportion": 0.14941831555634283
          },
          {
            "response": [
              "Important",
              "Essential"
            ],
            "proportion": 0.8505816844436573
          }
        ]
      }
    },
    {
      "wave": {
        "value": 14,
        "index": 2
      },
      "party": {
        "value": [
          "Democrat"
        ],
        "index": 0
      },
      "responses": {
        "expanded": [
          {
            "response": [
              "Not relevant"
            ],
            "proportion": 0.0
          },
          {
            "response": [
              "Beneficial"
            ],
            "proportion": 0.06856603900589525
          },
          {
            "response": [
              "Important"
            ],
            "proportion": 0.24354865619601324
          },
          {
            "response": [
              "Essential"
            ],
            "proportion": 0.6878853047980914
          }
        ],
        "collapsed": [
          {
            "response": [
              "Not relevant",
              "Beneficial"
            ],
            "proportion": 0.06856603900589525
          },
          {
            "response": [
              "Important",
              "Essential"
            ],
            "proportion": 0.9314339609941048
          }
        ]
      }
    },
    {
      "wave": {
        "value": 14,
        "index": 2
      },
      "party": {
        "value": [
          "Independent",
          "Other"
        ],
        "index": 1
      },
      "responses": {
        "expanded": [
          {
            "response": [
              "Not relevant"
            ],
            "proportion": 0.0315201298578827
          },
          {
            "response": [
              "Beneficial"
            ],
            "proportion": 0.10003784990095783
          },
          {
            "response": [
              "Important"
            ],
            "proportion": 0.2861276618575558
          },
          {
            "response": [
              "Essential"
            ],
            "proportion": 0.5823143583836038
          }
        ],
        "collapsed": [
          {
            "response": [
              "Not relevant",
              "Beneficial"
            ],
            "proportion": 0.13155797975884057
          },
          {
            "response": [
              "Important",
              "Essential"
            ],
            "proportion": 0.8684420202411595
          }
        ]
      }
    },
    {
      "wave": {
        "value": 14,
        "index": 2
      },
      "party": {
        "value": [
          "Republican"
        ],
        "index": 2
      },
      "responses": {
        "expanded": [
          {
            "response": [
              "Not relevant"
            ],
            "proportion": 0.05693086038537099
          },
          {
            "response": [
              "Beneficial"
            ],
            "proportion": 0.08128156982385995
          },
          {
            "response": [
              "Important"
            ],
            "proportion": 0.19862193029535938
          },
          {
            "response": [
              "Essential"
            ],
            "proportion": 0.6631656394954097
          }
        ],
        "collapsed": [
          {
            "response": [
              "Not relevant",
              "Beneficial"
            ],
            "proportion": 0.1382124302092309
          },
          {
            "response": [
              "Important",
              "Essential"
            ],
            "proportion": 0.8617875697907689
          }
        ]
      }
    },
    {
      "wave": null,
      "party": null,
      "responses": {
        "expanded": [
          {
            "response": [
              "Not relevant"
            ],
            "proportion": 0.03674638382807745
          },
          {
            "response": [
              "Beneficial"
            ],
            "proportion": 0.11267193172826537
          },
          {
            "response": [
              "Important"
            ],
            "proportion": 0.33037742427911015
          },
          {
            "response": [
              "Essential"
            ],
            "proportion": 0.5202042601645471
          }
        ],
        "collapsed": [
          {
            "response": [
              "Not relevant",
              "Beneficial"
            ],
            "proportion": 0.14941831555634283
          },
          {
            "response": [
              "Important",
              "Essential"
            ],
            "proportion": 0.8505816844436573
          }
        ]
      }
    },
    {
      "wave": {
        "value": 23,
        "index": 3
      },
      "party": {
        "value": [
          "Democrat"
        ],
        "index": 0
      },
      "responses": {
        "expanded": [
          {
            "response": [
              "Not relevant"
            ],
            "proportion": 0.02013853574906133
          },
          {
            "response": [
              "Beneficial"
            ],
            "proportion": 0.07822255494237049
          },
          {
            "response": [
              "Important"
            ],
            "proportion": 0.3338483188128258
          },
          {
            "response": [
              "Essential"
            ],
            "proportion": 0.5677905904957424
          }
        ],
        "collapsed": [
          {
            "response": [
              "Not relevant",
              "Beneficial"
            ],
            "proportion": 0.09836109069143181
          },
          {
            "response": [
              "Important",
              "Essential"
            ],
            "proportion": 0.9016389093085679
          }
        ]
      }
    },
    {
      "wave": {
        "value": 23,
        "index": 3
      },
      "party": {
        "value": [
          "Independent",
          "Other"
        ],
        "index": 1
      },
      "responses": {
        "expanded": [
          {
            "response": [
              "Not relevant"
            ],
            "proportion": 0.05583882447728256
          },
          {
            "response": [
              "Beneficial"
            ],
            "proportion": 0.11108770440449672
          },
          {
            "response": [
              "Important"
            ],
            "proportion": 0.28582658477735096
          },
          {
            "response": [
              "Essential"
            ],
            "proportion": 0.5472468863408697
          }
        ],
        "collapsed": [
          {
            "response": [
              "Not relevant",
              "Beneficial"
            ],
            "proportion": 0.1669265288817793
          },
          {
            "response": [
              "Important",
              "Essential"
            ],
            "proportion": 0.8330734711182207
          }
        ]
      }
    },
    {
      "wave": {
        "value": 23,
        "index": 3
      },
      "party": {
        "value": [
          "Republican"
        ],
        "index": 2
      },
      "responses": {
        "expanded": [
          {
            "response": [
              "Not relevant"
            ],
            "proportion": 0.04572679875849662
          },
          {
            "response": [
              "Beneficial"
            ],
            "proportion": 0.14223284388162571
          },
          {
            "response": [
              "Important"
            ],
            "proportion": 0.36000165818385177
          },
          {
            "response": [
              "Essential"
            ],
            "proportion": 0.4520386991760257
          }
        ],
        "collapsed": [
          {
            "response": [
              "Not relevant",
              "Beneficial"
            ],
            "proportion": 0.18795964264012235
          },
          {
            "response": [
              "Important",
              "Essential"
            ],
            "proportion": 0.8120403573598775
          }
        ]
      }
    },
    {
      "wave": null,
      "party": null,
      "responses": {
        "expanded": [
          {
            "response": [
              "Not relevant"
            ],
            "proportion": 0.03674638382807745
          },
          {
            "response": [
              "Beneficial"
            ],
            "proportion": 0.11267193172826537
          },
          {
            "response": [
              "Important"
            ],
            "proportion": 0.33037742427911015
          },
          {
            "response": [
              "Essential"
            ],
            "proportion": 0.5202042601645471
          }
        ],
        "collapsed": [
          {
            "response": [
              "Not relevant",
              "Beneficial"
            ],
            "proportion": 0.14941831555634283
          },
          {
            "response": [
              "Important",
              "Essential"
            ],
            "proportion": 0.8505816844436573
          }
        ]
      }
    },
    {
      "wave": null,
      "party": null,
      "responses": {
        "expanded": [
          {
            "response": [
              "Not relevant"
            ],
            "proportion": 0.03674638382807745
          },
          {
            "response": [
              "Beneficial"
            ],
            "proportion": 0.11267193172826537
          },
          {
            "response": [
              "Important"
            ],
            "proportion": 0.33037742427911015
          },
          {
            "response": [
              "Essential"
            ],
            "proportion": 0.5202042601645471
          }
        ],
        "collapsed": [
          {
            "response": [
              "Not relevant",
              "Beneficial"
            ],
            "proportion": 0.14941831555634283
          },
          {
            "response": [
              "Important",
              "Essential"
            ],
            "proportion": 0.8505816844436573
          }
        ]
      }
    },
    {
      "wave": null,
      "party": null,
      "responses": {
        "expanded": [
          {
            "response": [
              "Not relevant"
            ],
            "proportion": 0.03674638382807745
          },
          {
            "response": [
              "Beneficial"
            ],
            "proportion": 0.11267193172826537
          },
          {
            "response": [
              "Important"
            ],
            "proportion": 0.33037742427911015
          },
          {
            "response": [
              "Essential"
            ],
            "proportion": 0.5202042601645471
          }
        ],
        "collapsed": [
          {
            "response": [
              "Not relevant",
              "Beneficial"
            ],
            "proportion": 0.14941831555634283
          },
          {
            "response": [
              "Important",
              "Essential"
            ],
            "proportion": 0.8505816844436573
          }
        ]
      }
    },
    {
      "wave": null,
      "party": null,
      "responses": {
        "expanded": [
          {
            "response": [
              "Not relevant"
            ],
            "proportion": 0.03674638382807745
          },
          {
            "response": [
              "Beneficial"
            ],
            "proportion": 0.11267193172826537
          },
          {
            "response": [
              "Important"
            ],
            "proportion": 0.33037742427911015
          },
          {
            "response": [
              "Essential"
            ],
            "proportion": 0.5202042601645471
          }
        ],
        "collapsed": [
          {
            "response": [
              "Not relevant",
              "Beneficial"
            ],
            "proportion": 0.14941831555634283
          },
          {
            "response": [
              "Important",
              "Essential"
            ],
            "proportion": 0.8505816844436573
          }
        ]
      }
    },
    {
      "wave": null,
      "party": null,
      "responses": {
        "expanded": [
          {
            "response": [
              "Not relevant"
            ],
            "proportion": 0.03674638382807745
          },
          {
            "response": [
              "Beneficial"
            ],
            "proportion": 0.11267193172826537
          },
          {
            "response": [
              "Important"
            ],
            "proportion": 0.33037742427911015
          },
          {
            "response": [
              "Essential"
            ],
            "proportion": 0.5202042601645471
          }
        ],
        "collapsed": [
          {
            "response": [
              "Not relevant",
              "Beneficial"
            ],
            "proportion": 0.14941831555634283
          },
          {
            "response": [
              "Important",
              "Essential"
            ],
            "proportion": 0.8505816844436573
          }
        ]
      }
    }
  ]
}