{
  "characteristic_name": "judiciary_check",
  "col_idx": 16,
  "in_waves": [
    3,
    8,
    14,
    23
  ],
  "splits": [
    {
      "wave": {
        "value": 3,
        "index": 0
      },
      "party": {
        "value": [
          "Democrat"
        ],
        "index": 0
      },
      "responses": {
        "expanded": [
          {
            "response": [
              "Not relevant"
            ],
            "proportion": 0.04484622751103727
          },
          {
            "response": [
              "Beneficial"
            ],
            "proportion": 0.12212605485159
          },
          {
            "response": [
              "Important"
            ],
            "proportion": 0.3591513222933576
          },
          {
            "response": [
              "Essential"
            ],
            "proportion": 0.47387639534401504
          }
        ],
        "collapsed": [
          {
            "response": [
              "Not relevant",
              "Beneficial"
            ],
            "proportion": 0.1669722823626273
          },
          {
            "response": [
              "Important",
              "Essential"
            ],
            "proportion": 0.8330277176373728
          }
        ]
      }
    },
    {
      "wave": {
        "value": 3,
        "index": 0
      },
      "party": {
        "value": [
          "Independent",
          "Other"
        ],
        "index": 1
      },
      "responses": {
        "expanded": [
          {
            "response": [
              "Not relevant"
            ],
            "proportion": 0.03278211489950431
          },
          {
            "response": [
              "Beneficial"
            ],
            "proportion": 0.21429858439107907
          },
          {
            "response": [
              "Important"
            ],
            "proportion": 0.33216380149271596
          },
          {
            "response": [
              "Essential"
            ],
            "proportion": 0.4207554992167007
          }
        ],
        "collapsed": [
          {
            "response": [
              "Not relevant",
              "Beneficial"
            ],
            "proportion": 0.2470806992905834
          },
          {
            "response": [
              "Important",
              "Essential"
            ],
            "proportion": 0.7529193007094167
          }
        ]
      }
    },
    {
      "wave": {
        "value": 3,
        "index": 0
      },
      "party": {
        "value": [
          "Republican"
        ],
        "index": 2
      },
      "responses": {
        "expanded": [
          {
            "response": [
              "Not relevant"
            ],
            "proportion": 0.06691814794527792
          },
          {
            "response": [
              "Beneficial"
            ],
            "proportion": 0.2291397405978035
          },
          {
            "response": [
              "Important"
            ],
            "proportion": 0.375744710460736
          },
          {
            "response": [
              "Essential"
            ],
            "proportion": 0.3281974009961827
          }
        ],
        "collapsed": [
          {
            "response": [
              "Not relevant",
              "Beneficial"
            ],
            "proportion": 0.29605788854308135
          },
          {
            "response": [
              "Important",
              "Essential"
            ],
            "proportion": 0.7039421114569188
          }
        ]
      }
    },
    {
      "wave": null,
      "party": null,
      "responses": {
        "expanded": [
          {
            "response": [
              "Not relevant"
            ],
            "proportion": 0.05619182574846064
          },
          {
            "response": [
              "Beneficial"
            ],
            "proportion": 0.1749022506821311
          },
          {
            "response": [
              "Important"
            ],
            "proportion": 0.35745704399393247
          },
          {
            "response": [
              "Essential"
            ],
            "proportion": 0.4114488795754758
          }
        ],
        "collapsed": [
          {
            "response": [
              "Not relevant",
              "Beneficial"
            ],
            "proportion": 0.23109407643059177
          },
          {
            "response": [
              "Important",
              "Essential"
            ],
            "proportion": 0.7689059235694082
          }
        ]
      }
    },
    {
      "wave": {
        "value": 8,
        "index": 1
      },
      "party": {
        "value": [
          "Democrat"
        ],
        "index": 0
      },
      "responses": {
        "expanded": [
          {
            "response": [
              "Not relevant"
            ],
            "proportion": 0.05266286428900456
          },
          {
            "response": [
              "Beneficial"
            ],
            "proportion": 0.12732778488201887
          },
          {
            "response": [
              "Important"
            ],
            "proportion": 0.2926407265835348
          },
          {
            "response": [
              "Essential"
            ],
            "proportion": 0.527368624245442
          }
        ],
        "collapsed": [
          {
            "response": [
              "Not relevant",
              "Beneficial"
            ],
            "proportion": 0.17999064917102345
          },
          {
            "response": [
              "Important",
              "Essential"
            ],
            "proportion": 0.8200093508289766
          }
        ]
      }
    },
    {
      "wave": {
        "value": 8,
        "index": 1
      },
      "party": {
        "value": [
          "Independent",
          "Other"
        ],
        "index": 1
      },
      "responses": {
        "expanded": [
          {
            "response": [
              "Not relevant"
            ],
            "proportion": 0.10151752356758445
          },
          {
            "response": [
              "Beneficial"
            ],
            "proportion": 0.15768545886074234
          },
          {
            "response": [
              "Important"
            ],
            "proportion": 0.34820803419130475
          },
          {
            "response": [
              "Essential"
            ],
            "proportion": 0.3925889833803686
          }
        ],
        "collapsed": [
          {
            "response": [
              "Not relevant",
              "Beneficial"
            ],
            "proportion": 0.25920298242832684
          },
          {
            "response": [
              "Important",
              "Essential"
            ],
            "proportion": 0.7407970175716734
          }
        ]
      }
    },
    {
      "wave": {
        "value": 8,
        "index": 1
      },
      "party": {
        "value": [
          "Republican"
        ],
        "index": 2
      },
      "responses": {
        "expanded": [
          {
            "response": [
              "Not relevant"
            ],
            "proportion": 0.09624818842872938
          },
          {
            "response": [
              "Beneficial"
            ],
            "proportion": 0.2613390675625503
          },
          {
            "response": [
              "Important"
            ],
            "proportion": 0.37002450831592715
          },
          {
            "response": [
              "Essential"
            ],
            "proportion": 0.27238823569279313
          }
        ],
        "collapsed": [
          {
            "response": [
              "Not relevant",
              "Beneficial"
            ],
            "proportion": 0.35758725599127966
          },
          {
            "response": [
              "Important",
              "Essential"
            ],
            "proportion": 0.6424127440087202
          }
        ]
      }
    },
    {
      "wave": null,
      "party": null,
      "responses": {
        "expanded": [
          {
            "response": [
              "Not relevant"
            ],
            "proportion": 0.05619182574846064
          },
          {
            "response": [
              "Beneficial"
            ],
            "proportion": 0.1749022506821311
          },
          {
            "response": [
              "Important"
            ],
            "proportion": 0.35745704399393247
          },
          {
            "response": [
              "Essential"
            ],
            "proportion": 0.4114488795754758
          }
        ],
        "collapsed": [
          {
            "response": [
              "Not relevant",
              "Beneficial"
            ],
            "proportion": 0.23109407643059177
          },
          {
            "response": [
              "Important",
              "Essential"
            ],
            "proportion": 0.7689059235694082
          }
        ]
      }
    },
    {
      "wave": {
        "value": 14,
        "index": 2
      },
      "party": {
        "value": [
          "Democrat"
        ],
        "index": 0
      },
      "responses": {
        "expanded": [
          {
            "response": [
              "Not relevant"
            ],
            "proportion": 0.06564881698933314
          },
          {
            "response": [
              "Beneficial"
            ],
            "proportion": 0.10339861849496751
          },
          {
            "response": [
              "Important"
            ],
            "proportion": 0.42191657063947635
          },
          {
            "response": [
              "Essential"
            ],
            "proportion": 0.409035993876223
          }
        ],
        "collapsed": [
          {
            "response": [
              "Not relevant",
              "Beneficial"
            ],
            "proportion": 0.16904743548430062
          },
          {
            "response": [
              "Important",
              "Essential"
            ],
            "proportion": 0.8309525645156993
          }
        ]
      }
    },
    {
      "wave": {
        "value": 14,
        "index": 2
      },
      "party": {
        "value": [
          "Independent",
          "Other"
        ],
        "index": 1
      },
      "responses": {
        "expanded": [
          {
            "response": [
              "Not relevant"
            ],
            "proportion": 0.025962827662479298
          },
          {
            "response": [
              "Beneficial"
            ],
            "proportion": 0.18475971964040616
          },
          {
            "response": [
              "Important"
            ],
            "proportion": 0.3859764955371762
          },
          {
            "response": [
              "Essential"
            ],
            "proportion": 0.4033009571599382
          }
        ],
        "collapsed": [
          {
            "response": [
              "Not relevant",
              "Beneficial"
            ],
            "proportion": 0.21072254730288545
          },
          {
            "response": [
              "Important",
              "Essential"
            ],
            "proportion": 0.7892774526971145
          }
        ]
      }
    },
    {
      "wave": {
        "value": 14,
        "index": 2
      },
      "party": {
        "value": [
          "Republican"
        ],
        "index": 2
      },
      "responses": {
        "expanded": [
          {
            "response": [
              "Not relevant"
            ],
            "proportion": 0.025101293637192348
          },
          {
            "response": [
              "Beneficial"
            ],
            "proportion": 0.13256753096400362
          },
          {
            "response": [
              "Important"
            ],
            "proportion": 0.36088964659927536
          },
          {
            "response": [
              "Essential"
            ],
            "proportion": 0.4814415287995288
          }
        ],
        "collapsed": [
          {
            "response": [
              "Not relevant",
              "Beneficial"
            ],
            "proportion": 0.15766882460119597
          },
          {
            "response": [
              "Important",
              "Essential"
            ],
            "proportion": 0.8423311753988044
          }
        ]
      }
    },
    {
      "wave": null,
      "party": null,
      "responses": {
        "expanded": [
          {
            "response": [
              "Not relevant"
            ],
            "proportion": 0.05619182574846064
          },
          {
            "response": [
              "Beneficial"
            ],
            "proportion": 0.1749022506821311
          },
          {
            "response": [
              "Important"
            ],
            "proportion": 0.35745704399393247
          },
          {
            "response": [
              "Essential"
            ],
            "proportion": 0.4114488795754758
          }
        ],
        "collapsed": [
          {
            "response": [
              "Not relevant",
              "Beneficial"
            ],
            "proportion": 0.23109407643059177
          },
          {
            "response": [
              "Important",
              "Essential"
            ],
            "proportion": 0.7689059235694082
          }
        ]
      }
    },
    {
      "wave": {
        "value": 23,
        "index": 3
      },
      "party": {
        "value": [
          "Democrat"
        ],
        "index": 0
      },
      "responses": {
        "expanded": [
          {
            "response": [
              "Not relevant"
            ],
            "proportion": 0.016610985889055636
          },
          {
            "response": [
              "Beneficial"
            ],
            "proportion": 0.1289638011719747
          },
          {
            "response": [
              "Important"
            ],
            "proportion": 0.35436987145704973
          },
          {
            "response": [
              "Essential"
            ],
            "proportion": 0.50005534148192
          }
        ],
        "collapsed": [
          {
            "response": [
              "Not relevant",
              "Beneficial"
            ],
            "proportion": 0.14557478706103036
          },
          {
            "response": [
              "Important",
              "Essential"
            ],
            "proportion": 0.8544252129389697
          }
        ]
      }
    },
    {
      "wave": {
        "value": 23,
        "index": 3
      },
      "party": {
        "value": [
          "Independent",
          "Other"
        ],
        "index": 1
      },
      "responses": {
        "expanded": [
          {
            "response": [
              "Not relevant"
            ],
            "proportion": 0.04363053930508338
          },
          {
            "response": [
              "Beneficial"
            ],
            "proportion": 0.17397926892382215
          },
          {
            "response": [
              "Important"
            ],
            "proportion": 0.35941115117420414
          },
          {
            "response": [
              "Essential"
            ],
            "proportion": 0.4229790405968903
          }
        ],
        "collapsed": [
          {
            "response": [
              "Not relevant",
              "Beneficial"
            ],
            "proportion": 0.21760980822890555
          },
          {
            "response": [
              "Important",
              "Essential"
            ],
            "proportion": 0.7823901917710945
          }
        ]
      }
    },
    {
      "wave": {
        "value": 23,
        "index": 3
      },
      "party": {
        "value": [
          "Republican"
        ],
        "index": 2
      },
      "responses": {
        "expanded": [
          {
            "response": [
              "Not relevant"
            ],
            "proportion": 0.05346732243696914
          },
          {
            "response": [
              "Beneficial"
            ],
            "proportion": 0.22191189851644208
          },
          {
            "response": [
              "Important"
            ],
            "proportion": 0.4447969741566237
          },
          {
            "response": [
              "Essential"
            ],
            "proportion": 0.27982380488996533
          }
        ],
        "collapsed": [
          {
            "response": [
              "Not relevant",
              "Beneficial"
            ],
            "proportion": 0.2753792209534112
          },
          {
            "response": [
              "Important",
              "Essential"
            ],
            "proportion": 0.7246207790465892
          }
        ]
      }
    },
    {
      "wave": null,
      "party": null,
      "responses": {
        "expanded": [
          {
            "response": [
              "Not relevant"
            ],
            "proportion": 0.05619182574846064
          },
          {
            "response": [
              "Beneficial"
            ],
            "proportion": 0.1749022506821311
          },
          {
            "response": [
              "Important"
            ],
            "proportion": 0.35745704399393247
          },
          {
            "response": [
              "Essential"
            ],
            "proportion": 0.4114488795754758
          }
        ],
        "collapsed": [
          {
            "response": [
              "Not relevant",
              "Beneficial"
            ],
            "proportion": 0.23109407643059177
          },
          {
            "response": [
              "Important",
              "Essential"
            ],
            "proportion": 0.7689059235694082
          }
        ]
      }
    },
    {
      "wave": null,
      "party": null,
      "responses": {
        "expanded": [
          {
            "response": [
              "Not relevant"
            ],
            "proportion": 0.05619182574846064
          },
          {
            "response": [
              "Beneficial"
            ],
            "proportion": 0.1749022506821311
          },
          {
            "response": [
              "Important"
            ],
            "proportion": 0.35745704399393247
          },
          {
            "response": [
              "Essential"
            ],
            "proportion": 0.4114488795754758
          }
        ],
        "collapsed": [
          {
            "response": [
              "Not relevant",
              "Beneficial"
            ],
            "proportion": 0.23109407643059177
          },
          {
            "response": [
              "Important",
              "Essential"
            ],
            "proportion": 0.7689059235694082
          }
        ]
      }
    },
    {
      "wave": null,
      "party": null,
      "responses": {
        "expanded": [
          {
            "response": [
              "Not relevant"
            ],
            "proportion": 0.05619182574846064
          },
          {
            "response": [
              "Beneficial"
            ],
            "proportion": 0.1749022506821311
          },
          {
            "response": [
              "Important"
            ],
            "proportion": 0.35745704399393247
          },
          {
            "response": [
              "Essential"
            ],
            "proportion": 0.4114488795754758
          }
        ],
        "collapsed": [
          {
            "response": [
              "Not relevant",
              "Beneficial"
            ],
            "proportion": 0.23109407643059177
          },
          {
            "response": [
              "Important",
              "Essential"
            ],
            "proportion": 0.7689059235694082
          }
        ]
      }
    },
    {
      "wave": null,
      "party": null,
      "responses": {
        "expanded": [
          {
            "response": [
              "Not relevant"
            ],
            "proportion": 0.05619182574846064
          },
          {
            "response": [
              "Beneficial"
            ],
            "proportion": 0.1749022506821311
          },
          {
            "response": [
              "Important"
            ],
            "proportion": 0.35745704399393247
          },
          {
            "response": [
              "Essential"
            ],
            "proportion": 0.4114488795754758
          }
        ],
        "collapsed": [
          {
            "response": [
              "Not relevant",
              "Beneficial"
            ],
            "proportion": 0.23109407643059177
          },
          {
            "response": [
              "Important",
              "Essential"
            ],
            "proportion": 0.7689059235694082
          }
        ]
      }
    },
    {
      "wave": null,
      "party": null,
      "responses": {
        "expanded": [
          {
            "response": [
              "Not relevant"
            ],
            "proportion": 0.05619182574846064
          },
          {
            "response": [
              "Beneficial"
            ],
            "proportion": 0.1749022506821311
          },
          {
            "response": [
              "Important"
            ],
            "proportion": 0.35745704399393247
          },
          {
            "response": [
              "Essential"
            ],
            "proportion": 0.4114488795754758
          }
        ],
        "collapsed": [
          {
            "response": [
              "Not relevant",
              "Beneficial"
            ],
            "proportion": 0.23109407643059177
          },
          {
            "response": [
              "Important",
              "Essential"
            ],
            "proportion": 0.7689059235694082
          }
        ]
      }
    }
  ]
}