{
  "characteristic_name": "legislature_check",
  "col_idx": 15,
  "in_waves": [
    3,
    8,
    14,
    23
  ],
  "splits": [
    {
      "wave": {
        "value": 3,
        "index": 0
      },
      "party": {
        "value": [
          "Democrat"
        ],
        "index": 0
      },
      "responses": {
        "expanded": [
          {
            "response": [
              "Not relevant"
            ],
            "proportion": 0.04643157499263146
          },
          {
            "response": [
              "Beneficial"
            ],
            "proportion": 0.13472655802745218
          },
          {
            "response": [
              "Important"
            ],
            "proportion": 0.39696498648559825
          },
          {
            "response": [
              "Essential"
            ],
            "proportion": 0.42187688049431804
          }
        ],
        "collapsed": [
          {
            "response": [
              "Not relevant",
              "Beneficial"
            ],
            "proportion": 0.18115813302008366
          },
          {
            "response": [
              "Important",
              "Essential"
            ],
            "proportion": 0.8188418669799163
          }
        ]
      }
    },
    {
      "wave": {
        "value": 3,
        "index": 0
      },
      "party": {
        "value": [
          "Independent",
          "Other"
        ],
        "index": 1
      },
      "responses": {
        "expanded": [
          {
            "response": [
              "Not relevant"
            ],
            "proportion": 0.07523126038627247
          },
          {
            "response": [
              "Beneficial"
            ],
            "proportion": 0.11141961087356612
          },
          {
            "response": [
              "Important"
            ],
            "proportion": 0.3800738701073853
          },
          {
            "response": [
              "Essential"
            ],
            "proportion": 0.43327525863277605
          }
        ],
        "collapsed": [
          {
            "response": [
              "Not relevant",
              "Beneficial"
            ],
            "proportion": 0.1866508712598386
          },
          {
            "response": [
              "Important",
              "Essential"
            ],
            "proportion": 0.8133491287401614
          }
        ]
      }
    },
    {
      "wave": {
        "value": 3,
        "index": 0
      },
      "party": {
        "value": [
          "Republican"
        ],
        "index": 2
      },
      "responses": {
        "expanded": [
          {
            "response": [
              "Not relevant"
            ],
            "proportion": 0.055975515341899616
          },
          {
            "response": [
              "Beneficial"
            ],
            "proportion": 0.22309407685448654
          },
          {
            "response": [
              "Important"
            ],
            "proportion": 0.3962158209327887
          },
          {
            "response": [
              "Essential"
            ],
            "proportion": 0.324714586870825
          }
        ],
        "collapsed": [
          {
            "response": [
              "Not relevant",
              "Beneficial"
            ],
            "proportion": 0.2790695921963862
          },
          {
            "response": [
              "Important",
              "Essential"
            ],
            "proportion": 0.7209304078036137
          }
        ]
      }
    },
    {
      "wave": null,
      "party": null,
      "responses": {
        "expanded": [
          {
            "response": [
              "Not relevant"
            ],
            "proportion": 0.06914908539611121
          },
          {
            "response": [
              "Beneficial"
            ],
            "proportion": 0.15180215165765043
          },
          {
            "response": [
              "Important"
            ],
            "proportion": 0.36495315179989296
          },
          {
            "response": [
              "Essential"
            ],
            "proportion": 0.4140956111463453
          }
        ],
        "collapsed": [
          {
            "response": [
              "Not relevant",
              "Beneficial"
            ],
            "proportion": 0.22095123705376166
          },
          {
            "response": [
              "Important",
              "Essential"
            ],
            "proportion": 0.7790487629462384
          }
        ]
      }
    },
    {
      "wave": {
        "value": 8,
        "index": 1
      },
      "party": {
        "value": [
          "Democrat"
        ],
        "index": 0
      },
      "responses": {
        "expanded": [
          {
            "response": [
              "Not relevant"
            ],
            "proportion": 0.02438575069733286
          },
          {
            "response": [
              "Beneficial"
            ],
            "proportion": 0.11129014766353425
          },
          {
            "response": [
              "Important"
            ],
            "proportion": 0.3474124121946138
          },
          {
            "response": [
              "Essential"
            ],
            "proportion": 0.5169116894445192
          }
        ],
        "collapsed": [
          {
            "response": [
              "Not relevant",
              "Beneficial"
            ],
            "proportion": 0.13567589836086713
          },
          {
            "response": [
              "Important",
              "Essential"
            ],
            "proportion": 0.8643241016391328
          }
        ]
      }
    },
    {
      "wave": {
        "value": 8,
        "index": 1
      },
      "party": {
        "value": [
          "Independent",
          "Other"
        ],
        "index": 1
      },
      "responses": {
        "expanded": [
          {
            "response": [
              "Not relevant"
            ],
            "proportion": 0.09481589124789402
          },
          {
            "response": [
              "Beneficial"
            ],
            "proportion": 0.1258202069425655
          },
          {
            "response": [
              "Important"
            ],
            "proportion": 0.39077891582817303
          },
          {
            "response": [
              "Essential"
            ],
            "proportion": 0.3885849859813673
          }
        ],
        "collapsed": [
          {
            "response": [
              "Not relevant",
              "Beneficial"
            ],
            "proportion": 0.2206360981904595
          },
          {
            "response": [
              "Important",
              "Essential"
            ],
            "proportion": 0.7793639018095405
          }
        ]
      }
    },
    {
      "wave": {
        "value": 8,
        "index": 1
      },
      "party": {
        "value": [
          "Republican"
        ],
        "index": 2
      },
      "responses": {
        "expanded": [
          {
            "response": [
              "Not relevant"
            ],
            "proportion": 0.08989176113757873
          },
          {
            "response": [
              "Beneficial"
            ],
            "proportion": 0.268104996464272
          },
          {
            "response": [
              "Important"
            ],
            "proportion": 0.3817117677435192
          },
          {
            "response": [
              "Essential"
            ],
            "proportion": 0.26029147465463004
          }
        ],
        "collapsed": [
          {
            "response": [
              "Not relevant",
              "Beneficial"
            ],
            "proportion": 0.35799675760185073
          },
          {
            "response": [
              "Important",
              "Essential"
            ],
            "proportion": 0.6420032423981492
          }
        ]
      }
    },
    {
      "wave": null,
      "party": null,
      "responses": {
        "expanded": [
          {
            "response": [
              "Not relevant"
            ],
            "proportion": 0.06914908539611121
          },
          {
            "response": [
              "Beneficial"
            ],
            "proportion": 0.15180215165765043
          },
          {
            "response": [
              "Important"
            ],
            "proportion": 0.36495315179989296
          },
          {
            "response": [
              "Essential"
            ],
            "proportion": 0.4140956111463453
          }
        ],
        "collapsed": [
          {
            "response": [
              "Not relevant",
              "Beneficial"
            ],
            "proportion": 0.22095123705376166
          },
          {
            "response": [
              "Important",
              "Essential"
            ],
            "proportion": 0.7790487629462384
          }
        ]
      }
    },
    {
      "wave": {
        "value": 14,
        "index": 2
      },
      "party": {
        "value": [
          "Democrat"
        ],
        "index": 0
      },
      "responses": {
        "expanded": [
          {
            "response": [
              "Not relevant"
            ],
            "proportion": 0.02866919482599949
          },
          {
            "response": [
              "Beneficial"
            ],
            "proportion": 0.1389609003835932
          },
          {
            "response": [
              "Important"
            ],
            "proportion": 0.4053722227909696
          },
          {
            "response": [
              "Essential"
            ],
            "proportion": 0.42699768199943783
          }
        ],
        "collapsed": [
          {
            "response": [
              "Not relevant",
              "Beneficial"
            ],
            "proportion": 0.16763009520959266
          },
          {
            "response": [
              "Important",
              "Essential"
            ],
            "proportion": 0.8323699047904072
          }
        ]
      }
    },
    {
      "wave": {
        "value": 14,
        "index": 2
      },
      "party": {
        "value": [
          "Independent",
          "Other"
        ],
        "index": 1
      },
      "responses": {
        "expanded": [
          {
            "response": [
              "Not relevant"
            ],
            "proportion": 0.11589378815179788
          },
          {
            "response": [
              "Beneficial"
            ],
            "proportion": 0.1929568186424559
          },
          {
            "response": [
              "Important"
            ],
            "proportion": 0.30416672336083206
          },
          {
            "response": [
              "Essential"
            ],
            "proportion": 0.3869826698449143
          }
        ],
        "collapsed": [
          {
            "response": [
              "Not relevant",
              "Beneficial"
            ],
            "proportion": 0.3088506067942538
          },
          {
            "response": [
              "Important",
              "Essential"
            ],
            "proportion": 0.6911493932057462
          }
        ]
      }
    },
    {
      "wave": {
        "value": 14,
        "index": 2
      },
      "party": {
        "value": [
          "Republican"
        ],
        "index": 2
      },
      "responses": {
        "expanded": [
          {
            "response": [
              "Not relevant"
            ],
            "proportion": 0.09274240091373745
          },
          {
            "response": [
              "Beneficial"
            ],
            "proportion": 0.15948148180382657
          },
          {
            "response": [
              "Important"
            ],
            "proportion": 0.3110243587509186
          },
          {
            "response": [
              "Essential"
            ],
            "proportion": 0.4367517585315174
          }
        ],
        "collapsed": [
          {
            "response": [
              "Not relevant",
              "Beneficial"
            ],
            "proportion": 0.252223882717564
          },
          {
            "response": [
              "Important",
              "Essential"
            ],
            "proportion": 0.747776117282436
          }
        ]
      }
    },
    {
      "wave": null,
      "party": null,
      "responses": {
        "expanded": [
          {
            "response": [
              "Not relevant"
            ],
            "proportion": 0.06914908539611121
          },
          {
            "response": [
              "Beneficial"
            ],
            "proportion": 0.15180215165765043
          },
          {
            "response": [
              "Important"
            ],
            "proportion": 0.36495315179989296
          },
          {
            "response": [
              "Essential"
            ],
            "proportion": 0.4140956111463453
          }
        ],
        "collapsed": [
          {
            "response": [
              "Not relevant",
              "Beneficial"
            ],
            "proportion": 0.22095123705376166
          },
          {
            "response": [
              "Important",
              "Essential"
            ],
            "proportion": 0.7790487629462384
          }
        ]
      }
    },
    {
      "wave": {
        "value": 23,
        "index": 3
      },
      "party": {
        "value": [
          "Democrat"
        ],
        "index": 0
      },
      "responses": {
        "expanded": [
          {
            "response": [
              "Not relevant"
            ],
            "proportion": 0.09513818469260342
          },
          {
            "response": [
              "Beneficial"
            ],
            "proportion": 0.07993193459334141
          },
          {
            "response": [
              "Important"
            ],
            "proportion": 0.3070157692848535
          },
          {
            "response": [
              "Essential"
            ],
            "proportion": 0.5179141114292016
          }
        ],
        "collapsed": [
          {
            "response": [
              "Not relevant",
              "Beneficial"
            ],
            "proportion": 0.17507011928594482
          },
          {
            "response": [
              "Important",
              "Essential"
            ],
            "proportion": 0.8249298807140552
          }
        ]
      }
    },
    {
      "wave": {
        "value": 23,
        "index": 3
      },
      "party": {
        "value": [
          "Independent",
          "Other"
        ],
        "index": 1
      },
      "responses": {
        "expanded": [
          {
            "response": [
              "Not relevant"
            ],
            "proportion": 0.052288218278316353
          },
          {
            "response": [
              "Beneficial"
            ],
            "proportion": 0.157538755493885
          },
          {
            "response": [
              "Important"
            ],
            "proportion": 0.346523256412065
          },
          {
            "response": [
              "Essential"
            ],
            "proportion": 0.44364976981573373
          }
        ],
        "collapsed": [
          {
            "response": [
              "Not relevant",
              "Beneficial"
            ],
            "proportion": 0.20982697377220136
          },
          {
            "response": [
              "Important",
              "Essential"
            ],
            "proportion": 0.7901730262277987
          }
        ]
      }
    },
    {
      "wave": {
        "value": 23,
        "index": 3
      },
      "party": {
        "value": [
          "Republican"
        ],
        "index": 2
      },
      "responses": {
        "expanded": [
          {
            "response": [
              "Not relevant"
            ],
            "proportion": 0.1144352214196178
          },
          {
            "response": [
              "Beneficial"
            ],
            "proportion": 0.1722082365781791
          },
          {
            "response": [
              "Important"
            ],
            "proportion": 0.33513541308789363
          },
          {
            "response": [
              "Essential"
            ],
            "proportion": 0.3782211289143093
          }
        ],
        "collapsed": [
          {
            "response": [
              "Not relevant",
              "Beneficial"
            ],
            "proportion": 0.28664345799779684
          },
          {
            "response": [
              "Important",
              "Essential"
            ],
            "proportion": 0.713356542002203
          }
        ]
      }
    },
    {
      "wave": null,
      "party": null,
      "responses": {
        "expanded": [
          {
            "response": [
              "Not relevant"
            ],
            "proportion": 0.06914908539611121
          },
          {
            "response": [
              "Beneficial"
            ],
            "proportion": 0.15180215165765043
          },
          {
            "response": [
              "Important"
            ],
            "proportion": 0.36495315179989296
          },
          {
            "response": [
              "Essential"
            ],
            "proportion": 0.4140956111463453
          }
        ],
        "collapsed": [
          {
            "response": [
              "Not relevant",
              "Beneficial"
            ],
            "proportion": 0.22095123705376166
          },
          {
            "response": [
              "Important",
              "Essential"
            ],
            "proportion": 0.7790487629462384
          }
        ]
      }
    },
    {
      "wave": null,
      "party": null,
      "responses": {
        "expanded": [
          {
            "response": [
              "Not relevant"
            ],
            "proportion": 0.06914908539611121
          },
          {
            "response": [
              "Beneficial"
            ],
            "proportion": 0.15180215165765043
          },
          {
            "response": [
              "Important"
            ],
            "proportion": 0.36495315179989296
          },
          {
            "response": [
              "Essential"
            ],
            "proportion": 0.4140956111463453
          }
        ],
        "collapsed": [
          {
            "response": [
              "Not relevant",
              "Beneficial"
            ],
            "proportion": 0.22095123705376166
          },
          {
            "response": [
              "Important",
              "Essential"
            ],
            "proportion": 0.7790487629462384
          }
        ]
      }
    },
    {
      "wave": null,
      "party": null,
      "responses": {
        "expanded": [
          {
            "response": [
              "Not relevant"
            ],
            "proportion": 0.06914908539611121
          },
          {
            "response": [
              "Beneficial"
            ],
            "proportion": 0.15180215165765043
          },
          {
            "response": [
              "Important"
            ],
            "proportion": 0.36495315179989296
          },
          {
            "response": [
              "Essential"
            ],
            "proportion": 0.4140956111463453
          }
        ],
        "collapsed": [
          {
            "response": [
              "Not relevant",
              "Beneficial"
            ],
            "proportion": 0.22095123705376166
          },
          {
            "response": [
              "Important",
              "Essential"
            ],
            "proportion": 0.7790487629462384
          }
        ]
      }
    },
    {
      "wave": null,
      "party": null,
      "responses": {
        "expanded": [
          {
            "response": [
              "Not relevant"
            ],
            "proportion": 0.06914908539611121
          },
          {
            "response": [
              "Beneficial"
            ],
            "proportion": 0.15180215165765043
          },
          {
            "response": [
              "Important"
            ],
            "proportion": 0.36495315179989296
          },
          {
            "response": [
              "Essential"
            ],
            "proportion": 0.4140956111463453
          }
        ],
        "collapsed": [
          {
            "response": [
              "Not relevant",
              "Beneficial"
            ],
            "proportion": 0.22095123705376166
          },
          {
            "response": [
              "Important",
              "Essential"
            ],
            "proportion": 0.7790487629462384
          }
        ]
      }
    },
    {
      "wave": null,
      "party": null,
      "responses": {
        "expanded": [
          {
            "response": [
              "Not relevant"
            ],
            "proportion": 0.06914908539611121
          },
          {
            "response": [
              "Beneficial"
            ],
            "proportion": 0.15180215165765043
          },
          {
            "response": [
              "Important"
            ],
            "proportion": 0.36495315179989296
          },
          {
            "response": [
              "Essential"
            ],
            "proportion": 0.4140956111463453
          }
        ],
        "collapsed": [
          {
            "response": [
              "Not relevant",
              "Beneficial"
            ],
            "proportion": 0.22095123705376166
          },
          {
            "response": [
              "Important",
              "Essential"
            ],
            "proportion": 0.7790487629462384
          }
        ]
      }
    }
  ]
}