{
  "characteristic_name": "misconduct",
  "col_idx": 1,
  "in_waves": [
    3,
    8,
    14,
    23
  ],
  "splits": [
    {
      "wave": {
        "value": 3,
        "index": 0
      },
      "party": {
        "value": [
          "Democrat"
        ],
        "index": 0
      },
      "responses": {
        "expanded": [
          {
            "response": [
              "Not relevant"
            ],
            "proportion": 0.04560340116509395
          },
          {
            "response": [
              "Beneficial"
            ],
            "proportion": 0.10905788636835863
          },
          {
            "response": [
              "Important"
            ],
            "proportion": 0.3474855738329725
          },
          {
            "response": [
              "Essential"
            ],
            "proportion": 0.4978531386335747
          }
        ],
        "collapsed": [
          {
            "response": [
              "Not relevant",
              "Beneficial"
            ],
            "proportion": 0.15466128753345257
          },
          {
            "response": [
              "Important",
              "Essential"
            ],
            "proportion": 0.8453387124665473
          }
        ]
      }
    },
    {
      "wave": {
        "value": 3,
        "index": 0
      },
      "party": {
        "value": [
          "Independent",
          "Other"
        ],
        "index": 1
      },
      "responses": {
        "expanded": [
          {
            "response": [
              "Not relevant"
            ],
            "proportion": 0.061221889273852956
          },
          {
            "response": [
              "Beneficial"
            ],
            "proportion": 0.10915023911962339
          },
          {
            "response": [
              "Important"
            ],
            "proportion": 0.27550391687520376
          },
          {
            "response": [
              "Essential"
            ],
            "proportion": 0.5541239547313197
          }
        ],
        "collapsed": [
          {
            "response": [
              "Not relevant",
              "Beneficial"
            ],
            "proportion": 0.17037212839347635
          },
          {
            "response": [
              "Important",
              "Essential"
            ],
            "proportion": 0.8296278716065235
          }
        ]
      }
    },
    {
      "wave": {
        "value": 3,
        "index": 0
      },
      "party": {
        "value": [
          "Republican"
        ],
        "index": 2
      },
      "responses": {
        "expanded": [
          {
            "response": [
              "Not relevant"
            ],
            "proportion": 0.03628585345213306
          },
          {
            "response": [
              "Beneficial"
            ],
            "proportion": 0.08362767442677109
          },
          {
            "response": [
              "Important"
            ],
            "proportion": 0.45158012369703765
          },
          {
            "response": [
              "Essential"
            ],
            "proportion": 0.4285063484240581
          }
        ],
        "collapsed": [
          {
            "response": [
              "Not relevant",
              "Beneficial"
            ],
            "proportion": 0.11991352787890418
          },
          {
            "response": [
              "Important",
              "Essential"
            ],
            "proportion": 0.8800864721210958
          }
        ]
      }
    },
    {
      "wave": null,
      "party": null,
      "responses": {
        "expanded": [
          {
            "response": [
              "Not relevant"
            ],
            "proportion": 0.051587580631709165
          },
          {
            "response": [
              "Beneficial"
            ],
            "proportion": 0.1091361280849282
          },
          {
            "response": [
              "Important"
            ],
            "proportion": 0.3176593636389786
          },
          {
            "response": [
              "Essential"
            ],
            "proportion": 0.5216169276443842
          }
        ],
        "collapsed": [
          {
            "response": [
              "Not relevant",
              "Beneficial"
            ],
            "proportion": 0.16072370871663735
          },
          {
            "response": [
              "Important",
              "Essential"
            ],
            "proportion": 0.8392762912833627
          }
        ]
      }
    },
    {
      "wave": {
        "value": 8,
        "index": 1
      },
      "party": {
        "value": [
          "Democrat"
        ],
        "index": 0
      },
      "responses": {
        "expanded": [
          {
            "response": [
              "Not relevant"
            ],
            "proportion": 0.05880787794166601
          },
          {
            "response": [
              "Beneficial"
            ],
            "proportion": 0.10973133944982814
          },
          {
            "response": [
              "Important"
            ],
            "proportion": 0.2978405204045217
          },
          {
            "response": [
              "Essential"
            ],
            "proportion": 0.5336202622039842
          }
        ],
        "collapsed": [
          {
            "response": [
              "Not relevant",
              "Beneficial"
            ],
            "proportion": 0.16853921739149422
          },
          {
            "response": [
              "Important",
              "Essential"
            ],
            "proportion": 0.831460782608506
          }
        ]
      }
    },
    {
      "wave": {
        "value": 8,
        "index": 1
      },
      "party": {
        "value": [
          "Independent",
          "Other"
        ],
        "index": 1
      },
      "responses": {
        "expanded": [
          {
            "response": [
              "Not relevant"
            ],
            "proportion": 0.06333909904956268
          },
          {
            "response": [
              "Beneficial"
            ],
            "proportion": 0.05981090064028216
          },
          {
            "response": [
              "Important"
            ],
            "proportion": 0.23927897469384052
          },
          {
            "response": [
              "Essential"
            ],
            "proportion": 0.6375710256163145
          }
        ],
        "collapsed": [
          {
            "response": [
              "Not relevant",
              "Beneficial"
            ],
            "proportion": 0.12314999968984484
          },
          {
            "response": [
              "Important",
              "Essential"
            ],
            "proportion": 0.876850000310155
          }
        ]
      }
    },
    {
      "wave": {
        "value": 8,
        "index": 1
      },
      "party": {
        "value": [
          "Republican"
        ],
        "index": 2
      },
      "responses": {
        "expanded": [
          {
            "response": [
              "Not relevant"
            ],
            "proportion": 0.04631695037247045
          },
          {
            "response": [
              "Beneficial"
            ],
            "proportion": 0.1608600954686974
          },
          {
            "response": [
              "Important"
            ],
            "proportion": 0.34988354499881624
          },
          {
            "response": [
              "Essential"
            ],
            "proportion": 0.44293940916001584
          }
        ],
        "collapsed": [
          {
            "response": [
              "Not relevant",
              "Beneficial"
            ],
            "proportion": 0.20717704584116786
          },
          {
            "response": [
              "Important",
              "Essential"
            ],
            "proportion": 0.7928229541588321
          }
        ]
      }
    },
    {
      "wave": null,
      "party": null,
      "responses": {
        "expanded": [
          {
            "response": [
              "Not relevant"
            ],
            "proportion": 0.051587580631709165
          },
          {
            "response": [
              "Beneficial"
            ],
            "proportion": 0.1091361280849282
          },
          {
            "response": [
              "Important"
            ],
            "proportion": 0.3176593636389786
          },
          {
            "response": [
              "Essential"
            ],
            "proportion": 0.5216169276443842
          }
        ],
        "collapsed": [
          {
            "response": [
              "Not relevant",
              "Beneficial"
            ],
            "proportion": 0.16072370871663735
          },
          {
            "response": [
              "Important",
              "Essential"
            ],
            "proportion": 0.8392762912833627
          }
        ]
      }
    },
    {
      "wave": {
        "value": 14,
        "index": 2
      },
      "party": {
        "value": [
          "Democrat"
        ],
        "index": 0
      },
      "responses": {
        "expanded": [
          {
            "response": [
              "Not relevant"
            ],
            "proportion": 0.06624720885485189
          },
          {
            "response": [
              "Beneficial"
            ],
            "proportion": 0.047697441416679
          },
          {
            "response": [
              "Important"
            ],
            "proportion": 0.2786039013371192
          },
          {
            "response": [
              "Essential"
            ],
            "proportion": 0.6074514483913499
          }
        ],
        "collapsed": [
          {
            "response": [
              "Not relevant",
              "Beneficial"
            ],
            "proportion": 0.11394465027153089
          },
          {
            "response": [
              "Important",
              "Essential"
            ],
            "proportion": 0.8860553497284691
          }
        ]
      }
    },
    {
      "wave": {
        "value": 14,
        "index": 2
      },
      "party": {
        "value": [
          "Independent",
          "Other"
        ],
        "index": 1
      },
      "responses": {
        "expanded": [
          {
            "response": [
              "Not relevant"
            ],
            "proportion": 0.0343836561937415
          },
          {
            "response": [
              "Beneficial"
            ],
            "proportion": 0.0734751320879168
          },
          {
            "response": [
              "Important"
            ],
            "proportion": 0.320849708662737
          },
          {
            "response": [
              "Essential"
            ],
            "proportion": 0.5712915030556046
          }
        ],
        "collapsed": [
          {
            "response": [
              "Not relevant",
              "Beneficial"
            ],
            "proportion": 0.1078587882816583
          },
          {
            "response": [
              "Important",
              "Essential"
            ],
            "proportion": 0.8921412117183418
          }
        ]
      }
    },
    {
      "wave": {
        "value": 14,
        "index": 2
      },
      "party": {
        "value": [
          "Republican"
        ],
        "index": 2
      },
      "responses": {
        "expanded": [
          {
            "response": [
              "Not relevant"
            ],
            "proportion": 0.08886759238359986
          },
          {
            "response": [
              "Beneficial"
            ],
            "proportion": 0.06204856921091941
          },
          {
            "response": [
              "Important"
            ],
            "proportion": 0.3168104265064713
          },
          {
            "response": [
              "Essential"
            ],
            "proportion": 0.5322734118990092
          }
        ],
        "collapsed": [
          {
            "response": [
              "Not relevant",
              "Beneficial"
            ],
            "proportion": 0.15091616159451926
          },
          {
            "response": [
              "Important",
              "Essential"
            ],
            "proportion": 0.8490838384054806
          }
        ]
      }
    },
    {
      "wave": null,
      "party": null,
      "responses": {
        "expanded": [
          {
            "response": [
              "Not relevant"
            ],
            "proportion": 0.051587580631709165
          },
          {
            "response": [
              "Beneficial"
            ],
            "proportion": 0.1091361280849282
          },
          {
            "response": [
              "Important"
            ],
            "proportion": 0.3176593636389786
          },
          {
            "response": [
              "Essential"
            ],
            "proportion": 0.5216169276443842
          }
        ],
        "collapsed": [
          {
            "response": [
              "Not relevant",
              "Beneficial"
            ],
            "proportion": 0.16072370871663735
          },
          {
            "response": [
              "Important",
              "Essential"
            ],
            "proportion": 0.8392762912833627
          }
        ]
      }
    },
    {
      "wave": {
        "value": 23,
        "index": 3
      },
      "party": {
        "value": [
          "Democrat"
        ],
        "index": 0
      },
      "responses": {
        "expanded": [
          {
            "response": [
              "Not relevant"
            ],
            "proportion": 0.0486940902514366
          },
          {
            "response": [
              "Beneficial"
            ],
            "proportion": 0.13126536563775829
          },
          {
            "response": [
              "Important"
            ],
            "proportion": 0.26642321084203474
          },
          {
            "response": [
              "Essential"
            ],
            "proportion": 0.5536173332687704
          }
        ],
        "collapsed": [
          {
            "response": [
              "Not relevant",
              "Beneficial"
            ],
            "proportion": 0.17995945588919487
          },
          {
            "response": [
              "Important",
              "Essential"
            ],
            "proportion": 0.8200405441108053
          }
        ]
      }
    },
    {
      "wave": {
        "value": 23,
        "index": 3
      },
      "party": {
        "value": [
          "Independent",
          "Other"
        ],
        "index": 1
      },
      "responses": {
        "expanded": [
          {
            "response": [
              "Not relevant"
            ],
            "proportion": 0.039599765459855156
          },
          {
            "response": [
              "Beneficial"
            ],
            "proportion": 0.17414106646747987
          },
          {
            "response": [
              "Important"
            ],
            "proportion": 0.2511888299432406
          },
          {
            "response": [
              "Essential"
            ],
            "proportion": 0.5350703381294243
          }
        ],
        "collapsed": [
          {
            "response": [
              "Not relevant",
              "Beneficial"
            ],
            "proportion": 0.213740831927335
          },
          {
            "response": [
              "Important",
              "Essential"
            ],
            "proportion": 0.7862591680726649
          }
        ]
      }
    },
    {
      "wave": {
        "value": 23,
        "index": 3
      },
      "party": {
        "value": [
          "Republican"
        ],
        "index": 2
      },
      "responses": {
        "expanded": [
          {
            "response": [
              "Not relevant"
            ],
            "proportion": 0.03776055991732197
          },
          {
            "response": [
              "Beneficial"
            ],
            "proportion": 0.14298798191200554
          },
          {
            "response": [
              "Important"
            ],
            "proportion": 0.44440626994277044
          },
          {
            "response": [
              "Essential"
            ],
            "proportion": 0.3748451882279021
          }
        ],
        "collapsed": [
          {
            "response": [
              "Not relevant",
              "Beneficial"
            ],
            "proportion": 0.18074854182932754
          },
          {
            "response": [
              "Important",
              "Essential"
            ],
            "proportion": 0.8192514581706727
          }
        ]
      }
    },
    {
      "wave": null,
      "party": null,
      "responses": {
        "expanded": [
          {
            "response": [
              "Not relevant"
            ],
            "proportion": 0.051587580631709165
          },
          {
            "response": [
              "Beneficial"
            ],
            "proportion": 0.1091361280849282
          },
          {
            "response": [
              "Important"
            ],
            "proportion": 0.3176593636389786
          },
          {
            "response": [
              "Essential"
            ],
            "proportion": 0.5216169276443842
          }
        ],
        "collapsed": [
          {
            "response": [
              "Not relevant",
              "Beneficial"
            ],
            "proportion": 0.16072370871663735
          },
          {
            "response": [
              "Important",
              "Essential"
            ],
            "proportion": 0.8392762912833627
          }
        ]
      }
    },
    {
      "wave": null,
      "party": null,
      "responses": {
        "expanded": [
          {
            "response": [
              "Not relevant"
            ],
            "proportion": 0.051587580631709165
          },
          {
            "response": [
              "Beneficial"
            ],
            "proportion": 0.1091361280849282
          },
          {
            "response": [
              "Important"
            ],
            "proportion": 0.3176593636389786
          },
          {
            "response": [
              "Essential"
            ],
            "proportion": 0.5216169276443842
          }
        ],
        "collapsed": [
          {
            "response": [
              "Not relevant",
              "Beneficial"
            ],
            "proportion": 0.16072370871663735
          },
          {
            "response": [
              "Important",
              "Essential"
            ],
            "proportion": 0.8392762912833627
          }
        ]
      }
    },
    {
      "wave": null,
      "party": null,
      "responses": {
        "expanded": [
          {
            "response": [
              "Not relevant"
            ],
            "proportion": 0.051587580631709165
          },
          {
            "response": [
              "Beneficial"
            ],
            "proportion": 0.1091361280849282
          },
          {
            "response": [
              "Important"
            ],
            "proportion": 0.3176593636389786
          },
          {
            "response": [
              "Essential"
            ],
            "proportion": 0.5216169276443842
          }
        ],
        "collapsed": [
          {
            "response": [
              "Not relevant",
              "Beneficial"
            ],
            "proportion": 0.16072370871663735
          },
          {
            "response": [
              "Important",
              "Essential"
            ],
            "proportion": 0.8392762912833627
          }
        ]
      }
    },
    {
      "wave": null,
      "party": null,
      "responses": {
        "expanded": [
          {
            "response": [
              "Not relevant"
            ],
            "proportion": 0.051587580631709165
          },
          {
            "response": [
              "Beneficial"
            ],
            "proportion": 0.1091361280849282
          },
          {
            "response": [
              "Important"
            ],
            "proportion": 0.3176593636389786
          },
          {
            "response": [
              "Essential"
            ],
            "proportion": 0.5216169276443842
          }
        ],
        "collapsed": [
          {
            "response": [
              "Not relevant",
              "Beneficial"
            ],
            "proportion": 0.16072370871663735
          },
          {
            "response": [
              "Important",
              "Essential"
            ],
            "proportion": 0.8392762912833627
          }
        ]
      }
    },
    {
      "wave": null,
      "party": null,
      "responses": {
        "expanded": [
          {
            "response": [
              "Not relevant"
            ],
            "proportion": 0.051587580631709165
          },
          {
            "response": [
              "Beneficial"
            ],
            "proportion": 0.1091361280849282
          },
          {
            "response": [
              "Important"
            ],
            "proportion": 0.3176593636389786
          },
          {
            "response": [
              "Essential"
            ],
            "proportion": 0.5216169276443842
          }
        ],
        "collapsed": [
          {
            "response": [
              "Not relevant",
              "Beneficial"
            ],
            "proportion": 0.16072370871663735
          },
          {
            "response": [
              "Important",
              "Essential"
            ],
            "proportion": 0.8392762912833627
          }
        ]
      }
    }
  ]
}