{
  "characteristic_name": "monitor_opponents",
  "col_idx": 3,
  "in_waves": [
    3,
    8,
    14,
    23
  ],
  "splits": [
    {
      "wave": {
        "value": 3,
        "index": 0
      },
      "party": {
        "value": [
          "Democrat"
        ],
        "index": 0
      },
      "responses": {
        "expanded": [
          {
            "response": [
              "Not relevant"
            ],
            "proportion": 0.08027555318717622
          },
          {
            "response": [
              "Beneficial"
            ],
            "proportion": 0.16535488911834587
          },
          {
            "response": [
              "Important"
            ],
            "proportion": 0.24746145706067652
          },
          {
            "response": [
              "Essential"
            ],
            "proportion": 0.5069081006338013
          }
        ],
        "collapsed": [
          {
            "response": [
              "Not relevant",
              "Beneficial"
            ],
            "proportion": 0.2456304423055221
          },
          {
            "response": [
              "Important",
              "Essential"
            ],
            "proportion": 0.7543695576944778
          }
        ]
      }
    },
    {
      "wave": {
        "value": 3,
        "index": 0
      },
      "party": {
        "value": [
          "Independent",
          "Other"
        ],
        "index": 1
      },
      "responses": {
        "expanded": [
          {
            "response": [
              "Not relevant"
            ],
            "proportion": 0.10681729490826702
          },
          {
            "response": [
              "Beneficial"
            ],
            "proportion": 0.07336775139077337
          },
          {
            "response": [
              "Important"
            ],
            "proportion": 0.20498430148560395
          },
          {
            "response": [
              "Essential"
            ],
            "proportion": 0.6148306522153556
          }
        ],
        "collapsed": [
          {
            "response": [
              "Not relevant",
              "Beneficial"
            ],
            "proportion": 0.18018504629904036
          },
          {
            "response": [
              "Important",
              "Essential"
            ],
            "proportion": 0.8198149537009596
          }
        ]
      }
    },
    {
      "wave": {
        "value": 3,
        "index": 0
      },
      "party": {
        "value": [
          "Republican"
        ],
        "index": 2
      },
      "responses": {
        "expanded": [
          {
            "response": [
              "Not relevant"
            ],
            "proportion": 0.04832926596901565
          },
          {
            "response": [
              "Beneficial"
            ],
            "proportion": 0.10911542509506995
          },
          {
            "response": [
              "Important"
            ],
            "proportion": 0.3872287581764925
          },
          {
            "response": [
              "Essential"
            ],
            "proportion": 0.45532655075942197
          }
        ],
        "collapsed": [
          {
            "response": [
              "Not relevant",
              "Beneficial"
            ],
            "proportion": 0.1574446910640856
          },
          {
            "response": [
              "Important",
              "Essential"
            ],
            "proportion": 0.8425553089359143
          }
        ]
      }
    },
    {
      "wave": null,
      "party": null,
      "responses": {
        "expanded": [
          {
            "response": [
              "Not relevant"
            ],
            "proportion": 0.08469479495739533
          },
          {
            "response": [
              "Beneficial"
            ],
            "proportion": 0.10874554465711403
          },
          {
            "response": [
              "Important"
            ],
            "proportion": 0.2732806936104961
          },
          {
            "response": [
              "Essential"
            ],
            "proportion": 0.5332789667749946
          }
        ],
        "collapsed": [
          {
            "response": [
              "Not relevant",
              "Beneficial"
            ],
            "proportion": 0.19344033961450935
          },
          {
            "response": [
              "Important",
              "Essential"
            ],
            "proportion": 0.8065596603854907
          }
        ]
      }
    },
    {
      "wave": {
        "value": 8,
        "index": 1
      },
      "party": {
        "value": [
          "Democrat"
        ],
        "index": 0
      },
      "responses": {
        "expanded": [
          {
            "response": [
              "Not relevant"
            ],
            "proportion": 0.08269463147754906
          },
          {
            "response": [
              "Beneficial"
            ],
            "proportion": 0.07876925483231102
          },
          {
            "response": [
              "Important"
            ],
            "proportion": 0.3446479547716585
          },
          {
            "response": [
              "Essential"
            ],
            "proportion": 0.49388815891848153
          }
        ],
        "collapsed": [
          {
            "response": [
              "Not relevant",
              "Beneficial"
            ],
            "proportion": 0.16146388630986008
          },
          {
            "response": [
              "Important",
              "Essential"
            ],
            "proportion": 0.8385361136901399
          }
        ]
      }
    },
    {
      "wave": {
        "value": 8,
        "index": 1
      },
      "party": {
        "value": [
          "Independent",
          "Other"
        ],
        "index": 1
      },
      "responses": {
        "expanded": [
          {
            "response": [
              "Not relevant"
            ],
            "proportion": 0.09664082299519997
          },
          {
            "response": [
              "Beneficial"
            ],
            "proportion": 0.07781924665856399
          },
          {
            "response": [
              "Important"
            ],
            "proportion": 0.20549316541094945
          },
          {
            "response": [
              "Essential"
            ],
            "proportion": 0.6200467649352865
          }
        ],
        "collapsed": [
          {
            "response": [
              "Not relevant",
              "Beneficial"
            ],
            "proportion": 0.17446006965376396
          },
          {
            "response": [
              "Important",
              "Essential"
            ],
            "proportion": 0.8255399303462362
          }
        ]
      }
    },
    {
      "wave": {
        "value": 8,
        "index": 1
      },
      "party": {
        "value": [
          "Republican"
        ],
        "index": 2
      },
      "responses": {
        "expanded": [
          {
            "response": [
              "Not relevant"
            ],
            "proportion": 0.07363687725909744
          },
          {
            "response": [
              "Beneficial"
            ],
            "proportion": 0.13697126033816998
          },
          {
            "response": [
              "Important"
            ],
            "proportion": 0.3211461093616648
          },
          {
            "response": [
              "Essential"
            ],
            "proportion": 0.4682457530410678
          }
        ],
        "collapsed": [
          {
            "response": [
              "Not relevant",
              "Beneficial"
            ],
            "proportion": 0.2106081375972674
          },
          {
            "response": [
              "Important",
              "Essential"
            ],
            "proportion": 0.7893918624027327
          }
        ]
      }
    },
    {
      "wave": null,
      "party": null,
      "responses": {
        "expanded": [
          {
            "response": [
              "Not relevant"
            ],
            "proportion": 0.08469479495739533
          },
          {
            "response": [
              "Beneficial"
            ],
            "proportion": 0.10874554465711403
          },
          {
            "response": [
              "Important"
            ],
            "proportion": 0.2732806936104961
          },
          {
            "response": [
              "Essential"
            ],
            "proportion": 0.5332789667749946
          }
        ],
        "collapsed": [
          {
            "response": [
              "Not relevant",
              "Beneficial"
            ],
            "proportion": 0.19344033961450935
          },
          {
            "response": [
              "Important",
              "Essential"
            ],
            "proportion": 0.8065596603854907
          }
        ]
      }
    },
    {
      "wave": {
        "value": 14,
        "index": 2
      },
      "party": {
        "value": [
          "Democrat"
        ],
        "index": 0
      },
      "responses": {
        "expanded": [
          {
            "response": [
              "Not relevant"
            ],
            "proportion": 0.11076747719118624
          },
          {
            "response": [
              "Beneficial"
            ],
            "proportion": 0.178131506251933
          },
          {
            "response": [
              "Important"
            ],
            "proportion": 0.15494219428979256
          },
          {
            "response": [
              "Essential"
            ],
            "proportion": 0.5561588222670882
          }
        ],
        "collapsed": [
          {
            "response": [
              "Not relevant",
              "Beneficial"
            ],
            "proportion": 0.2888989834431192
          },
          {
            "response": [
              "Important",
              "Essential"
            ],
            "proportion": 0.7111010165568807
          }
        ]
      }
    },
    {
      "wave": {
        "value": 14,
        "index": 2
      },
      "party": {
        "value": [
          "Independent",
          "Other"
        ],
        "index": 1
      },
      "responses": {
        "expanded": [
          {
            "response": [
              "Not relevant"
            ],
            "proportion": 0.11059554352454463
          },
          {
            "response": [
              "Beneficial"
            ],
            "proportion": 0.09288594577251884
          },
          {
            "response": [
              "Important"
            ],
            "proportion": 0.22746776282542516
          },
          {
            "response": [
              "Essential"
            ],
            "proportion": 0.5690507478775114
          }
        ],
        "collapsed": [
          {
            "response": [
              "Not relevant",
              "Beneficial"
            ],
            "proportion": 0.20348148929706347
          },
          {
            "response": [
              "Important",
              "Essential"
            ],
            "proportion": 0.7965185107029364
          }
        ]
      }
    },
    {
      "wave": {
        "value": 14,
        "index": 2
      },
      "party": {
        "value": [
          "Republican"
        ],
        "index": 2
      },
      "responses": {
        "expanded": [
          {
            "response": [
              "Not relevant"
            ],
            "proportion": 0.06586090876286246
          },
          {
            "response": [
              "Beneficial"
            ],
            "proportion": 0.06333468245623206
          },
          {
            "response": [
              "Important"
            ],
            "proportion": 0.35695077885455123
          },
          {
            "response": [
              "Essential"
            ],
            "proportion": 0.5138536299263541
          }
        ],
        "collapsed": [
          {
            "response": [
              "Not relevant",
              "Beneficial"
            ],
            "proportion": 0.12919559121909455
          },
          {
            "response": [
              "Important",
              "Essential"
            ],
            "proportion": 0.8708044087809054
          }
        ]
      }
    },
    {
      "wave": null,
      "party": null,
      "responses": {
        "expanded": [
          {
            "response": [
              "Not relevant"
            ],
            "proportion": 0.08469479495739533
          },
          {
            "response": [
              "Beneficial"
            ],
            "proportion": 0.10874554465711403
          },
          {
            "response": [
              "Important"
            ],
            "proportion": 0.2732806936104961
          },
          {
            "response": [
              "Essential"
            ],
            "proportion": 0.5332789667749946
          }
        ],
        "collapsed": [
          {
            "response": [
              "Not relevant",
              "Beneficial"
            ],
            "proportion": 0.19344033961450935
          },
          {
            "response": [
              "Important",
              "Essential"
            ],
            "proportion": 0.8065596603854907
          }
        ]
      }
    },
    {
      "wave": {
        "value": 23,
        "index": 3
      },
      "party": {
        "value": [
          "Democrat"
        ],
        "index": 0
      },
      "responses": {
        "expanded": [
          {
            "response": [
              "Not relevant"
            ],
            "proportion": 0.05835781471142
          },
          {
            "response": [
              "Beneficial"
            ],
            "proportion": 0.1667253013206308
          },
          {
            "response": [
              "Important"
            ],
            "proportion": 0.21513776221137226
          },
          {
            "response": [
              "Essential"
            ],
            "proportion": 0.559779121756577
          }
        ],
        "collapsed": [
          {
            "response": [
              "Not relevant",
              "Beneficial"
            ],
            "proportion": 0.2250831160320508
          },
          {
            "response": [
              "Important",
              "Essential"
            ],
            "proportion": 0.7749168839679492
          }
        ]
      }
    },
    {
      "wave": {
        "value": 23,
        "index": 3
      },
      "party": {
        "value": [
          "Independent",
          "Other"
        ],
        "index": 1
      },
      "responses": {
        "expanded": [
          {
            "response": [
              "Not relevant"
            ],
            "proportion": 0.07164443232522556
          },
          {
            "response": [
              "Beneficial"
            ],
            "proportion": 0.08752999207328005
          },
          {
            "response": [
              "Important"
            ],
            "proportion": 0.2656136853239033
          },
          {
            "response": [
              "Essential"
            ],
            "proportion": 0.5752118902775909
          }
        ],
        "collapsed": [
          {
            "response": [
              "Not relevant",
              "Beneficial"
            ],
            "proportion": 0.15917442439850563
          },
          {
            "response": [
              "Important",
              "Essential"
            ],
            "proportion": 0.8408255756014942
          }
        ]
      }
    },
    {
      "wave": {
        "value": 23,
        "index": 3
      },
      "party": {
        "value": [
          "Republican"
        ],
        "index": 2
      },
      "responses": {
        "expanded": [
          {
            "response": [
              "Not relevant"
            ],
            "proportion": 0.11015381505017169
          },
          {
            "response": [
              "Beneficial"
            ],
            "proportion": 0.088168788107593
          },
          {
            "response": [
              "Important"
            ],
            "proportion": 0.3326588036007779
          },
          {
            "response": [
              "Essential"
            ],
            "proportion": 0.4690185932414574
          }
        ],
        "collapsed": [
          {
            "response": [
              "Not relevant",
              "Beneficial"
            ],
            "proportion": 0.19832260315776473
          },
          {
            "response": [
              "Important",
              "Essential"
            ],
            "proportion": 0.8016773968422354
          }
        ]
      }
    },
    {
      "wave": null,
      "party": null,
      "responses": {
        "expanded": [
          {
            "response": [
              "Not relevant"
            ],
            "proportion": 0.08469479495739533
          },
          {
            "response": [
              "Beneficial"
            ],
            "proportion": 0.10874554465711403
          },
          {
            "response": [
              "Important"
            ],
            "proportion": 0.2732806936104961
          },
          {
            "response": [
              "Essential"
            ],
            "proportion": 0.5332789667749946
          }
        ],
        "collapsed": [
          {
            "response": [
              "Not relevant",
              "Beneficial"
            ],
            "proportion": 0.19344033961450935
          },
          {
            "response": [
              "Important",
              "Essential"
            ],
            "proportion": 0.8065596603854907
          }
        ]
      }
    },
    {
      "wave": null,
      "party": null,
      "responses": {
        "expanded": [
          {
            "response": [
              "Not relevant"
            ],
            "proportion": 0.08469479495739533
          },
          {
            "response": [
              "Beneficial"
            ],
            "proportion": 0.10874554465711403
          },
          {
            "response": [
              "Important"
            ],
            "proportion": 0.2732806936104961
          },
          {
            "response": [
              "Essential"
            ],
            "proportion": 0.5332789667749946
          }
        ],
        "collapsed": [
          {
            "response": [
              "Not relevant",
              "Beneficial"
            ],
            "proportion": 0.19344033961450935
          },
          {
            "response": [
              "Important",
              "Essential"
            ],
            "proportion": 0.8065596603854907
          }
        ]
      }
    },
    {
      "wave": null,
      "party": null,
      "responses": {
        "expanded": [
          {
            "response": [
              "Not relevant"
            ],
            "proportion": 0.08469479495739533
          },
          {
            "response": [
              "Beneficial"
            ],
            "proportion": 0.10874554465711403
          },
          {
            "response": [
              "Important"
            ],
            "proportion": 0.2732806936104961
          },
          {
            "response": [
              "Essential"
            ],
            "proportion": 0.5332789667749946
          }
        ],
        "collapsed": [
          {
            "response": [
              "Not relevant",
              "Beneficial"
            ],
            "proportion": 0.19344033961450935
          },
          {
            "response": [
              "Important",
              "Essential"
            ],
            "proportion": 0.8065596603854907
          }
        ]
      }
    },
    {
      "wave": null,
      "party": null,
      "responses": {
        "expanded": [
          {
            "response": [
              "Not relevant"
            ],
            "proportion": 0.08469479495739533
          },
          {
            "response": [
              "Beneficial"
            ],
            "proportion": 0.10874554465711403
          },
          {
            "response": [
              "Important"
            ],
            "proportion": 0.2732806936104961
          },
          {
            "response": [
              "Essential"
            ],
            "proportion": 0.5332789667749946
          }
        ],
        "collapsed": [
          {
            "response": [
              "Not relevant",
              "Beneficial"
            ],
            "proportion": 0.19344033961450935
          },
          {
            "response": [
              "Important",
              "Essential"
            ],
            "proportion": 0.8065596603854907
          }
        ]
      }
    },
    {
      "wave": null,
      "party": null,
      "responses": {
        "expanded": [
          {
            "response": [
              "Not relevant"
            ],
            "proportion": 0.08469479495739533
          },
          {
            "response": [
              "Beneficial"
            ],
            "proportion": 0.10874554465711403
          },
          {
            "response": [
              "Important"
            ],
            "proportion": 0.2732806936104961
          },
          {
            "response": [
              "Essential"
            ],
            "proportion": 0.5332789667749946
          }
        ],
        "collapsed": [
          {
            "response": [
              "Not relevant",
              "Beneficial"
            ],
            "proportion": 0.19344033961450935
          },
          {
            "response": [
              "Important",
              "Essential"
            ],
            "proportion": 0.8065596603854907
          }
        ]
      }
    }
  ]
}