{
  "characteristic_name": "opinions",
  "col_idx": 21,
  "in_waves": [
    3,
    8,
    14,
    23
  ],
  "splits": [
    {
      "wave": {
        "value": 3,
        "index": 0
      },
      "party": {
        "value": [
          "Democrat"
        ],
        "index": 0
      },
      "responses": {
        "expanded": [
          {
            "response": [
              "Not relevant"
            ],
            "proportion": 0.013227804781934402
          },
          {
            "response": [
              "Beneficial"
            ],
            "proportion": 0.09362157839891813
          },
          {
            "response": [
              "Important"
            ],
            "proportion": 0.3405617569031698
          },
          {
            "response": [
              "Essential"
            ],
            "proportion": 0.5525888599159776
          }
        ],
        "collapsed": [
          {
            "response": [
              "Not relevant",
              "Beneficial"
            ],
            "proportion": 0.10684938318085252
          },
          {
            "response": [
              "Important",
              "Essential"
            ],
            "proportion": 0.8931506168191473
          }
        ]
      }
    },
    {
      "wave": {
        "value": 3,
        "index": 0
      },
      "party": {
        "value": [
          "Independent",
          "Other"
        ],
        "index": 1
      },
      "responses": {
        "expanded": [
          {
            "response": [
              "Not relevant"
            ],
            "proportion": 0.016464129743251333
          },
          {
            "response": [
              "Beneficial"
            ],
            "proportion": 0.1772248321830719
          },
          {
            "response": [
              "Important"
            ],
            "proportion": 0.25828258307150664
          },
          {
            "response": [
              "Essential"
            ],
            "proportion": 0.5480284550021699
          }
        ],
        "collapsed": [
          {
            "response": [
              "Not relevant",
              "Beneficial"
            ],
            "proportion": 0.19368896192632323
          },
          {
            "response": [
              "Important",
              "Essential"
            ],
            "proportion": 0.8063110380736765
          }
        ]
      }
    },
    {
      "wave": {
        "value": 3,
        "index": 0
      },
      "party": {
        "value": [
          "Republican"
        ],
        "index": 2
      },
      "responses": {
        "expanded": [
          {
            "response": [
              "Not relevant"
            ],
            "proportion": 0.0630581293588732
          },
          {
            "response": [
              "Beneficial"
            ],
            "proportion": 0.1610513977972155
          },
          {
            "response": [
              "Important"
            ],
            "proportion": 0.29540651585303607
          },
          {
            "response": [
              "Essential"
            ],
            "proportion": 0.48048395699087526
          }
        ],
        "collapsed": [
          {
            "response": [
              "Not relevant",
              "Beneficial"
            ],
            "proportion": 0.2241095271560887
          },
          {
            "response": [
              "Important",
              "Essential"
            ],
            "proportion": 0.7758904728439113
          }
        ]
      }
    },
    {
      "wave": null,
      "party": null,
      "responses": {
        "expanded": [
          {
            "response": [
              "Not relevant"
            ],
            "proportion": 0.029884582215240044
          },
          {
            "response": [
              "Beneficial"
            ],
            "proportion": 0.13026193980592807
          },
          {
            "response": [
              "Important"
            ],
            "proportion": 0.2951053815738615
          },
          {
            "response": [
              "Essential"
            ],
            "proportion": 0.5447480964049702
          }
        ],
        "collapsed": [
          {
            "response": [
              "Not relevant",
              "Beneficial"
            ],
            "proportion": 0.16014652202116814
          },
          {
            "response": [
              "Important",
              "Essential"
            ],
            "proportion": 0.8398534779788318
          }
        ]
      }
    },
    {
      "wave": {
        "value": 8,
        "index": 1
      },
      "party": {
        "value": [
          "Democrat"
        ],
        "index": 0
      },
      "responses": {
        "expanded": [
          {
            "response": [
              "Not relevant"
            ],
            "proportion": 0.04051729468212373
          },
          {
            "response": [
              "Beneficial"
            ],
            "proportion": 0.1238869354022369
          },
          {
            "response": [
              "Important"
            ],
            "proportion": 0.27559590384363575
          },
          {
            "response": [
              "Essential"
            ],
            "proportion": 0.5599998660720036
          }
        ],
        "collapsed": [
          {
            "response": [
              "Not relevant",
              "Beneficial"
            ],
            "proportion": 0.16440423008436064
          },
          {
            "response": [
              "Important",
              "Essential"
            ],
            "proportion": 0.8355957699156393
          }
        ]
      }
    },
    {
      "wave": {
        "value": 8,
        "index": 1
      },
      "party": {
        "value": [
          "Independent",
          "Other"
        ],
        "index": 1
      },
      "responses": {
        "expanded": [
          {
            "response": [
              "Not relevant"
            ],
            "proportion": 0.035269718890283915
          },
          {
            "response": [
              "Beneficial"
            ],
            "proportion": 0.10194926020945569
          },
          {
            "response": [
              "Important"
            ],
            "proportion": 0.32488406416636917
          },
          {
            "response": [
              "Essential"
            ],
            "proportion": 0.5378969567338912
          }
        ],
        "collapsed": [
          {
            "response": [
              "Not relevant",
              "Beneficial"
            ],
            "proportion": 0.13721897909973962
          },
          {
            "response": [
              "Important",
              "Essential"
            ],
            "proportion": 0.8627810209002603
          }
        ]
      }
    },
    {
      "wave": {
        "value": 8,
        "index": 1
      },
      "party": {
        "value": [
          "Republican"
        ],
        "index": 2
      },
      "responses": {
        "expanded": [
          {
            "response": [
              "Not relevant"
            ],
            "proportion": 0.04244185927146709
          },
          {
            "response": [
              "Beneficial"
            ],
            "proportion": 0.15387393554613124
          },
          {
            "response": [
              "Important"
            ],
            "proportion": 0.32395635043109694
          },
          {
            "response": [
              "Essential"
            ],
            "proportion": 0.4797278547513045
          }
        ],
        "collapsed": [
          {
            "response": [
              "Not relevant",
              "Beneficial"
            ],
            "proportion": 0.19631579481759837
          },
          {
            "response": [
              "Important",
              "Essential"
            ],
            "proportion": 0.8036842051824015
          }
        ]
      }
    },
    {
      "wave": null,
      "party": null,
      "responses": {
        "expanded": [
          {
            "response": [
              "Not relevant"
            ],
            "proportion": 0.029884582215240044
          },
          {
            "response": [
              "Beneficial"
            ],
            "proportion": 0.13026193980592807
          },
          {
            "response": [
              "Important"
            ],
            "proportion": 0.2951053815738615
          },
          {
            "response": [
              "Essential"
            ],
            "proportion": 0.5447480964049702
          }
        ],
        "collapsed": [
          {
            "response": [
              "Not relevant",
              "Beneficial"
            ],
            "proportion": 0.16014652202116814
          },
          {
            "response": [
              "Important",
              "Essential"
            ],
            "proportion": 0.8398534779788318
          }
        ]
      }
    },
    {
      "wave": {
        "value": 14,
        "index": 2
      },
      "party": {
        "value": [
          "Democrat"
        ],
        "index": 0
      },
      "responses": {
        "expanded": [
          {
            "response": [
              "Not relevant"
            ],
            "proportion": 0.00839877750090482
          },
          {
            "response": [
              "Beneficial"
            ],
            "proportion": 0.09800478272947263
          },
          {
            "response": [
              "Important"
            ],
            "proportion": 0.3197965372076125
          },
          {
            "response": [
              "Essential"
            ],
            "proportion": 0.57379990256201
          }
        ],
        "collapsed": [
          {
            "response": [
              "Not relevant",
              "Beneficial"
            ],
            "proportion": 0.10640356023037746
          },
          {
            "response": [
              "Important",
              "Essential"
            ],
            "proportion": 0.8935964397696226
          }
        ]
      }
    },
    {
      "wave": {
        "value": 14,
        "index": 2
      },
      "party": {
        "value": [
          "Independent",
          "Other"
        ],
        "index": 1
      },
      "responses": {
        "expanded": [
          {
            "response": [
              "Not relevant"
            ],
            "proportion": 0.023076041815276234
          },
          {
            "response": [
              "Beneficial"
            ],
            "proportion": 0.07710495297075766
          },
          {
            "response": [
              "Important"
            ],
            "proportion": 0.18520283028735005
          },
          {
            "response": [
              "Essential"
            ],
            "proportion": 0.714616174926616
          }
        ],
        "collapsed": [
          {
            "response": [
              "Not relevant",
              "Beneficial"
            ],
            "proportion": 0.1001809947860339
          },
          {
            "response": [
              "Important",
              "Essential"
            ],
            "proportion": 0.8998190052139661
          }
        ]
      }
    },
    {
      "wave": {
        "value": 14,
        "index": 2
      },
      "party": {
        "value": [
          "Republican"
        ],
        "index": 2
      },
      "responses": {
        "expanded": [
          {
            "response": [
              "Not relevant"
            ],
            "proportion": 0.013684375663295537
          },
          {
            "response": [
              "Beneficial"
            ],
            "proportion": 0.06847956549070171
          },
          {
            "response": [
              "Important"
            ],
            "proportion": 0.23501054024522391
          },
          {
            "response": [
              "Essential"
            ],
            "proportion": 0.6828255186007788
          }
        ],
        "collapsed": [
          {
            "response": [
              "Not relevant",
              "Beneficial"
            ],
            "proportion": 0.08216394115399724
          },
          {
            "response": [
              "Important",
              "Essential"
            ],
            "proportion": 0.9178360588460028
          }
        ]
      }
    },
    {
      "wave": null,
      "party": null,
      "responses": {
        "expanded": [
          {
            "response": [
              "Not relevant"
            ],
            "proportion": 0.029884582215240044
          },
          {
            "response": [
              "Beneficial"
            ],
            "proportion": 0.13026193980592807
          },
          {
            "response": [
              "Important"
            ],
            "proportion": 0.2951053815738615
          },
          {
            "response": [
              "Essential"
            ],
            "proportion": 0.5447480964049702
          }
        ],
        "collapsed": [
          {
            "response": [
              "Not relevant",
              "Beneficial"
            ],
            "proportion": 0.16014652202116814
          },
          {
            "response": [
              "Important",
              "Essential"
            ],
            "proportion": 0.8398534779788318
          }
        ]
      }
    },
    {
      "wave": {
        "value": 23,
        "index": 3
      },
      "party": {
        "value": [
          "Democrat"
        ],
        "index": 0
      },
      "responses": {
        "expanded": [
          {
            "response": [
              "Not relevant"
            ],
            "proportion": 0.016955428242764258
          },
          {
            "response": [
              "Beneficial"
            ],
            "proportion": 0.14489274544750735
          },
          {
            "response": [
              "Important"
            ],
            "proportion": 0.3517720960133826
          },
          {
            "response": [
              "Essential"
            ],
            "proportion": 0.48637973029634585
          }
        ],
        "collapsed": [
          {
            "response": [
              "Not relevant",
              "Beneficial"
            ],
            "proportion": 0.16184817369027163
          },
          {
            "response": [
              "Important",
              "Essential"
            ],
            "proportion": 0.8381518263097284
          }
        ]
      }
    },
    {
      "wave": {
        "value": 23,
        "index": 3
      },
      "party": {
        "value": [
          "Independent",
          "Other"
        ],
        "index": 1
      },
      "responses": {
        "expanded": [
          {
            "response": [
              "Not relevant"
            ],
            "proportion": 0.026136981417946667
          },
          {
            "response": [
              "Beneficial"
            ],
            "proportion": 0.1672358424849091
          },
          {
            "response": [
              "Important"
            ],
            "proportion": 0.20201828938518718
          },
          {
            "response": [
              "Essential"
            ],
            "proportion": 0.6046088867119572
          }
        ],
        "collapsed": [
          {
            "response": [
              "Not relevant",
              "Beneficial"
            ],
            "proportion": 0.19337282390285582
          },
          {
            "response": [
              "Important",
              "Essential"
            ],
            "proportion": 0.8066271760971443
          }
        ]
      }
    },
    {
      "wave": {
        "value": 23,
        "index": 3
      },
      "party": {
        "value": [
          "Republican"
        ],
        "index": 2
      },
      "responses": {
        "expanded": [
          {
            "response": [
              "Not relevant"
            ],
            "proportion": 0.03536242272210745
          },
          {
            "response": [
              "Beneficial"
            ],
            "proportion": 0.12598795044468344
          },
          {
            "response": [
              "Important"
            ],
            "proportion": 0.3154339044904296
          },
          {
            "response": [
              "Essential"
            ],
            "proportion": 0.5232157223427797
          }
        ],
        "collapsed": [
          {
            "response": [
              "Not relevant",
              "Beneficial"
            ],
            "proportion": 0.16135037316679085
          },
          {
            "response": [
              "Important",
              "Essential"
            ],
            "proportion": 0.8386496268332092
          }
        ]
      }
    },
    {
      "wave": null,
      "party": null,
      "responses": {
        "expanded": [
          {
            "response": [
              "Not relevant"
            ],
            "proportion": 0.029884582215240044
          },
          {
            "response": [
              "Beneficial"
            ],
            "proportion": 0.13026193980592807
          },
          {
            "response": [
              "Important"
            ],
            "proportion": 0.2951053815738615
          },
          {
            "response": [
              "Essential"
            ],
            "proportion": 0.5447480964049702
          }
        ],
        "collapsed": [
          {
            "response": [
              "Not relevant",
              "Beneficial"
            ],
            "proportion": 0.16014652202116814
          },
          {
            "response": [
              "Important",
              "Essential"
            ],
            "proportion": 0.8398534779788318
          }
        ]
      }
    },
    {
      "wave": null,
      "party": null,
      "responses": {
        "expanded": [
          {
            "response": [
              "Not relevant"
            ],
            "proportion": 0.029884582215240044
          },
          {
            "response": [
              "Beneficial"
            ],
            "proportion": 0.13026193980592807
          },
          {
            "response": [
              "Important"
            ],
            "proportion": 0.2951053815738615
          },
          {
            "response": [
              "Essential"
            ],
            "proportion": 0.5447480964049702
          }
        ],
        "collapsed": [
          {
            "response": [
              "Not relevant",
              "Beneficial"
            ],
            "proportion": 0.16014652202116814
          },
          {
            "response": [
              "Important",
              "Essential"
            ],
            "proportion": 0.8398534779788318
          }
        ]
      }
    },
    {
      "wave": null,
      "party": null,
      "responses": {
        "expanded": [
          {
            "response": [
              "Not relevant"
            ],
            "proportion": 0.029884582215240044
          },
          {
            "response": [
              "Beneficial"
            ],
            "proportion": 0.13026193980592807
          },
          {
            "response": [
              "Important"
            ],
            "proportion": 0.2951053815738615
          },
          {
            "response": [
              "Essential"
            ],
            "proportion": 0.5447480964049702
          }
        ],
        "collapsed": [
          {
            "response": [
              "Not relevant",
              "Beneficial"
            ],
            "proportion": 0.16014652202116814
          },
          {
            "response": [
              "Important",
              "Essential"
            ],
            "proportion": 0.8398534779788318
          }
        ]
      }
    },
    {
      "wave": null,
      "party": null,
      "responses": {
        "expanded": [
          {
            "response": [
              "Not relevant"
            ],
            "proportion": 0.029884582215240044
          },
          {
            "response": [
              "Beneficial"
            ],
            "proportion": 0.13026193980592807
          },
          {
            "response": [
              "Important"
            ],
            "proportion": 0.2951053815738615
          },
          {
            "response": [
              "Essential"
            ],
            "proportion": 0.5447480964049702
          }
        ],
        "collapsed": [
          {
            "response": [
              "Not relevant",
              "Beneficial"
            ],
            "proportion": 0.16014652202116814
          },
          {
            "response": [
              "Important",
              "Essential"
            ],
            "proportion": 0.8398534779788318
          }
        ]
      }
    },
    {
      "wave": null,
      "party": null,
      "responses": {
        "expanded": [
          {
            "response": [
              "Not relevant"
            ],
            "proportion": 0.029884582215240044
          },
          {
            "response": [
              "Beneficial"
            ],
            "proportion": 0.13026193980592807
          },
          {
            "response": [
              "Important"
            ],
            "proportion": 0.2951053815738615
          },
          {
            "response": [
              "Essential"
            ],
            "proportion": 0.5447480964049702
          }
        ],
        "collapsed": [
          {
            "response": [
              "Not relevant",
              "Beneficial"
            ],
            "proportion": 0.16014652202116814
          },
          {
            "response": [
              "Important",
              "Essential"
            ],
            "proportion": 0.8398534779788318
          }
        ]
      }
    }
  ]
}