{
  "characteristic_name": "participation",
  "col_idx": 18,
  "in_waves": [
    3,
    8,
    14,
    23
  ],
  "splits": [
    {
      "wave": {
        "value": 3,
        "index": 0
      },
      "party": {
        "value": [
          "Democrat"
        ],
        "index": 0
      },
      "responses": {
        "expanded": [
          {
            "response": [
              "Not relevant"
            ],
            "proportion": 0.036874863095979905
          },
          {
            "response": [
              "Beneficial"
            ],
            "proportion": 0.19262389909310687
          },
          {
            "response": [
              "Important"
            ],
            "proportion": 0.36216350642759393
          },
          {
            "response": [
              "Essential"
            ],
            "proportion": 0.4083377313833192
          }
        ],
        "collapsed": [
          {
            "response": [
              "Not relevant",
              "Beneficial"
            ],
            "proportion": 0.22949876218908677
          },
          {
            "response": [
              "Important",
              "Essential"
            ],
            "proportion": 0.7705012378109132
          }
        ]
      }
    },
    {
      "wave": {
        "value": 3,
        "index": 0
      },
      "party": {
        "value": [
          "Independent",
          "Other"
        ],
        "index": 1
      },
      "responses": {
        "expanded": [
          {
            "response": [
              "Not relevant"
            ],
            "proportion": 0.047008188136988344
          },
          {
            "response": [
              "Beneficial"
            ],
            "proportion": 0.22510630574758905
          },
          {
            "response": [
              "Important"
            ],
            "proportion": 0.4307860339870028
          },
          {
            "response": [
              "Essential"
            ],
            "proportion": 0.2970994721284198
          }
        ],
        "collapsed": [
          {
            "response": [
              "Not relevant",
              "Beneficial"
            ],
            "proportion": 0.27211449388457737
          },
          {
            "response": [
              "Important",
              "Essential"
            ],
            "proportion": 0.7278855061154226
          }
        ]
      }
    },
    {
      "wave": {
        "value": 3,
        "index": 0
      },
      "party": {
        "value": [
          "Republican"
        ],
        "index": 2
      },
      "responses": {
        "expanded": [
          {
            "response": [
              "Not relevant"
            ],
            "proportion": 0.03838245913276877
          },
          {
            "response": [
              "Beneficial"
            ],
            "proportion": 0.21544787615766556
          },
          {
            "response": [
              "Important"
            ],
            "proportion": 0.4061646935020532
          },
          {
            "response": [
              "Essential"
            ],
            "proportion": 0.34000497120751255
          }
        ],
        "collapsed": [
          {
            "response": [
              "Not relevant",
              "Beneficial"
            ],
            "proportion": 0.25383033529043436
          },
          {
            "response": [
              "Important",
              "Essential"
            ],
            "proportion": 0.7461696647095656
          }
        ]
      }
    },
    {
      "wave": null,
      "party": null,
      "responses": {
        "expanded": [
          {
            "response": [
              "Not relevant"
            ],
            "proportion": 0.043712617969686805
          },
          {
            "response": [
              "Beneficial"
            ],
            "proportion": 0.20034144551682306
          },
          {
            "response": [
              "Important"
            ],
            "proportion": 0.390935979932087
          },
          {
            "response": [
              "Essential"
            ],
            "proportion": 0.36500995658140295
          }
        ],
        "collapsed": [
          {
            "response": [
              "Not relevant",
              "Beneficial"
            ],
            "proportion": 0.24405406348650982
          },
          {
            "response": [
              "Important",
              "Essential"
            ],
            "proportion": 0.7559459365134901
          }
        ]
      }
    },
    {
      "wave": {
        "value": 8,
        "index": 1
      },
      "party": {
        "value": [
          "Democrat"
        ],
        "index": 0
      },
      "responses": {
        "expanded": [
          {
            "response": [
              "Not relevant"
            ],
            "proportion": 0.04809463542842467
          },
          {
            "response": [
              "Beneficial"
            ],
            "proportion": 0.168694848424651
          },
          {
            "response": [
              "Important"
            ],
            "proportion": 0.37029837825931755
          },
          {
            "response": [
              "Essential"
            ],
            "proportion": 0.41291213788760694
          }
        ],
        "collapsed": [
          {
            "response": [
              "Not relevant",
              "Beneficial"
            ],
            "proportion": 0.21678948385307562
          },
          {
            "response": [
              "Important",
              "Essential"
            ],
            "proportion": 0.7832105161469244
          }
        ]
      }
    },
    {
      "wave": {
        "value": 8,
        "index": 1
      },
      "party": {
        "value": [
          "Independent",
          "Other"
        ],
        "index": 1
      },
      "responses": {
        "expanded": [
          {
            "response": [
              "Not relevant"
            ],
            "proportion": 0.055041386064816684
          },
          {
            "response": [
              "Beneficial"
            ],
            "proportion": 0.2312921257213435
          },
          {
            "response": [
              "Important"
            ],
            "proportion": 0.40072869009845374
          },
          {
            "response": [
              "Essential"
            ],
            "proportion": 0.31293779811538613
          }
        ],
        "collapsed": [
          {
            "response": [
              "Not relevant",
              "Beneficial"
            ],
            "proportion": 0.2863335117861602
          },
          {
            "response": [
              "Important",
              "Essential"
            ],
            "proportion": 0.7136664882138397
          }
        ]
      }
    },
    {
      "wave": {
        "value": 8,
        "index": 1
      },
      "party": {
        "value": [
          "Republican"
        ],
        "index": 2
      },
      "responses": {
        "expanded": [
          {
            "response": [
              "Not relevant"
            ],
            "proportion": 0.046689414636816445
          },
          {
            "response": [
              "Beneficial"
            ],
            "proportion": 0.26100022548538143
          },
          {
            "response": [
              "Important"
            ],
            "proportion": 0.39595505708137
          },
          {
            "response": [
              "Essential"
            ],
            "proportion": 0.29635530279643224
          }
        ],
        "collapsed": [
          {
            "response": [
              "Not relevant",
              "Beneficial"
            ],
            "proportion": 0.30768964012219785
          },
          {
            "response": [
              "Important",
              "Essential"
            ],
            "proportion": 0.6923103598778022
          }
        ]
      }
    },
    {
      "wave": null,
      "party": null,
      "responses": {
        "expanded": [
          {
            "response": [
              "Not relevant"
            ],
            "proportion": 0.043712617969686805
          },
          {
            "response": [
              "Beneficial"
            ],
            "proportion": 0.20034144551682306
          },
          {
            "response": [
              "Important"
            ],
            "proportion": 0.390935979932087
          },
          {
            "response": [
              "Essential"
            ],
            "proportion": 0.36500995658140295
          }
        ],
        "collapsed": [
          {
            "response": [
              "Not relevant",
              "Beneficial"
            ],
            "proportion": 0.24405406348650982
          },
          {
            "response": [
              "Important",
              "Essential"
            ],
            "proportion": 0.7559459365134901
          }
        ]
      }
    },
    {
      "wave": {
        "value": 14,
        "index": 2
      },
      "party": {
        "value": [
          "Democrat"
        ],
        "index": 0
      },
      "responses": {
        "expanded": [
          {
            "response": [
              "Not relevant"
            ],
            "proportion": 0.004155935516248828
          },
          {
            "response": [
              "Beneficial"
            ],
            "proportion": 0.09911793316654147
          },
          {
            "response": [
              "Important"
            ],
            "proportion": 0.31112561973561365
          },
          {
            "response": [
              "Essential"
            ],
            "proportion": 0.5856005115815961
          }
        ],
        "collapsed": [
          {
            "response": [
              "Not relevant",
              "Beneficial"
            ],
            "proportion": 0.1032738686827903
          },
          {
            "response": [
              "Important",
              "Essential"
            ],
            "proportion": 0.8967261313172097
          }
        ]
      }
    },
    {
      "wave": {
        "value": 14,
        "index": 2
      },
      "party": {
        "value": [
          "Independent",
          "Other"
        ],
        "index": 1
      },
      "responses": {
        "expanded": [
          {
            "response": [
              "Not relevant"
            ],
            "proportion": 0.03199043279614405
          },
          {
            "response": [
              "Beneficial"
            ],
            "proportion": 0.18727632273660655
          },
          {
            "response": [
              "Important"
            ],
            "proportion": 0.3570582122708477
          },
          {
            "response": [
              "Essential"
            ],
            "proportion": 0.4236750321964017
          }
        ],
        "collapsed": [
          {
            "response": [
              "Not relevant",
              "Beneficial"
            ],
            "proportion": 0.2192667555327506
          },
          {
            "response": [
              "Important",
              "Essential"
            ],
            "proportion": 0.7807332444672495
          }
        ]
      }
    },
    {
      "wave": {
        "value": 14,
        "index": 2
      },
      "party": {
        "value": [
          "Republican"
        ],
        "index": 2
      },
      "responses": {
        "expanded": [
          {
            "response": [
              "Not relevant"
            ],
            "proportion": 0.09108547940137693
          },
          {
            "response": [
              "Beneficial"
            ],
            "proportion": 0.15066842035038386
          },
          {
            "response": [
              "Important"
            ],
            "proportion": 0.3910171750523853
          },
          {
            "response": [
              "Essential"
            ],
            "proportion": 0.3672289251958536
          }
        ],
        "collapsed": [
          {
            "response": [
              "Not relevant",
              "Beneficial"
            ],
            "proportion": 0.24175389975176081
          },
          {
            "response": [
              "Important",
              "Essential"
            ],
            "proportion": 0.758246100248239
          }
        ]
      }
    },
    {
      "wave": null,
      "party": null,
      "responses": {
        "expanded": [
          {
            "response": [
              "Not relevant"
            ],
            "proportion": 0.043712617969686805
          },
          {
            "response": [
              "Beneficial"
            ],
            "proportion": 0.20034144551682306
          },
          {
            "response": [
              "Important"
            ],
            "proportion": 0.390935979932087
          },
          {
            "response": [
              "Essential"
            ],
            "proportion": 0.36500995658140295
          }
        ],
        "collapsed": [
          {
            "response": [
              "Not relevant",
              "Beneficial"
            ],
            "proportion": 0.24405406348650982
          },
          {
            "response": [
              "Important",
              "Essential"
            ],
            "proportion": 0.7559459365134901
          }
        ]
      }
    },
    {
      "wave": {
        "value": 23,
        "index": 3
      },
      "party": {
        "value": [
          "Democrat"
        ],
        "index": 0
      },
      "responses": {
        "expanded": [
          {
            "response": [
              "Not relevant"
            ],
            "proportion": 0.03994244526343023
          },
          {
            "response": [
              "Beneficial"
            ],
            "proportion": 0.1674642966587199
          },
          {
            "response": [
              "Important"
            ],
            "proportion": 0.40371589631128757
          },
          {
            "response": [
              "Essential"
            ],
            "proportion": 0.3888773617665621
          }
        ],
        "collapsed": [
          {
            "response": [
              "Not relevant",
              "Beneficial"
            ],
            "proportion": 0.20740674192215014
          },
          {
            "response": [
              "Important",
              "Essential"
            ],
            "proportion": 0.79259325807785
          }
        ]
      }
    },
    {
      "wave": {
        "value": 23,
        "index": 3
      },
      "party": {
        "value": [
          "Independent",
          "Other"
        ],
        "index": 1
      },
      "responses": {
        "expanded": [
          {
            "response": [
              "Not relevant"
            ],
            "proportion": 0.049785714363300884
          },
          {
            "response": [
              "Beneficial"
            ],
            "proportion": 0.21677751206957246
          },
          {
            "response": [
              "Important"
            ],
            "proportion": 0.4180018319351343
          },
          {
            "response": [
              "Essential"
            ],
            "proportion": 0.31543494163199226
          }
        ],
        "collapsed": [
          {
            "response": [
              "Not relevant",
              "Beneficial"
            ],
            "proportion": 0.26656322643287333
          },
          {
            "response": [
              "Important",
              "Essential"
            ],
            "proportion": 0.7334367735671266
          }
        ]
      }
    },
    {
      "wave": {
        "value": 23,
        "index": 3
      },
      "party": {
        "value": [
          "Republican"
        ],
        "index": 2
      },
      "responses": {
        "expanded": [
          {
            "response": [
              "Not relevant"
            ],
            "proportion": 0.025318528955556144
          },
          {
            "response": [
              "Beneficial"
            ],
            "proportion": 0.18183153641265684
          },
          {
            "response": [
              "Important"
            ],
            "proportion": 0.4092184767286899
          },
          {
            "response": [
              "Essential"
            ],
            "proportion": 0.3836314579030971
          }
        ],
        "collapsed": [
          {
            "response": [
              "Not relevant",
              "Beneficial"
            ],
            "proportion": 0.207150065368213
          },
          {
            "response": [
              "Important",
              "Essential"
            ],
            "proportion": 0.792849934631787
          }
        ]
      }
    },
    {
      "wave": null,
      "party": null,
      "responses": {
        "expanded": [
          {
            "response": [
              "Not relevant"
            ],
            "proportion": 0.043712617969686805
          },
          {
            "response": [
              "Beneficial"
            ],
            "proportion": 0.20034144551682306
          },
          {
            "response": [
              "Important"
            ],
            "proportion": 0.390935979932087
          },
          {
            "response": [
              "Essential"
            ],
            "proportion": 0.36500995658140295
          }
        ],
        "collapsed": [
          {
            "response": [
              "Not relevant",
              "Beneficial"
            ],
            "proportion": 0.24405406348650982
          },
          {
            "response": [
              "Important",
              "Essential"
            ],
            "proportion": 0.7559459365134901
          }
        ]
      }
    },
    {
      "wave": null,
      "party": null,
      "responses": {
        "expanded": [
          {
            "response": [
              "Not relevant"
            ],
            "proportion": 0.043712617969686805
          },
          {
            "response": [
              "Beneficial"
            ],
            "proportion": 0.20034144551682306
          },
          {
            "response": [
              "Important"
            ],
            "proportion": 0.390935979932087
          },
          {
            "response": [
              "Essential"
            ],
            "proportion": 0.36500995658140295
          }
        ],
        "collapsed": [
          {
            "response": [
              "Not relevant",
              "Beneficial"
            ],
            "proportion": 0.24405406348650982
          },
          {
            "response": [
              "Important",
              "Essential"
            ],
            "proportion": 0.7559459365134901
          }
        ]
      }
    },
    {
      "wave": null,
      "party": null,
      "responses": {
        "expanded": [
          {
            "response": [
              "Not relevant"
            ],
            "proportion": 0.043712617969686805
          },
          {
            "response": [
              "Beneficial"
            ],
            "proportion": 0.20034144551682306
          },
          {
            "response": [
              "Important"
            ],
            "proportion": 0.390935979932087
          },
          {
            "response": [
              "Essential"
            ],
            "proportion": 0.36500995658140295
          }
        ],
        "collapsed": [
          {
            "response": [
              "Not relevant",
              "Beneficial"
            ],
            "proportion": 0.24405406348650982
          },
          {
            "response": [
              "Important",
              "Essential"
            ],
            "proportion": 0.7559459365134901
          }
        ]
      }
    },
    {
      "wave": null,
      "party": null,
      "responses": {
        "expanded": [
          {
            "response": [
              "Not relevant"
            ],
            "proportion": 0.043712617969686805
          },
          {
            "response": [
              "Beneficial"
            ],
            "proportion": 0.20034144551682306
          },
          {
            "response": [
              "Important"
            ],
            "proportion": 0.390935979932087
          },
          {
            "response": [
              "Essential"
            ],
            "proportion": 0.36500995658140295
          }
        ],
        "collapsed": [
          {
            "response": [
              "Not relevant",
              "Beneficial"
            ],
            "proportion": 0.24405406348650982
          },
          {
            "response": [
              "Important",
              "Essential"
            ],
            "proportion": 0.7559459365134901
          }
        ]
      }
    },
    {
      "wave": null,
      "party": null,
      "responses": {
        "expanded": [
          {
            "response": [
              "Not relevant"
            ],
            "proportion": 0.043712617969686805
          },
          {
            "response": [
              "Beneficial"
            ],
            "proportion": 0.20034144551682306
          },
          {
            "response": [
              "Important"
            ],
            "proportion": 0.390935979932087
          },
          {
            "response": [
              "Essential"
            ],
            "proportion": 0.36500995658140295
          }
        ],
        "collapsed": [
          {
            "response": [
              "Not relevant",
              "Beneficial"
            ],
            "proportion": 0.24405406348650982
          },
          {
            "response": [
              "Important",
              "Essential"
            ],
            "proportion": 0.7559459365134901
          }
        ]
      }
    }
  ]
}