{
  "characteristic_name": "patriotism",
  "col_idx": 8,
  "in_waves": [
    3,
    8,
    14,
    23
  ],
  "splits": [
    {
      "wave": {
        "value": 3,
        "index": 0
      },
      "party": {
        "value": [
          "Democrat"
        ],
        "index": 0
      },
      "responses": {
        "expanded": [
          {
            "response": [
              "Not relevant"
            ],
            "proportion": 0.13290978900859896
          },
          {
            "response": [
              "Beneficial"
            ],
            "proportion": 0.27396839422863545
          },
          {
            "response": [
              "Important"
            ],
            "proportion": 0.36244522890539127
          },
          {
            "response": [
              "Essential"
            ],
            "proportion": 0.23067658785737424
          }
        ],
        "collapsed": [
          {
            "response": [
              "Not relevant",
              "Beneficial"
            ],
            "proportion": 0.40687818323723435
          },
          {
            "response": [
              "Important",
              "Essential"
            ],
            "proportion": 0.5931218167627655
          }
        ]
      }
    },
    {
      "wave": {
        "value": 3,
        "index": 0
      },
      "party": {
        "value": [
          "Independent",
          "Other"
        ],
        "index": 1
      },
      "responses": {
        "expanded": [
          {
            "response": [
              "Not relevant"
            ],
            "proportion": 0.11674199126974363
          },
          {
            "response": [
              "Beneficial"
            ],
            "proportion": 0.351660009752181
          },
          {
            "response": [
              "Important"
            ],
            "proportion": 0.33276238393957525
          },
          {
            "response": [
              "Essential"
            ],
            "proportion": 0.19883561503850025
          }
        ],
        "collapsed": [
          {
            "response": [
              "Not relevant",
              "Beneficial"
            ],
            "proportion": 0.46840200102192453
          },
          {
            "response": [
              "Important",
              "Essential"
            ],
            "proportion": 0.5315979989780755
          }
        ]
      }
    },
    {
      "wave": {
        "value": 3,
        "index": 0
      },
      "party": {
        "value": [
          "Republican"
        ],
        "index": 2
      },
      "responses": {
        "expanded": [
          {
            "response": [
              "Not relevant"
            ],
            "proportion": 0.13590581759979423
          },
          {
            "response": [
              "Beneficial"
            ],
            "proportion": 0.35845204452824236
          },
          {
            "response": [
              "Important"
            ],
            "proportion": 0.30954666045949614
          },
          {
            "response": [
              "Essential"
            ],
            "proportion": 0.19609547741246725
          }
        ],
        "collapsed": [
          {
            "response": [
              "Not relevant",
              "Beneficial"
            ],
            "proportion": 0.4943578621280365
          },
          {
            "response": [
              "Important",
              "Essential"
            ],
            "proportion": 0.5056421378719634
          }
        ]
      }
    },
    {
      "wave": null,
      "party": null,
      "responses": {
        "expanded": [
          {
            "response": [
              "Not relevant"
            ],
            "proportion": 0.14170826794432315
          },
          {
            "response": [
              "Beneficial"
            ],
            "proportion": 0.3139101161027535
          },
          {
            "response": [
              "Important"
            ],
            "proportion": 0.3343162610439058
          },
          {
            "response": [
              "Essential"
            ],
            "proportion": 0.2100653549090174
          }
        ],
        "collapsed": [
          {
            "response": [
              "Not relevant",
              "Beneficial"
            ],
            "proportion": 0.4556183840470766
          },
          {
            "response": [
              "Important",
              "Essential"
            ],
            "proportion": 0.5443816159529232
          }
        ]
      }
    },
    {
      "wave": {
        "value": 8,
        "index": 1
      },
      "party": {
        "value": [
          "Democrat"
        ],
        "index": 0
      },
      "responses": {
        "expanded": [
          {
            "response": [
              "Not relevant"
            ],
            "proportion": 0.09701877470725258
          },
          {
            "response": [
              "Beneficial"
            ],
            "proportion": 0.2652696488341701
          },
          {
            "response": [
              "Important"
            ],
            "proportion": 0.3825687043134699
          },
          {
            "response": [
              "Essential"
            ],
            "proportion": 0.2551428721451076
          }
        ],
        "collapsed": [
          {
            "response": [
              "Not relevant",
              "Beneficial"
            ],
            "proportion": 0.36228842354142266
          },
          {
            "response": [
              "Important",
              "Essential"
            ],
            "proportion": 0.6377115764585775
          }
        ]
      }
    },
    {
      "wave": {
        "value": 8,
        "index": 1
      },
      "party": {
        "value": [
          "Independent",
          "Other"
        ],
        "index": 1
      },
      "responses": {
        "expanded": [
          {
            "response": [
              "Not relevant"
            ],
            "proportion": 0.19641153269360614
          },
          {
            "response": [
              "Beneficial"
            ],
            "proportion": 0.27312990664731146
          },
          {
            "response": [
              "Important"
            ],
            "proportion": 0.3485764972038356
          },
          {
            "response": [
              "Essential"
            ],
            "proportion": 0.18188206345524668
          }
        ],
        "collapsed": [
          {
            "response": [
              "Not relevant",
              "Beneficial"
            ],
            "proportion": 0.46954143934091763
          },
          {
            "response": [
              "Important",
              "Essential"
            ],
            "proportion": 0.5304585606590823
          }
        ]
      }
    },
    {
      "wave": {
        "value": 8,
        "index": 1
      },
      "party": {
        "value": [
          "Republican"
        ],
        "index": 2
      },
      "responses": {
        "expanded": [
          {
            "response": [
              "Not relevant"
            ],
            "proportion": 0.19778400923229286
          },
          {
            "response": [
              "Beneficial"
            ],
            "proportion": 0.2962793981908818
          },
          {
            "response": [
              "Important"
            ],
            "proportion": 0.3242955470889377
          },
          {
            "response": [
              "Essential"
            ],
            "proportion": 0.18164104548788776
          }
        ],
        "collapsed": [
          {
            "response": [
              "Not relevant",
              "Beneficial"
            ],
            "proportion": 0.4940634074231745
          },
          {
            "response": [
              "Important",
              "Essential"
            ],
            "proportion": 0.5059365925768254
          }
        ]
      }
    },
    {
      "wave": null,
      "party": null,
      "responses": {
        "expanded": [
          {
            "response": [
              "Not relevant"
            ],
            "proportion": 0.14170826794432315
          },
          {
            "response": [
              "Beneficial"
            ],
            "proportion": 0.3139101161027535
          },
          {
            "response": [
              "Important"
            ],
            "proportion": 0.3343162610439058
          },
          {
            "response": [
              "Essential"
            ],
            "proportion": 0.2100653549090174
          }
        ],
        "collapsed": [
          {
            "response": [
              "Not relevant",
              "Beneficial"
            ],
            "proportion": 0.4556183840470766
          },
          {
            "response": [
              "Important",
              "Essential"
            ],
            "proportion": 0.5443816159529232
          }
        ]
      }
    },
    {
      "wave": {
        "value": 14,
        "index": 2
      },
      "party": {
        "value": [
          "Democrat"
        ],
        "index": 0
      },
      "responses": {
        "expanded": [
          {
            "response": [
              "Not relevant"
            ],
            "proportion": 0.0719816012826031
          },
          {
            "response": [
              "Beneficial"
            ],
            "proportion": 0.268780229670508
          },
          {
            "response": [
              "Important"
            ],
            "proportion": 0.4291573228131758
          },
          {
            "response": [
              "Essential"
            ],
            "proportion": 0.23008084623371305
          }
        ],
        "collapsed": [
          {
            "response": [
              "Not relevant",
              "Beneficial"
            ],
            "proportion": 0.3407618309531111
          },
          {
            "response": [
              "Important",
              "Essential"
            ],
            "proportion": 0.659238169046889
          }
        ]
      }
    },
    {
      "wave": {
        "value": 14,
        "index": 2
      },
      "party": {
        "value": [
          "Independent",
          "Other"
        ],
        "index": 1
      },
      "responses": {
        "expanded": [
          {
            "response": [
              "Not relevant"
            ],
            "proportion": 0.21502107026114178
          },
          {
            "response": [
              "Beneficial"
            ],
            "proportion": 0.32574260788187476
          },
          {
            "response": [
              "Important"
            ],
            "proportion": 0.26213262939808357
          },
          {
            "response": [
              "Essential"
            ],
            "proportion": 0.19710369245889992
          }
        ],
        "collapsed": [
          {
            "response": [
              "Not relevant",
              "Beneficial"
            ],
            "proportion": 0.5407636781430165
          },
          {
            "response": [
              "Important",
              "Essential"
            ],
            "proportion": 0.4592363218569834
          }
        ]
      }
    },
    {
      "wave": {
        "value": 14,
        "index": 2
      },
      "party": {
        "value": [
          "Republican"
        ],
        "index": 2
      },
      "responses": {
        "expanded": [
          {
            "response": [
              "Not relevant"
            ],
            "proportion": 0.17445338719306677
          },
          {
            "response": [
              "Beneficial"
            ],
            "proportion": 0.3129992237937813
          },
          {
            "response": [
              "Important"
            ],
            "proportion": 0.25956070021710137
          },
          {
            "response": [
              "Essential"
            ],
            "proportion": 0.2529866887960505
          }
        ],
        "collapsed": [
          {
            "response": [
              "Not relevant",
              "Beneficial"
            ],
            "proportion": 0.4874526109868481
          },
          {
            "response": [
              "Important",
              "Essential"
            ],
            "proportion": 0.5125473890131519
          }
        ]
      }
    },
    {
      "wave": null,
      "party": null,
      "responses": {
        "expanded": [
          {
            "response": [
              "Not relevant"
            ],
            "proportion": 0.14170826794432315
          },
          {
            "response": [
              "Beneficial"
            ],
            "proportion": 0.3139101161027535
          },
          {
            "response": [
              "Important"
            ],
            "proportion": 0.3343162610439058
          },
          {
            "response": [
              "Essential"
            ],
            "proportion": 0.2100653549090174
          }
        ],
        "collapsed": [
          {
            "response": [
              "Not relevant",
              "Beneficial"
            ],
            "proportion": 0.4556183840470766
          },
          {
            "response": [
              "Important",
              "Essential"
            ],
            "proportion": 0.5443816159529232
          }
        ]
      }
    },
    {
      "wave": {
        "value": 23,
        "index": 3
      },
      "party": {
        "value": [
          "Democrat"
        ],
        "index": 0
      },
      "responses": {
        "expanded": [
          {
            "response": [
              "Not relevant"
            ],
            "proportion": 0.09188588864901837
          },
          {
            "response": [
              "Beneficial"
            ],
            "proportion": 0.3728145761608419
          },
          {
            "response": [
              "Important"
            ],
            "proportion": 0.2988177279968928
          },
          {
            "response": [
              "Essential"
            ],
            "proportion": 0.2364818071932469
          }
        ],
        "collapsed": [
          {
            "response": [
              "Not relevant",
              "Beneficial"
            ],
            "proportion": 0.4647004648098602
          },
          {
            "response": [
              "Important",
              "Essential"
            ],
            "proportion": 0.5352995351901397
          }
        ]
      }
    },
    {
      "wave": {
        "value": 23,
        "index": 3
      },
      "party": {
        "value": [
          "Independent",
          "Other"
        ],
        "index": 1
      },
      "responses": {
        "expanded": [
          {
            "response": [
              "Not relevant"
            ],
            "proportion": 0.15764150927987747
          },
          {
            "response": [
              "Beneficial"
            ],
            "proportion": 0.3433055596171289
          },
          {
            "response": [
              "Important"
            ],
            "proportion": 0.2921108311887613
          },
          {
            "response": [
              "Essential"
            ],
            "proportion": 0.2069420999142322
          }
        ],
        "collapsed": [
          {
            "response": [
              "Not relevant",
              "Beneficial"
            ],
            "proportion": 0.5009470688970062
          },
          {
            "response": [
              "Important",
              "Essential"
            ],
            "proportion": 0.49905293110299354
          }
        ]
      }
    },
    {
      "wave": {
        "value": 23,
        "index": 3
      },
      "party": {
        "value": [
          "Republican"
        ],
        "index": 2
      },
      "responses": {
        "expanded": [
          {
            "response": [
              "Not relevant"
            ],
            "proportion": 0.14432153000425624
          },
          {
            "response": [
              "Beneficial"
            ],
            "proportion": 0.38157132395976745
          },
          {
            "response": [
              "Important"
            ],
            "proportion": 0.31381788851354914
          },
          {
            "response": [
              "Essential"
            ],
            "proportion": 0.1602892575224272
          }
        ],
        "collapsed": [
          {
            "response": [
              "Not relevant",
              "Beneficial"
            ],
            "proportion": 0.5258928539640237
          },
          {
            "response": [
              "Important",
              "Essential"
            ],
            "proportion": 0.47410714603597637
          }
        ]
      }
    },
    {
      "wave": null,
      "party": null,
      "responses": {
        "expanded": [
          {
            "response": [
              "Not relevant"
            ],
            "proportion": 0.14170826794432315
          },
          {
            "response": [
              "Beneficial"
            ],
            "proportion": 0.3139101161027535
          },
          {
            "response": [
              "Important"
            ],
            "proportion": 0.3343162610439058
          },
          {
            "response": [
              "Essential"
            ],
            "proportion": 0.2100653549090174
          }
        ],
        "collapsed": [
          {
            "response": [
              "Not relevant",
              "Beneficial"
            ],
            "proportion": 0.4556183840470766
          },
          {
            "response": [
              "Important",
              "Essential"
            ],
            "proportion": 0.5443816159529232
          }
        ]
      }
    },
    {
      "wave": null,
      "party": null,
      "responses": {
        "expanded": [
          {
            "response": [
              "Not relevant"
            ],
            "proportion": 0.14170826794432315
          },
          {
            "response": [
              "Beneficial"
            ],
            "proportion": 0.3139101161027535
          },
          {
            "response": [
              "Important"
            ],
            "proportion": 0.3343162610439058
          },
          {
            "response": [
              "Essential"
            ],
            "proportion": 0.2100653549090174
          }
        ],
        "collapsed": [
          {
            "response": [
              "Not relevant",
              "Beneficial"
            ],
            "proportion": 0.4556183840470766
          },
          {
            "response": [
              "Important",
              "Essential"
            ],
            "proportion": 0.5443816159529232
          }
        ]
      }
    },
    {
      "wave": null,
      "party": null,
      "responses": {
        "expanded": [
          {
            "response": [
              "Not relevant"
            ],
            "proportion": 0.14170826794432315
          },
          {
            "response": [
              "Beneficial"
            ],
            "proportion": 0.3139101161027535
          },
          {
            "response": [
              "Important"
            ],
            "proportion": 0.3343162610439058
          },
          {
            "response": [
              "Essential"
            ],
            "proportion": 0.2100653549090174
          }
        ],
        "collapsed": [
          {
            "response": [
              "Not relevant",
              "Beneficial"
            ],
            "proportion": 0.4556183840470766
          },
          {
            "response": [
              "Important",
              "Essential"
            ],
            "proportion": 0.5443816159529232
          }
        ]
      }
    },
    {
      "wave": null,
      "party": null,
      "responses": {
        "expanded": [
          {
            "response": [
              "Not relevant"
            ],
            "proportion": 0.14170826794432315
          },
          {
            "response": [
              "Beneficial"
            ],
            "proportion": 0.3139101161027535
          },
          {
            "response": [
              "Important"
            ],
            "proportion": 0.3343162610439058
          },
          {
            "response": [
              "Essential"
            ],
            "proportion": 0.2100653549090174
          }
        ],
        "collapsed": [
          {
            "response": [
              "Not relevant",
              "Beneficial"
            ],
            "proportion": 0.4556183840470766
          },
          {
            "response": [
              "Important",
              "Essential"
            ],
            "proportion": 0.5443816159529232
          }
        ]
      }
    },
    {
      "wave": null,
      "party": null,
      "responses": {
        "expanded": [
          {
            "response": [
              "Not relevant"
            ],
            "proportion": 0.14170826794432315
          },
          {
            "response": [
              "Beneficial"
            ],
            "proportion": 0.3139101161027535
          },
          {
            "response": [
              "Important"
            ],
            "proportion": 0.3343162610439058
          },
          {
            "response": [
              "Essential"
            ],
            "proportion": 0.2100653549090174
          }
        ],
        "collapsed": [
          {
            "response": [
              "Not relevant",
              "Beneficial"
            ],
            "proportion": 0.4556183840470766
          },
          {
            "response": [
              "Important",
              "Essential"
            ],
            "proportion": 0.5443816159529232
          }
        ]
      }
    }
  ]
}