{
  "characteristic_name": "private_violence",
  "col_idx": 6,
  "in_waves": [
    3,
    8,
    14,
    23
  ],
  "splits": [
    {
      "wave": {
        "value": 3,
        "index": 0
      },
      "party": {
        "value": [
          "Democrat"
        ],
        "index": 0
      },
      "responses": {
        "expanded": [
          {
            "response": [
              "Not relevant"
            ],
            "proportion": 0.12693663504237018
          },
          {
            "response": [
              "Beneficial"
            ],
            "proportion": 0.19931045545294623
          },
          {
            "response": [
              "Important"
            ],
            "proportion": 0.3322637739320288
          },
          {
            "response": [
              "Essential"
            ],
            "proportion": 0.3414891355726546
          }
        ],
        "collapsed": [
          {
            "response": [
              "Not relevant",
              "Beneficial"
            ],
            "proportion": 0.3262470904953164
          },
          {
            "response": [
              "Important",
              "Essential"
            ],
            "proportion": 0.6737529095046835
          }
        ]
      }
    },
    {
      "wave": {
        "value": 3,
        "index": 0
      },
      "party": {
        "value": [
          "Independent",
          "Other"
        ],
        "index": 1
      },
      "responses": {
        "expanded": [
          {
            "response": [
              "Not relevant"
            ],
            "proportion": 0.1116285220105114
          },
          {
            "response": [
              "Beneficial"
            ],
            "proportion": 0.18309073627289654
          },
          {
            "response": [
              "Important"
            ],
            "proportion": 0.2708377933825979
          },
          {
            "response": [
              "Essential"
            ],
            "proportion": 0.4344429483339942
          }
        ],
        "collapsed": [
          {
            "response": [
              "Not relevant",
              "Beneficial"
            ],
            "proportion": 0.2947192582834079
          },
          {
            "response": [
              "Important",
              "Essential"
            ],
            "proportion": 0.705280741716592
          }
        ]
      }
    },
    {
      "wave": {
        "value": 3,
        "index": 0
      },
      "party": {
        "value": [
          "Republican"
        ],
        "index": 2
      },
      "responses": {
        "expanded": [
          {
            "response": [
              "Not relevant"
            ],
            "proportion": 0.11559095158544731
          },
          {
            "response": [
              "Beneficial"
            ],
            "proportion": 0.19844848395628994
          },
          {
            "response": [
              "Important"
            ],
            "proportion": 0.28495869442818433
          },
          {
            "response": [
              "Essential"
            ],
            "proportion": 0.4010018700300785
          }
        ],
        "collapsed": [
          {
            "response": [
              "Not relevant",
              "Beneficial"
            ],
            "proportion": 0.3140394355417372
          },
          {
            "response": [
              "Important",
              "Essential"
            ],
            "proportion": 0.6859605644582628
          }
        ]
      }
    },
    {
      "wave": null,
      "party": null,
      "responses": {
        "expanded": [
          {
            "response": [
              "Not relevant"
            ],
            "proportion": 0.11319363490352274
          },
          {
            "response": [
              "Beneficial"
            ],
            "proportion": 0.16566710126147904
          },
          {
            "response": [
              "Important"
            ],
            "proportion": 0.30563546555277354
          },
          {
            "response": [
              "Essential"
            ],
            "proportion": 0.41550379828222467
          }
        ],
        "collapsed": [
          {
            "response": [
              "Not relevant",
              "Beneficial"
            ],
            "proportion": 0.27886073616500173
          },
          {
            "response": [
              "Important",
              "Essential"
            ],
            "proportion": 0.7211392638349983
          }
        ]
      }
    },
    {
      "wave": {
        "value": 8,
        "index": 1
      },
      "party": {
        "value": [
          "Democrat"
        ],
        "index": 0
      },
      "responses": {
        "expanded": [
          {
            "response": [
              "Not relevant"
            ],
            "proportion": 0.09870755777924992
          },
          {
            "response": [
              "Beneficial"
            ],
            "proportion": 0.14497050092324607
          },
          {
            "response": [
              "Important"
            ],
            "proportion": 0.3235877513716922
          },
          {
            "response": [
              "Essential"
            ],
            "proportion": 0.4327341899258118
          }
        ],
        "collapsed": [
          {
            "response": [
              "Not relevant",
              "Beneficial"
            ],
            "proportion": 0.24367805870249598
          },
          {
            "response": [
              "Important",
              "Essential"
            ],
            "proportion": 0.7563219412975041
          }
        ]
      }
    },
    {
      "wave": {
        "value": 8,
        "index": 1
      },
      "party": {
        "value": [
          "Independent",
          "Other"
        ],
        "index": 1
      },
      "responses": {
        "expanded": [
          {
            "response": [
              "Not relevant"
            ],
            "proportion": 0.11571859675373021
          },
          {
            "response": [
              "Beneficial"
            ],
            "proportion": 0.12682549921360287
          },
          {
            "response": [
              "Important"
            ],
            "proportion": 0.2778280591369992
          },
          {
            "response": [
              "Essential"
            ],
            "proportion": 0.4796278448956678
          }
        ],
        "collapsed": [
          {
            "response": [
              "Not relevant",
              "Beneficial"
            ],
            "proportion": 0.24254409596733312
          },
          {
            "response": [
              "Important",
              "Essential"
            ],
            "proportion": 0.7574559040326669
          }
        ]
      }
    },
    {
      "wave": {
        "value": 8,
        "index": 1
      },
      "party": {
        "value": [
          "Republican"
        ],
        "index": 2
      },
      "responses": {
        "expanded": [
          {
            "response": [
              "Not relevant"
            ],
            "proportion": 0.16505603970327318
          },
          {
            "response": [
              "Beneficial"
            ],
            "proportion": 0.17094225157592088
          },
          {
            "response": [
              "Important"
            ],
            "proportion": 0.3006372120655466
          },
          {
            "response": [
              "Essential"
            ],
            "proportion": 0.36336449665525933
          }
        ],
        "collapsed": [
          {
            "response": [
              "Not relevant",
              "Beneficial"
            ],
            "proportion": 0.335998291279194
          },
          {
            "response": [
              "Important",
              "Essential"
            ],
            "proportion": 0.6640017087208059
          }
        ]
      }
    },
    {
      "wave": null,
      "party": null,
      "responses": {
        "expanded": [
          {
            "response": [
              "Not relevant"
            ],
            "proportion": 0.11319363490352274
          },
          {
            "response": [
              "Beneficial"
            ],
            "proportion": 0.16566710126147904
          },
          {
            "response": [
              "Important"
            ],
            "proportion": 0.30563546555277354
          },
          {
            "response": [
              "Essential"
            ],
            "proportion": 0.41550379828222467
          }
        ],
        "collapsed": [
          {
            "response": [
              "Not relevant",
              "Beneficial"
            ],
            "proportion": 0.27886073616500173
          },
          {
            "response": [
              "Important",
              "Essential"
            ],
            "proportion": 0.7211392638349983
          }
        ]
      }
    },
    {
      "wave": {
        "value": 14,
        "index": 2
      },
      "party": {
        "value": [
          "Democrat"
        ],
        "index": 0
      },
      "responses": {
        "expanded": [
          {
            "response": [
              "Not relevant"
            ],
            "proportion": 0.07773302774516244
          },
          {
            "response": [
              "Beneficial"
            ],
            "proportion": 0.05240962488319154
          },
          {
            "response": [
              "Important"
            ],
            "proportion": 0.2477560563529811
          },
          {
            "response": [
              "Essential"
            ],
            "proportion": 0.6221012910186651
          }
        ],
        "collapsed": [
          {
            "response": [
              "Not relevant",
              "Beneficial"
            ],
            "proportion": 0.130142652628354
          },
          {
            "response": [
              "Important",
              "Essential"
            ],
            "proportion": 0.8698573473716461
          }
        ]
      }
    },
    {
      "wave": {
        "value": 14,
        "index": 2
      },
      "party": {
        "value": [
          "Independent",
          "Other"
        ],
        "index": 1
      },
      "responses": {
        "expanded": [
          {
            "response": [
              "Not relevant"
            ],
            "proportion": 0.16159432154460118
          },
          {
            "response": [
              "Beneficial"
            ],
            "proportion": 0.1486229521764034
          },
          {
            "response": [
              "Important"
            ],
            "proportion": 0.32071422375183384
          },
          {
            "response": [
              "Essential"
            ],
            "proportion": 0.3690685025271616
          }
        ],
        "collapsed": [
          {
            "response": [
              "Not relevant",
              "Beneficial"
            ],
            "proportion": 0.31021727372100455
          },
          {
            "response": [
              "Important",
              "Essential"
            ],
            "proportion": 0.6897827262789955
          }
        ]
      }
    },
    {
      "wave": {
        "value": 14,
        "index": 2
      },
      "party": {
        "value": [
          "Republican"
        ],
        "index": 2
      },
      "responses": {
        "expanded": [
          {
            "response": [
              "Not relevant"
            ],
            "proportion": 0.10605886040856578
          },
          {
            "response": [
              "Beneficial"
            ],
            "proportion": 0.1897950204139314
          },
          {
            "response": [
              "Important"
            ],
            "proportion": 0.2592226025237919
          },
          {
            "response": [
              "Essential"
            ],
            "proportion": 0.44492351665371105
          }
        ],
        "collapsed": [
          {
            "response": [
              "Not relevant",
              "Beneficial"
            ],
            "proportion": 0.29585388082249714
          },
          {
            "response": [
              "Important",
              "Essential"
            ],
            "proportion": 0.704146119177503
          }
        ]
      }
    },
    {
      "wave": null,
      "party": null,
      "responses": {
        "expanded": [
          {
            "response": [
              "Not relevant"
            ],
            "proportion": 0.11319363490352274
          },
          {
            "response": [
              "Beneficial"
            ],
            "proportion": 0.16566710126147904
          },
          {
            "response": [
              "Important"
            ],
            "proportion": 0.30563546555277354
          },
          {
            "response": [
              "Essential"
            ],
            "proportion": 0.41550379828222467
          }
        ],
        "collapsed": [
          {
            "response": [
              "Not relevant",
              "Beneficial"
            ],
            "proportion": 0.27886073616500173
          },
          {
            "response": [
              "Important",
              "Essential"
            ],
            "proportion": 0.7211392638349983
          }
        ]
      }
    },
    {
      "wave": {
        "value": 23,
        "index": 3
      },
      "party": {
        "value": [
          "Democrat"
        ],
        "index": 0
      },
      "responses": {
        "expanded": [
          {
            "response": [
              "Not relevant"
            ],
            "proportion": 0.042271953634082565
          },
          {
            "response": [
              "Beneficial"
            ],
            "proportion": 0.15462210395151416
          },
          {
            "response": [
              "Important"
            ],
            "proportion": 0.3609205713699897
          },
          {
            "response": [
              "Essential"
            ],
            "proportion": 0.44218537104441374
          }
        ],
        "collapsed": [
          {
            "response": [
              "Not relevant",
              "Beneficial"
            ],
            "proportion": 0.1968940575855968
          },
          {
            "response": [
              "Important",
              "Essential"
            ],
            "proportion": 0.8031059424144034
          }
        ]
      }
    },
    {
      "wave": {
        "value": 23,
        "index": 3
      },
      "party": {
        "value": [
          "Independent",
          "Other"
        ],
        "index": 1
      },
      "responses": {
        "expanded": [
          {
            "response": [
              "Not relevant"
            ],
            "proportion": 0.11871361400996938
          },
          {
            "response": [
              "Beneficial"
            ],
            "proportion": 0.16961882333662284
          },
          {
            "response": [
              "Important"
            ],
            "proportion": 0.35093022844275923
          },
          {
            "response": [
              "Essential"
            ],
            "proportion": 0.36073733421064863
          }
        ],
        "collapsed": [
          {
            "response": [
              "Not relevant",
              "Beneficial"
            ],
            "proportion": 0.2883324373465922
          },
          {
            "response": [
              "Important",
              "Essential"
            ],
            "proportion": 0.7116675626534078
          }
        ]
      }
    },
    {
      "wave": {
        "value": 23,
        "index": 3
      },
      "party": {
        "value": [
          "Republican"
        ],
        "index": 2
      },
      "responses": {
        "expanded": [
          {
            "response": [
              "Not relevant"
            ],
            "proportion": 0.09888645946522982
          },
          {
            "response": [
              "Beneficial"
            ],
            "proportion": 0.2131112332359402
          },
          {
            "response": [
              "Important"
            ],
            "proportion": 0.31336998421318657
          },
          {
            "response": [
              "Essential"
            ],
            "proportion": 0.3746323230856435
          }
        ],
        "collapsed": [
          {
            "response": [
              "Not relevant",
              "Beneficial"
            ],
            "proportion": 0.31199769270116995
          },
          {
            "response": [
              "Important",
              "Essential"
            ],
            "proportion": 0.6880023072988299
          }
        ]
      }
    },
    {
      "wave": null,
      "party": null,
      "responses": {
        "expanded": [
          {
            "response": [
              "Not relevant"
            ],
            "proportion": 0.11319363490352274
          },
          {
            "response": [
              "Beneficial"
            ],
            "proportion": 0.16566710126147904
          },
          {
            "response": [
              "Important"
            ],
            "proportion": 0.30563546555277354
          },
          {
            "response": [
              "Essential"
            ],
            "proportion": 0.41550379828222467
          }
        ],
        "collapsed": [
          {
            "response": [
              "Not relevant",
              "Beneficial"
            ],
            "proportion": 0.27886073616500173
          },
          {
            "response": [
              "Important",
              "Essential"
            ],
            "proportion": 0.7211392638349983
          }
        ]
      }
    },
    {
      "wave": null,
      "party": null,
      "responses": {
        "expanded": [
          {
            "response": [
              "Not relevant"
            ],
            "proportion": 0.11319363490352274
          },
          {
            "response": [
              "Beneficial"
            ],
            "proportion": 0.16566710126147904
          },
          {
            "response": [
              "Important"
            ],
            "proportion": 0.30563546555277354
          },
          {
            "response": [
              "Essential"
            ],
            "proportion": 0.41550379828222467
          }
        ],
        "collapsed": [
          {
            "response": [
              "Not relevant",
              "Beneficial"
            ],
            "proportion": 0.27886073616500173
          },
          {
            "response": [
              "Important",
              "Essential"
            ],
            "proportion": 0.7211392638349983
          }
        ]
      }
    },
    {
      "wave": null,
      "party": null,
      "responses": {
        "expanded": [
          {
            "response": [
              "Not relevant"
            ],
            "proportion": 0.11319363490352274
          },
          {
            "response": [
              "Beneficial"
            ],
            "proportion": 0.16566710126147904
          },
          {
            "response": [
              "Important"
            ],
            "proportion": 0.30563546555277354
          },
          {
            "response": [
              "Essential"
            ],
            "proportion": 0.41550379828222467
          }
        ],
        "collapsed": [
          {
            "response": [
              "Not relevant",
              "Beneficial"
            ],
            "proportion": 0.27886073616500173
          },
          {
            "response": [
              "Important",
              "Essential"
            ],
            "proportion": 0.7211392638349983
          }
        ]
      }
    },
    {
      "wave": null,
      "party": null,
      "responses": {
        "expanded": [
          {
            "response": [
              "Not relevant"
            ],
            "proportion": 0.11319363490352274
          },
          {
            "response": [
              "Beneficial"
            ],
            "proportion": 0.16566710126147904
          },
          {
            "response": [
              "Important"
            ],
            "proportion": 0.30563546555277354
          },
          {
            "response": [
              "Essential"
            ],
            "proportion": 0.41550379828222467
          }
        ],
        "collapsed": [
          {
            "response": [
              "Not relevant",
              "Beneficial"
            ],
            "proportion": 0.27886073616500173
          },
          {
            "response": [
              "Important",
              "Essential"
            ],
            "proportion": 0.7211392638349983
          }
        ]
      }
    },
    {
      "wave": null,
      "party": null,
      "responses": {
        "expanded": [
          {
            "response": [
              "Not relevant"
            ],
            "proportion": 0.11319363490352274
          },
          {
            "response": [
              "Beneficial"
            ],
            "proportion": 0.16566710126147904
          },
          {
            "response": [
              "Important"
            ],
            "proportion": 0.30563546555277354
          },
          {
            "response": [
              "Essential"
            ],
            "proportion": 0.41550379828222467
          }
        ],
        "collapsed": [
          {
            "response": [
              "Not relevant",
              "Beneficial"
            ],
            "proportion": 0.27886073616500173
          },
          {
            "response": [
              "Important",
              "Essential"
            ],
            "proportion": 0.7211392638349983
          }
        ]
      }
    }
  ]
}