{
  "characteristic_name": "private_gain",
  "col_idx": 2,
  "in_waves": [
    3,
    8,
    14,
    23
  ],
  "splits": [
    {
      "wave": {
        "value": 3,
        "index": 0
      },
      "party": {
        "value": [
          "Democrat"
        ],
        "index": 0
      },
      "responses": {
        "expanded": [
          {
            "response": [
              "Not relevant"
            ],
            "proportion": 0.05187163866340123
          },
          {
            "response": [
              "Beneficial"
            ],
            "proportion": 0.13831001275298727
          },
          {
            "response": [
              "Important"
            ],
            "proportion": 0.263509717683321
          },
          {
            "response": [
              "Essential"
            ],
            "proportion": 0.5463086309002905
          }
        ],
        "collapsed": [
          {
            "response": [
              "Not relevant",
              "Beneficial"
            ],
            "proportion": 0.19018165141638846
          },
          {
            "response": [
              "Important",
              "Essential"
            ],
            "proportion": 0.8098183485836115
          }
        ]
      }
    },
    {
      "wave": {
        "value": 3,
        "index": 0
      },
      "party": {
        "value": [
          "Independent",
          "Other"
        ],
        "index": 1
      },
      "responses": {
        "expanded": [
          {
            "response": [
              "Not relevant"
            ],
            "proportion": 0.05120551930750262
          },
          {
            "response": [
              "Beneficial"
            ],
            "proportion": 0.10301096400260554
          },
          {
            "response": [
              "Important"
            ],
            "proportion": 0.2527337521912278
          },
          {
            "response": [
              "Essential"
            ],
            "proportion": 0.5930497644986641
          }
        ],
        "collapsed": [
          {
            "response": [
              "Not relevant",
              "Beneficial"
            ],
            "proportion": 0.15421648331010818
          },
          {
            "response": [
              "Important",
              "Essential"
            ],
            "proportion": 0.8457835166898919
          }
        ]
      }
    },
    {
      "wave": {
        "value": 3,
        "index": 0
      },
      "party": {
        "value": [
          "Republican"
        ],
        "index": 2
      },
      "responses": {
        "expanded": [
          {
            "response": [
              "Not relevant"
            ],
            "proportion": 0.05423176424952002
          },
          {
            "response": [
              "Beneficial"
            ],
            "proportion": 0.17212774309117787
          },
          {
            "response": [
              "Important"
            ],
            "proportion": 0.3114047995951516
          },
          {
            "response": [
              "Essential"
            ],
            "proportion": 0.4622356930641505
          }
        ],
        "collapsed": [
          {
            "response": [
              "Not relevant",
              "Beneficial"
            ],
            "proportion": 0.22635950734069787
          },
          {
            "response": [
              "Important",
              "Essential"
            ],
            "proportion": 0.7736404926593021
          }
        ]
      }
    },
    {
      "wave": null,
      "party": null,
      "responses": {
        "expanded": [
          {
            "response": [
              "Not relevant"
            ],
            "proportion": 0.06452152017356817
          },
          {
            "response": [
              "Beneficial"
            ],
            "proportion": 0.11142611203682452
          },
          {
            "response": [
              "Important"
            ],
            "proportion": 0.26040827536588235
          },
          {
            "response": [
              "Essential"
            ],
            "proportion": 0.5636440924237252
          }
        ],
        "collapsed": [
          {
            "response": [
              "Not relevant",
              "Beneficial"
            ],
            "proportion": 0.1759476322103927
          },
          {
            "response": [
              "Important",
              "Essential"
            ],
            "proportion": 0.8240523677896076
          }
        ]
      }
    },
    {
      "wave": {
        "value": 8,
        "index": 1
      },
      "party": {
        "value": [
          "Democrat"
        ],
        "index": 0
      },
      "responses": {
        "expanded": [
          {
            "response": [
              "Not relevant"
            ],
            "proportion": 0.06461605357105733
          },
          {
            "response": [
              "Beneficial"
            ],
            "proportion": 0.0970315854157025
          },
          {
            "response": [
              "Important"
            ],
            "proportion": 0.2198748410558266
          },
          {
            "response": [
              "Essential"
            ],
            "proportion": 0.6184775199574135
          }
        ],
        "collapsed": [
          {
            "response": [
              "Not relevant",
              "Beneficial"
            ],
            "proportion": 0.16164763898675982
          },
          {
            "response": [
              "Important",
              "Essential"
            ],
            "proportion": 0.8383523610132402
          }
        ]
      }
    },
    {
      "wave": {
        "value": 8,
        "index": 1
      },
      "party": {
        "value": [
          "Independent",
          "Other"
        ],
        "index": 1
      },
      "responses": {
        "expanded": [
          {
            "response": [
              "Not relevant"
            ],
            "proportion": 0.05918561392253739
          },
          {
            "response": [
              "Beneficial"
            ],
            "proportion": 0.11229776326124025
          },
          {
            "response": [
              "Important"
            ],
            "proportion": 0.24103264834914537
          },
          {
            "response": [
              "Essential"
            ],
            "proportion": 0.5874839744670769
          }
        ],
        "collapsed": [
          {
            "response": [
              "Not relevant",
              "Beneficial"
            ],
            "proportion": 0.17148337718377765
          },
          {
            "response": [
              "Important",
              "Essential"
            ],
            "proportion": 0.8285166228162223
          }
        ]
      }
    },
    {
      "wave": {
        "value": 8,
        "index": 1
      },
      "party": {
        "value": [
          "Republican"
        ],
        "index": 2
      },
      "responses": {
        "expanded": [
          {
            "response": [
              "Not relevant"
            ],
            "proportion": 0.07372440622503752
          },
          {
            "response": [
              "Beneficial"
            ],
            "proportion": 0.09452602873718659
          },
          {
            "response": [
              "Important"
            ],
            "proportion": 0.3061063341332659
          },
          {
            "response": [
              "Essential"
            ],
            "proportion": 0.5256432309045102
          }
        ],
        "collapsed": [
          {
            "response": [
              "Not relevant",
              "Beneficial"
            ],
            "proportion": 0.16825043496222414
          },
          {
            "response": [
              "Important",
              "Essential"
            ],
            "proportion": 0.8317495650377761
          }
        ]
      }
    },
    {
      "wave": null,
      "party": null,
      "responses": {
        "expanded": [
          {
            "response": [
              "Not relevant"
            ],
            "proportion": 0.06452152017356817
          },
          {
            "response": [
              "Beneficial"
            ],
            "proportion": 0.11142611203682452
          },
          {
            "response": [
              "Important"
            ],
            "proportion": 0.26040827536588235
          },
          {
            "response": [
              "Essential"
            ],
            "proportion": 0.5636440924237252
          }
        ],
        "collapsed": [
          {
            "response": [
              "Not relevant",
              "Beneficial"
            ],
            "proportion": 0.1759476322103927
          },
          {
            "response": [
              "Important",
              "Essential"
            ],
            "proportion": 0.8240523677896076
          }
        ]
      }
    },
    {
      "wave": {
        "value": 14,
        "index": 2
      },
      "party": {
        "value": [
          "Democrat"
        ],
        "index": 0
      },
      "responses": {
        "expanded": [
          {
            "response": [
              "Not relevant"
            ],
            "proportion": 0.08518897257736659
          },
          {
            "response": [
              "Beneficial"
            ],
            "proportion": 0.07909578888776206
          },
          {
            "response": [
              "Important"
            ],
            "proportion": 0.28074581258563636
          },
          {
            "response": [
              "Essential"
            ],
            "proportion": 0.5549694259492348
          }
        ],
        "collapsed": [
          {
            "response": [
              "Not relevant",
              "Beneficial"
            ],
            "proportion": 0.16428476146512863
          },
          {
            "response": [
              "Important",
              "Essential"
            ],
            "proportion": 0.8357152385348714
          }
        ]
      }
    },
    {
      "wave": {
        "value": 14,
        "index": 2
      },
      "party": {
        "value": [
          "Independent",
          "Other"
        ],
        "index": 1
      },
      "responses": {
        "expanded": [
          {
            "response": [
              "Not relevant"
            ],
            "proportion": 0.05784191163055241
          },
          {
            "response": [
              "Beneficial"
            ],
            "proportion": 0.06624471766864236
          },
          {
            "response": [
              "Important"
            ],
            "proportion": 0.2325842816274528
          },
          {
            "response": [
              "Essential"
            ],
            "proportion": 0.6433290890733526
          }
        ],
        "collapsed": [
          {
            "response": [
              "Not relevant",
              "Beneficial"
            ],
            "proportion": 0.12408662929919477
          },
          {
            "response": [
              "Important",
              "Essential"
            ],
            "proportion": 0.8759133707008054
          }
        ]
      }
    },
    {
      "wave": {
        "value": 14,
        "index": 2
      },
      "party": {
        "value": [
          "Republican"
        ],
        "index": 2
      },
      "responses": {
        "expanded": [
          {
            "response": [
              "Not relevant"
            ],
            "proportion": 0.10149572610456316
          },
          {
            "response": [
              "Beneficial"
            ],
            "proportion": 0.17109184255809606
          },
          {
            "response": [
              "Important"
            ],
            "proportion": 0.27607141960420933
          },
          {
            "response": [
              "Essential"
            ],
            "proportion": 0.4513410117331314
          }
        ],
        "collapsed": [
          {
            "response": [
              "Not relevant",
              "Beneficial"
            ],
            "proportion": 0.2725875686626592
          },
          {
            "response": [
              "Important",
              "Essential"
            ],
            "proportion": 0.7274124313373408
          }
        ]
      }
    },
    {
      "wave": null,
      "party": null,
      "responses": {
        "expanded": [
          {
            "response": [
              "Not relevant"
            ],
            "proportion": 0.06452152017356817
          },
          {
            "response": [
              "Beneficial"
            ],
            "proportion": 0.11142611203682452
          },
          {
            "response": [
              "Important"
            ],
            "proportion": 0.26040827536588235
          },
          {
            "response": [
              "Essential"
            ],
            "proportion": 0.5636440924237252
          }
        ],
        "collapsed": [
          {
            "response": [
              "Not relevant",
              "Beneficial"
            ],
            "proportion": 0.1759476322103927
          },
          {
            "response": [
              "Important",
              "Essential"
            ],
            "proportion": 0.8240523677896076
          }
        ]
      }
    },
    {
      "wave": {
        "value": 23,
        "index": 3
      },
      "party": {
        "value": [
          "Democrat"
        ],
        "index": 0
      },
      "responses": {
        "expanded": [
          {
            "response": [
              "Not relevant"
            ],
            "proportion": 0.08918443337153975
          },
          {
            "response": [
              "Beneficial"
            ],
            "proportion": 0.10506479585616786
          },
          {
            "response": [
              "Important"
            ],
            "proportion": 0.26239430012864473
          },
          {
            "response": [
              "Essential"
            ],
            "proportion": 0.5433564706436477
          }
        ],
        "collapsed": [
          {
            "response": [
              "Not relevant",
              "Beneficial"
            ],
            "proportion": 0.19424922922770757
          },
          {
            "response": [
              "Important",
              "Essential"
            ],
            "proportion": 0.8057507707722925
          }
        ]
      }
    },
    {
      "wave": {
        "value": 23,
        "index": 3
      },
      "party": {
        "value": [
          "Independent",
          "Other"
        ],
        "index": 1
      },
      "responses": {
        "expanded": [
          {
            "response": [
              "Not relevant"
            ],
            "proportion": 0.05605981122798488
          },
          {
            "response": [
              "Beneficial"
            ],
            "proportion": 0.08722812001352054
          },
          {
            "response": [
              "Important"
            ],
            "proportion": 0.2575951226886013
          },
          {
            "response": [
              "Essential"
            ],
            "proportion": 0.5991169460698933
          }
        ],
        "collapsed": [
          {
            "response": [
              "Not relevant",
              "Beneficial"
            ],
            "proportion": 0.1432879312415054
          },
          {
            "response": [
              "Important",
              "Essential"
            ],
            "proportion": 0.8567120687584947
          }
        ]
      }
    },
    {
      "wave": {
        "value": 23,
        "index": 3
      },
      "party": {
        "value": [
          "Republican"
        ],
        "index": 2
      },
      "responses": {
        "expanded": [
          {
            "response": [
              "Not relevant"
            ],
            "proportion": 0.07682397944303405
          },
          {
            "response": [
              "Beneficial"
            ],
            "proportion": 0.10684203908687914
          },
          {
            "response": [
              "Important"
            ],
            "proportion": 0.2629056360022597
          },
          {
            "response": [
              "Essential"
            ],
            "proportion": 0.5534283454678269
          }
        ],
        "collapsed": [
          {
            "response": [
              "Not relevant",
              "Beneficial"
            ],
            "proportion": 0.18366601852991318
          },
          {
            "response": [
              "Important",
              "Essential"
            ],
            "proportion": 0.8163339814700867
          }
        ]
      }
    },
    {
      "wave": null,
      "party": null,
      "responses": {
        "expanded": [
          {
            "response": [
              "Not relevant"
            ],
            "proportion": 0.06452152017356817
          },
          {
            "response": [
              "Beneficial"
            ],
            "proportion": 0.11142611203682452
          },
          {
            "response": [
              "Important"
            ],
            "proportion": 0.26040827536588235
          },
          {
            "response": [
              "Essential"
            ],
            "proportion": 0.5636440924237252
          }
        ],
        "collapsed": [
          {
            "response": [
              "Not relevant",
              "Beneficial"
            ],
            "proportion": 0.1759476322103927
          },
          {
            "response": [
              "Important",
              "Essential"
            ],
            "proportion": 0.8240523677896076
          }
        ]
      }
    },
    {
      "wave": null,
      "party": null,
      "responses": {
        "expanded": [
          {
            "response": [
              "Not relevant"
            ],
            "proportion": 0.06452152017356817
          },
          {
            "response": [
              "Beneficial"
            ],
            "proportion": 0.11142611203682452
          },
          {
            "response": [
              "Important"
            ],
            "proportion": 0.26040827536588235
          },
          {
            "response": [
              "Essential"
            ],
            "proportion": 0.5636440924237252
          }
        ],
        "collapsed": [
          {
            "response": [
              "Not relevant",
              "Beneficial"
            ],
            "proportion": 0.1759476322103927
          },
          {
            "response": [
              "Important",
              "Essential"
            ],
            "proportion": 0.8240523677896076
          }
        ]
      }
    },
    {
      "wave": null,
      "party": null,
      "responses": {
        "expanded": [
          {
            "response": [
              "Not relevant"
            ],
            "proportion": 0.06452152017356817
          },
          {
            "response": [
              "Beneficial"
            ],
            "proportion": 0.11142611203682452
          },
          {
            "response": [
              "Important"
            ],
            "proportion": 0.26040827536588235
          },
          {
            "response": [
              "Essential"
            ],
            "proportion": 0.5636440924237252
          }
        ],
        "collapsed": [
          {
            "response": [
              "Not relevant",
              "Beneficial"
            ],
            "proportion": 0.1759476322103927
          },
          {
            "response": [
              "Important",
              "Essential"
            ],
            "proportion": 0.8240523677896076
          }
        ]
      }
    },
    {
      "wave": null,
      "party": null,
      "responses": {
        "expanded": [
          {
            "response": [
              "Not relevant"
            ],
            "proportion": 0.06452152017356817
          },
          {
            "response": [
              "Beneficial"
            ],
            "proportion": 0.11142611203682452
          },
          {
            "response": [
              "Important"
            ],
            "proportion": 0.26040827536588235
          },
          {
            "response": [
              "Essential"
            ],
            "proportion": 0.5636440924237252
          }
        ],
        "collapsed": [
          {
            "response": [
              "Not relevant",
              "Beneficial"
            ],
            "proportion": 0.1759476322103927
          },
          {
            "response": [
              "Important",
              "Essential"
            ],
            "proportion": 0.8240523677896076
          }
        ]
      }
    },
    {
      "wave": null,
      "party": null,
      "responses": {
        "expanded": [
          {
            "response": [
              "Not relevant"
            ],
            "proportion": 0.06452152017356817
          },
          {
            "response": [
              "Beneficial"
            ],
            "proportion": 0.11142611203682452
          },
          {
            "response": [
              "Important"
            ],
            "proportion": 0.26040827536588235
          },
          {
            "response": [
              "Essential"
            ],
            "proportion": 0.5636440924237252
          }
        ],
        "collapsed": [
          {
            "response": [
              "Not relevant",
              "Beneficial"
            ],
            "proportion": 0.1759476322103927
          },
          {
            "response": [
              "Important",
              "Essential"
            ],
            "proportion": 0.8240523677896076
          }
        ]
      }
    }
  ]
}