{
  "characteristic_name": "protest",
  "col_idx": 26,
  "in_waves": [
    3,
    8,
    14,
    23
  ],
  "splits": [
    {
      "wave": {
        "value": 3,
        "index": 0
      },
      "party": {
        "value": [
          "Democrat"
        ],
        "index": 0
      },
      "responses": {
        "expanded": [
          {
            "response": [
              "Not relevant"
            ],
            "proportion": 0.025631309372672953
          },
          {
            "response": [
              "Beneficial"
            ],
            "proportion": 0.11817642662620886
          },
          {
            "response": [
              "Important"
            ],
            "proportion": 0.2829949640321165
          },
          {
            "response": [
              "Essential"
            ],
            "proportion": 0.5731972999690016
          }
        ],
        "collapsed": [
          {
            "response": [
              "Not relevant",
              "Beneficial"
            ],
            "proportion": 0.1438077359988818
          },
          {
            "response": [
              "Important",
              "Essential"
            ],
            "proportion": 0.8561922640011181
          }
        ]
      }
    },
    {
      "wave": {
        "value": 3,
        "index": 0
      },
      "party": {
        "value": [
          "Independent",
          "Other"
        ],
        "index": 1
      },
      "responses": {
        "expanded": [
          {
            "response": [
              "Not relevant"
            ],
            "proportion": 0.03280949124161328
          },
          {
            "response": [
              "Beneficial"
            ],
            "proportion": 0.1277694105854752
          },
          {
            "response": [
              "Important"
            ],
            "proportion": 0.30758980875374076
          },
          {
            "response": [
              "Essential"
            ],
            "proportion": 0.5318312894191708
          }
        ],
        "collapsed": [
          {
            "response": [
              "Not relevant",
              "Beneficial"
            ],
            "proportion": 0.16057890182708845
          },
          {
            "response": [
              "Important",
              "Essential"
            ],
            "proportion": 0.8394210981729114
          }
        ]
      }
    },
    {
      "wave": {
        "value": 3,
        "index": 0
      },
      "party": {
        "value": [
          "Republican"
        ],
        "index": 2
      },
      "responses": {
        "expanded": [
          {
            "response": [
              "Not relevant"
            ],
            "proportion": 0.05244160636192448
          },
          {
            "response": [
              "Beneficial"
            ],
            "proportion": 0.18214174144465042
          },
          {
            "response": [
              "Important"
            ],
            "proportion": 0.3943390848789752
          },
          {
            "response": [
              "Essential"
            ],
            "proportion": 0.37107756731444974
          }
        ],
        "collapsed": [
          {
            "response": [
              "Not relevant",
              "Beneficial"
            ],
            "proportion": 0.2345833478065749
          },
          {
            "response": [
              "Important",
              "Essential"
            ],
            "proportion": 0.765416652193425
          }
        ]
      }
    },
    {
      "wave": null,
      "party": null,
      "responses": {
        "expanded": [
          {
            "response": [
              "Not relevant"
            ],
            "proportion": 0.03490057792419075
          },
          {
            "response": [
              "Beneficial"
            ],
            "proportion": 0.11969150912480342
          },
          {
            "response": [
              "Important"
            ],
            "proportion": 0.3050156620709389
          },
          {
            "response": [
              "Essential"
            ],
            "proportion": 0.540392250880067
          }
        ],
        "collapsed": [
          {
            "response": [
              "Not relevant",
              "Beneficial"
            ],
            "proportion": 0.15459208704899416
          },
          {
            "response": [
              "Important",
              "Essential"
            ],
            "proportion": 0.8454079129510059
          }
        ]
      }
    },
    {
      "wave": {
        "value": 8,
        "index": 1
      },
      "party": {
        "value": [
          "Democrat"
        ],
        "index": 0
      },
      "responses": {
        "expanded": [
          {
            "response": [
              "Not relevant"
            ],
            "proportion": 0.03099351055196693
          },
          {
            "response": [
              "Beneficial"
            ],
            "proportion": 0.0816514744581035
          },
          {
            "response": [
              "Important"
            ],
            "proportion": 0.24133101786909258
          },
          {
            "response": [
              "Essential"
            ],
            "proportion": 0.6460239971208368
          }
        ],
        "collapsed": [
          {
            "response": [
              "Not relevant",
              "Beneficial"
            ],
            "proportion": 0.11264498501007042
          },
          {
            "response": [
              "Important",
              "Essential"
            ],
            "proportion": 0.8873550149899294
          }
        ]
      }
    },
    {
      "wave": {
        "value": 8,
        "index": 1
      },
      "party": {
        "value": [
          "Independent",
          "Other"
        ],
        "index": 1
      },
      "responses": {
        "expanded": [
          {
            "response": [
              "Not relevant"
            ],
            "proportion": 0.023316541648487468
          },
          {
            "response": [
              "Beneficial"
            ],
            "proportion": 0.09981905096334605
          },
          {
            "response": [
              "Important"
            ],
            "proportion": 0.3125338473882825
          },
          {
            "response": [
              "Essential"
            ],
            "proportion": 0.5643305599998838
          }
        ],
        "collapsed": [
          {
            "response": [
              "Not relevant",
              "Beneficial"
            ],
            "proportion": 0.12313559261183354
          },
          {
            "response": [
              "Important",
              "Essential"
            ],
            "proportion": 0.8768644073881663
          }
        ]
      }
    },
    {
      "wave": {
        "value": 8,
        "index": 1
      },
      "party": {
        "value": [
          "Republican"
        ],
        "index": 2
      },
      "responses": {
        "expanded": [
          {
            "response": [
              "Not relevant"
            ],
            "proportion": 0.050892520198816835
          },
          {
            "response": [
              "Beneficial"
            ],
            "proportion": 0.1551793614884032
          },
          {
            "response": [
              "Important"
            ],
            "proportion": 0.3293386640371366
          },
          {
            "response": [
              "Essential"
            ],
            "proportion": 0.4645894542756434
          }
        ],
        "collapsed": [
          {
            "response": [
              "Not relevant",
              "Beneficial"
            ],
            "proportion": 0.20607188168722002
          },
          {
            "response": [
              "Important",
              "Essential"
            ],
            "proportion": 0.79392811831278
          }
        ]
      }
    },
    {
      "wave": null,
      "party": null,
      "responses": {
        "expanded": [
          {
            "response": [
              "Not relevant"
            ],
            "proportion": 0.03490057792419075
          },
          {
            "response": [
              "Beneficial"
            ],
            "proportion": 0.11969150912480342
          },
          {
            "response": [
              "Important"
            ],
            "proportion": 0.3050156620709389
          },
          {
            "response": [
              "Essential"
            ],
            "proportion": 0.540392250880067
          }
        ],
        "collapsed": [
          {
            "response": [
              "Not relevant",
              "Beneficial"
            ],
            "proportion": 0.15459208704899416
          },
          {
            "response": [
              "Important",
              "Essential"
            ],
            "proportion": 0.8454079129510059
          }
        ]
      }
    },
    {
      "wave": {
        "value": 14,
        "index": 2
      },
      "party": {
        "value": [
          "Democrat"
        ],
        "index": 0
      },
      "responses": {
        "expanded": [
          {
            "response": [
              "Not relevant"
            ],
            "proportion": 0.01495088734505068
          },
          {
            "response": [
              "Beneficial"
            ],
            "proportion": 0.1157253980572116
          },
          {
            "response": [
              "Important"
            ],
            "proportion": 0.29803441553447785
          },
          {
            "response": [
              "Essential"
            ],
            "proportion": 0.5712892990632601
          }
        ],
        "collapsed": [
          {
            "response": [
              "Not relevant",
              "Beneficial"
            ],
            "proportion": 0.13067628540226228
          },
          {
            "response": [
              "Important",
              "Essential"
            ],
            "proportion": 0.8693237145977376
          }
        ]
      }
    },
    {
      "wave": {
        "value": 14,
        "index": 2
      },
      "party": {
        "value": [
          "Independent",
          "Other"
        ],
        "index": 1
      },
      "responses": {
        "expanded": [
          {
            "response": [
              "Not relevant"
            ],
            "proportion": 0.040408117748307104
          },
          {
            "response": [
              "Beneficial"
            ],
            "proportion": 0.1360578107273405
          },
          {
            "response": [
              "Important"
            ],
            "proportion": 0.23751530982895575
          },
          {
            "response": [
              "Essential"
            ],
            "proportion": 0.5860187616953967
          }
        ],
        "collapsed": [
          {
            "response": [
              "Not relevant",
              "Beneficial"
            ],
            "proportion": 0.1764659284756476
          },
          {
            "response": [
              "Important",
              "Essential"
            ],
            "proportion": 0.8235340715243521
          }
        ]
      }
    },
    {
      "wave": {
        "value": 14,
        "index": 2
      },
      "party": {
        "value": [
          "Republican"
        ],
        "index": 2
      },
      "responses": {
        "expanded": [
          {
            "response": [
              "Not relevant"
            ],
            "proportion": 0.061525373020810854
          },
          {
            "response": [
              "Beneficial"
            ],
            "proportion": 0.09627253293908299
          },
          {
            "response": [
              "Important"
            ],
            "proportion": 0.2942473695505555
          },
          {
            "response": [
              "Essential"
            ],
            "proportion": 0.5479547244895508
          }
        ],
        "collapsed": [
          {
            "response": [
              "Not relevant",
              "Beneficial"
            ],
            "proportion": 0.15779790595989385
          },
          {
            "response": [
              "Important",
              "Essential"
            ],
            "proportion": 0.8422020940401063
          }
        ]
      }
    },
    {
      "wave": null,
      "party": null,
      "responses": {
        "expanded": [
          {
            "response": [
              "Not relevant"
            ],
            "proportion": 0.03490057792419075
          },
          {
            "response": [
              "Beneficial"
            ],
            "proportion": 0.11969150912480342
          },
          {
            "response": [
              "Important"
            ],
            "proportion": 0.3050156620709389
          },
          {
            "response": [
              "Essential"
            ],
            "proportion": 0.540392250880067
          }
        ],
        "collapsed": [
          {
            "response": [
              "Not relevant",
              "Beneficial"
            ],
            "proportion": 0.15459208704899416
          },
          {
            "response": [
              "Important",
              "Essential"
            ],
            "proportion": 0.8454079129510059
          }
        ]
      }
    },
    {
      "wave": {
        "value": 23,
        "index": 3
      },
      "party": {
        "value": [
          "Democrat"
        ],
        "index": 0
      },
      "responses": {
        "expanded": [
          {
            "response": [
              "Not relevant"
            ],
            "proportion": 0.01754256529160713
          },
          {
            "response": [
              "Beneficial"
            ],
            "proportion": 0.1309817398632808
          },
          {
            "response": [
              "Important"
            ],
            "proportion": 0.32480487799645247
          },
          {
            "response": [
              "Essential"
            ],
            "proportion": 0.5266708168486598
          }
        ],
        "collapsed": [
          {
            "response": [
              "Not relevant",
              "Beneficial"
            ],
            "proportion": 0.14852430515488793
          },
          {
            "response": [
              "Important",
              "Essential"
            ],
            "proportion": 0.8514756948451121
          }
        ]
      }
    },
    {
      "wave": {
        "value": 23,
        "index": 3
      },
      "party": {
        "value": [
          "Independent",
          "Other"
        ],
        "index": 1
      },
      "responses": {
        "expanded": [
          {
            "response": [
              "Not relevant"
            ],
            "proportion": 0.022287295485596104
          },
          {
            "response": [
              "Beneficial"
            ],
            "proportion": 0.06958981250587609
          },
          {
            "response": [
              "Important"
            ],
            "proportion": 0.2711492753169454
          },
          {
            "response": [
              "Essential"
            ],
            "proportion": 0.6369736166915824
          }
        ],
        "collapsed": [
          {
            "response": [
              "Not relevant",
              "Beneficial"
            ],
            "proportion": 0.09187710799147221
          },
          {
            "response": [
              "Important",
              "Essential"
            ],
            "proportion": 0.9081228920085277
          }
        ]
      }
    },
    {
      "wave": {
        "value": 23,
        "index": 3
      },
      "party": {
        "value": [
          "Republican"
        ],
        "index": 2
      },
      "responses": {
        "expanded": [
          {
            "response": [
              "Not relevant"
            ],
            "proportion": 0.06684035545446723
          },
          {
            "response": [
              "Beneficial"
            ],
            "proportion": 0.12575824971093028
          },
          {
            "response": [
              "Important"
            ],
            "proportion": 0.38607703532118104
          },
          {
            "response": [
              "Essential"
            ],
            "proportion": 0.42132435951342145
          }
        ],
        "collapsed": [
          {
            "response": [
              "Not relevant",
              "Beneficial"
            ],
            "proportion": 0.1925986051653975
          },
          {
            "response": [
              "Important",
              "Essential"
            ],
            "proportion": 0.8074013948346023
          }
        ]
      }
    },
    {
      "wave": null,
      "party": null,
      "responses": {
        "expanded": [
          {
            "response": [
              "Not relevant"
            ],
            "proportion": 0.03490057792419075
          },
          {
            "response": [
              "Beneficial"
            ],
            "proportion": 0.11969150912480342
          },
          {
            "response": [
              "Important"
            ],
            "proportion": 0.3050156620709389
          },
          {
            "response": [
              "Essential"
            ],
            "proportion": 0.540392250880067
          }
        ],
        "collapsed": [
          {
            "response": [
              "Not relevant",
              "Beneficial"
            ],
            "proportion": 0.15459208704899416
          },
          {
            "response": [
              "Important",
              "Essential"
            ],
            "proportion": 0.8454079129510059
          }
        ]
      }
    },
    {
      "wave": null,
      "party": null,
      "responses": {
        "expanded": [
          {
            "response": [
              "Not relevant"
            ],
            "proportion": 0.03490057792419075
          },
          {
            "response": [
              "Beneficial"
            ],
            "proportion": 0.11969150912480342
          },
          {
            "response": [
              "Important"
            ],
            "proportion": 0.3050156620709389
          },
          {
            "response": [
              "Essential"
            ],
            "proportion": 0.540392250880067
          }
        ],
        "collapsed": [
          {
            "response": [
              "Not relevant",
              "Beneficial"
            ],
            "proportion": 0.15459208704899416
          },
          {
            "response": [
              "Important",
              "Essential"
            ],
            "proportion": 0.8454079129510059
          }
        ]
      }
    },
    {
      "wave": null,
      "party": null,
      "responses": {
        "expanded": [
          {
            "response": [
              "Not relevant"
            ],
            "proportion": 0.03490057792419075
          },
          {
            "response": [
              "Beneficial"
            ],
            "proportion": 0.11969150912480342
          },
          {
            "response": [
              "Important"
            ],
            "proportion": 0.3050156620709389
          },
          {
            "response": [
              "Essential"
            ],
            "proportion": 0.540392250880067
          }
        ],
        "collapsed": [
          {
            "response": [
              "Not relevant",
              "Beneficial"
            ],
            "proportion": 0.15459208704899416
          },
          {
            "response": [
              "Important",
              "Essential"
            ],
            "proportion": 0.8454079129510059
          }
        ]
      }
    },
    {
      "wave": null,
      "party": null,
      "responses": {
        "expanded": [
          {
            "response": [
              "Not relevant"
            ],
            "proportion": 0.03490057792419075
          },
          {
            "response": [
              "Beneficial"
            ],
            "proportion": 0.11969150912480342
          },
          {
            "response": [
              "Important"
            ],
            "proportion": 0.3050156620709389
          },
          {
            "response": [
              "Essential"
            ],
            "proportion": 0.540392250880067
          }
        ],
        "collapsed": [
          {
            "response": [
              "Not relevant",
              "Beneficial"
            ],
            "proportion": 0.15459208704899416
          },
          {
            "response": [
              "Important",
              "Essential"
            ],
            "proportion": 0.8454079129510059
          }
        ]
      }
    },
    {
      "wave": null,
      "party": null,
      "responses": {
        "expanded": [
          {
            "response": [
              "Not relevant"
            ],
            "proportion": 0.03490057792419075
          },
          {
            "response": [
              "Beneficial"
            ],
            "proportion": 0.11969150912480342
          },
          {
            "response": [
              "Important"
            ],
            "proportion": 0.3050156620709389
          },
          {
            "response": [
              "Essential"
            ],
            "proportion": 0.540392250880067
          }
        ],
        "collapsed": [
          {
            "response": [
              "Not relevant",
              "Beneficial"
            ],
            "proportion": 0.15459208704899416
          },
          {
            "response": [
              "Important",
              "Essential"
            ],
            "proportion": 0.8454079129510059
          }
        ]
      }
    }
  ]
}