{
  "characteristic_name": "votes_impact",
  "col_idx": 12,
  "in_waves": [
    3,
    8,
    14,
    23
  ],
  "splits": [
    {
      "wave": {
        "value": 3,
        "index": 0
      },
      "party": {
        "value": [
          "Democrat"
        ],
        "index": 0
      },
      "responses": {
        "expanded": [
          {
            "response": [
              "Not relevant"
            ],
            "proportion": 0.019191948740873817
          },
          {
            "response": [
              "Beneficial"
            ],
            "proportion": 0.12196603114044265
          },
          {
            "response": [
              "Important"
            ],
            "proportion": 0.2540039005046851
          },
          {
            "response": [
              "Essential"
            ],
            "proportion": 0.6048381196139987
          }
        ],
        "collapsed": [
          {
            "response": [
              "Not relevant",
              "Beneficial"
            ],
            "proportion": 0.14115797988131645
          },
          {
            "response": [
              "Important",
              "Essential"
            ],
            "proportion": 0.8588420201186837
          }
        ]
      }
    },
    {
      "wave": {
        "value": 3,
        "index": 0
      },
      "party": {
        "value": [
          "Independent",
          "Other"
        ],
        "index": 1
      },
      "responses": {
        "expanded": [
          {
            "response": [
              "Not relevant"
            ],
            "proportion": 0.030595958062513036
          },
          {
            "response": [
              "Beneficial"
            ],
            "proportion": 0.1336803539448655
          },
          {
            "response": [
              "Important"
            ],
            "proportion": 0.2466753627823754
          },
          {
            "response": [
              "Essential"
            ],
            "proportion": 0.5890483252102461
          }
        ],
        "collapsed": [
          {
            "response": [
              "Not relevant",
              "Beneficial"
            ],
            "proportion": 0.16427631200737858
          },
          {
            "response": [
              "Important",
              "Essential"
            ],
            "proportion": 0.8357236879926216
          }
        ]
      }
    },
    {
      "wave": {
        "value": 3,
        "index": 0
      },
      "party": {
        "value": [
          "Republican"
        ],
        "index": 2
      },
      "responses": {
        "expanded": [
          {
            "response": [
              "Not relevant"
            ],
            "proportion": 0.03316513968725422
          },
          {
            "response": [
              "Beneficial"
            ],
            "proportion": 0.15792912296643918
          },
          {
            "response": [
              "Important"
            ],
            "proportion": 0.24015141137119175
          },
          {
            "response": [
              "Essential"
            ],
            "proportion": 0.5687543259751148
          }
        ],
        "collapsed": [
          {
            "response": [
              "Not relevant",
              "Beneficial"
            ],
            "proportion": 0.19109426265369342
          },
          {
            "response": [
              "Important",
              "Essential"
            ],
            "proportion": 0.8089057373463066
          }
        ]
      }
    },
    {
      "wave": null,
      "party": null,
      "responses": {
        "expanded": [
          {
            "response": [
              "Not relevant"
            ],
            "proportion": 0.035013128978414215
          },
          {
            "response": [
              "Beneficial"
            ],
            "proportion": 0.10708985342324497
          },
          {
            "response": [
              "Important"
            ],
            "proportion": 0.23455683107719366
          },
          {
            "response": [
              "Essential"
            ],
            "proportion": 0.6233401865211472
          }
        ],
        "collapsed": [
          {
            "response": [
              "Not relevant",
              "Beneficial"
            ],
            "proportion": 0.1421029824016592
          },
          {
            "response": [
              "Important",
              "Essential"
            ],
            "proportion": 0.8578970175983408
          }
        ]
      }
    },
    {
      "wave": {
        "value": 8,
        "index": 1
      },
      "party": {
        "value": [
          "Democrat"
        ],
        "index": 0
      },
      "responses": {
        "expanded": [
          {
            "response": [
              "Not relevant"
            ],
            "proportion": 0.020961734323220724
          },
          {
            "response": [
              "Beneficial"
            ],
            "proportion": 0.09373884464248218
          },
          {
            "response": [
              "Important"
            ],
            "proportion": 0.22514072259003878
          },
          {
            "response": [
              "Essential"
            ],
            "proportion": 0.6601586984442585
          }
        ],
        "collapsed": [
          {
            "response": [
              "Not relevant",
              "Beneficial"
            ],
            "proportion": 0.1147005789657029
          },
          {
            "response": [
              "Important",
              "Essential"
            ],
            "proportion": 0.8852994210342974
          }
        ]
      }
    },
    {
      "wave": {
        "value": 8,
        "index": 1
      },
      "party": {
        "value": [
          "Independent",
          "Other"
        ],
        "index": 1
      },
      "responses": {
        "expanded": [
          {
            "response": [
              "Not relevant"
            ],
            "proportion": 0.04706100765878398
          },
          {
            "response": [
              "Beneficial"
            ],
            "proportion": 0.10159305339130567
          },
          {
            "response": [
              "Important"
            ],
            "proportion": 0.2629871259607495
          },
          {
            "response": [
              "Essential"
            ],
            "proportion": 0.5883588129891608
          }
        ],
        "collapsed": [
          {
            "response": [
              "Not relevant",
              "Beneficial"
            ],
            "proportion": 0.14865406105008966
          },
          {
            "response": [
              "Important",
              "Essential"
            ],
            "proportion": 0.8513459389499105
          }
        ]
      }
    },
    {
      "wave": {
        "value": 8,
        "index": 1
      },
      "party": {
        "value": [
          "Republican"
        ],
        "index": 2
      },
      "responses": {
        "expanded": [
          {
            "response": [
              "Not relevant"
            ],
            "proportion": 0.07617250197616654
          },
          {
            "response": [
              "Beneficial"
            ],
            "proportion": 0.13824367931752868
          },
          {
            "response": [
              "Important"
            ],
            "proportion": 0.27726349049221033
          },
          {
            "response": [
              "Essential"
            ],
            "proportion": 0.5083203282140947
          }
        ],
        "collapsed": [
          {
            "response": [
              "Not relevant",
              "Beneficial"
            ],
            "proportion": 0.21441618129369522
          },
          {
            "response": [
              "Important",
              "Essential"
            ],
            "proportion": 0.7855838187063048
          }
        ]
      }
    },
    {
      "wave": null,
      "party": null,
      "responses": {
        "expanded": [
          {
            "response": [
              "Not relevant"
            ],
            "proportion": 0.035013128978414215
          },
          {
            "response": [
              "Beneficial"
            ],
            "proportion": 0.10708985342324497
          },
          {
            "response": [
              "Important"
            ],
            "proportion": 0.23455683107719366
          },
          {
            "response": [
              "Essential"
            ],
            "proportion": 0.6233401865211472
          }
        ],
        "collapsed": [
          {
            "response": [
              "Not relevant",
              "Beneficial"
            ],
            "proportion": 0.1421029824016592
          },
          {
            "response": [
              "Important",
              "Essential"
            ],
            "proportion": 0.8578970175983408
          }
        ]
      }
    },
    {
      "wave": {
        "value": 14,
        "index": 2
      },
      "party": {
        "value": [
          "Democrat"
        ],
        "index": 0
      },
      "responses": {
        "expanded": [
          {
            "response": [
              "Not relevant"
            ],
            "proportion": 0.02221335484650547
          },
          {
            "response": [
              "Beneficial"
            ],
            "proportion": 0.0384826509221406
          },
          {
            "response": [
              "Important"
            ],
            "proportion": 0.20546837894638373
          },
          {
            "response": [
              "Essential"
            ],
            "proportion": 0.7338356152849702
          }
        ],
        "collapsed": [
          {
            "response": [
              "Not relevant",
              "Beneficial"
            ],
            "proportion": 0.06069600576864608
          },
          {
            "response": [
              "Important",
              "Essential"
            ],
            "proportion": 0.9393039942313538
          }
        ]
      }
    },
    {
      "wave": {
        "value": 14,
        "index": 2
      },
      "party": {
        "value": [
          "Independent",
          "Other"
        ],
        "index": 1
      },
      "responses": {
        "expanded": [
          {
            "response": [
              "Not relevant"
            ],
            "proportion": 0.06615263465656296
          },
          {
            "response": [
              "Beneficial"
            ],
            "proportion": 0.05969056014221821
          },
          {
            "response": [
              "Important"
            ],
            "proportion": 0.14916823791593306
          },
          {
            "response": [
              "Essential"
            ],
            "proportion": 0.724988567285286
          }
        ],
        "collapsed": [
          {
            "response": [
              "Not relevant",
              "Beneficial"
            ],
            "proportion": 0.12584319479878117
          },
          {
            "response": [
              "Important",
              "Essential"
            ],
            "proportion": 0.874156805201219
          }
        ]
      }
    },
    {
      "wave": {
        "value": 14,
        "index": 2
      },
      "party": {
        "value": [
          "Republican"
        ],
        "index": 2
      },
      "responses": {
        "expanded": [
          {
            "response": [
              "Not relevant"
            ],
            "proportion": 0.05245269529167272
          },
          {
            "response": [
              "Beneficial"
            ],
            "proportion": 0.06213317321353491
          },
          {
            "response": [
              "Important"
            ],
            "proportion": 0.15708119744752033
          },
          {
            "response": [
              "Essential"
            ],
            "proportion": 0.728332934047272
          }
        ],
        "collapsed": [
          {
            "response": [
              "Not relevant",
              "Beneficial"
            ],
            "proportion": 0.11458586850520763
          },
          {
            "response": [
              "Important",
              "Essential"
            ],
            "proportion": 0.8854141314947924
          }
        ]
      }
    },
    {
      "wave": null,
      "party": null,
      "responses": {
        "expanded": [
          {
            "response": [
              "Not relevant"
            ],
            "proportion": 0.035013128978414215
          },
          {
            "response": [
              "Beneficial"
            ],
            "proportion": 0.10708985342324497
          },
          {
            "response": [
              "Important"
            ],
            "proportion": 0.23455683107719366
          },
          {
            "response": [
              "Essential"
            ],
            "proportion": 0.6233401865211472
          }
        ],
        "collapsed": [
          {
            "response": [
              "Not relevant",
              "Beneficial"
            ],
            "proportion": 0.1421029824016592
          },
          {
            "response": [
              "Important",
              "Essential"
            ],
            "proportion": 0.8578970175983408
          }
        ]
      }
    },
    {
      "wave": {
        "value": 23,
        "index": 3
      },
      "party": {
        "value": [
          "Democrat"
        ],
        "index": 0
      },
      "responses": {
        "expanded": [
          {
            "response": [
              "Not relevant"
            ],
            "proportion": 0.02493072930062007
          },
          {
            "response": [
              "Beneficial"
            ],
            "proportion": 0.08364935035642401
          },
          {
            "response": [
              "Important"
            ],
            "proportion": 0.2024266445276436
          },
          {
            "response": [
              "Essential"
            ],
            "proportion": 0.6889932758153123
          }
        ],
        "collapsed": [
          {
            "response": [
              "Not relevant",
              "Beneficial"
            ],
            "proportion": 0.1085800796570441
          },
          {
            "response": [
              "Important",
              "Essential"
            ],
            "proportion": 0.8914199203429557
          }
        ]
      }
    },
    {
      "wave": {
        "value": 23,
        "index": 3
      },
      "party": {
        "value": [
          "Independent",
          "Other"
        ],
        "index": 1
      },
      "responses": {
        "expanded": [
          {
            "response": [
              "Not relevant"
            ],
            "proportion": 0.023285256545950875
          },
          {
            "response": [
              "Beneficial"
            ],
            "proportion": 0.0808205543360715
          },
          {
            "response": [
              "Important"
            ],
            "proportion": 0.22808103221928358
          },
          {
            "response": [
              "Essential"
            ],
            "proportion": 0.6678131568986941
          }
        ],
        "collapsed": [
          {
            "response": [
              "Not relevant",
              "Beneficial"
            ],
            "proportion": 0.10410581088202238
          },
          {
            "response": [
              "Important",
              "Essential"
            ],
            "proportion": 0.8958941891179778
          }
        ]
      }
    },
    {
      "wave": {
        "value": 23,
        "index": 3
      },
      "party": {
        "value": [
          "Republican"
        ],
        "index": 2
      },
      "responses": {
        "expanded": [
          {
            "response": [
              "Not relevant"
            ],
            "proportion": 0.02164708341343506
          },
          {
            "response": [
              "Beneficial"
            ],
            "proportion": 0.11057115746759075
          },
          {
            "response": [
              "Important"
            ],
            "proportion": 0.2318182124782251
          },
          {
            "response": [
              "Essential"
            ],
            "proportion": 0.6359635466407492
          }
        ],
        "collapsed": [
          {
            "response": [
              "Not relevant",
              "Beneficial"
            ],
            "proportion": 0.1322182408810258
          },
          {
            "response": [
              "Important",
              "Essential"
            ],
            "proportion": 0.8677817591189743
          }
        ]
      }
    },
    {
      "wave": null,
      "party": null,
      "responses": {
        "expanded": [
          {
            "response": [
              "Not relevant"
            ],
            "proportion": 0.035013128978414215
          },
          {
            "response": [
              "Beneficial"
            ],
            "proportion": 0.10708985342324497
          },
          {
            "response": [
              "Important"
            ],
            "proportion": 0.23455683107719366
          },
          {
            "response": [
              "Essential"
            ],
            "proportion": 0.6233401865211472
          }
        ],
        "collapsed": [
          {
            "response": [
              "Not relevant",
              "Beneficial"
            ],
            "proportion": 0.1421029824016592
          },
          {
            "response": [
              "Important",
              "Essential"
            ],
            "proportion": 0.8578970175983408
          }
        ]
      }
    },
    {
      "wave": null,
      "party": null,
      "responses": {
        "expanded": [
          {
            "response": [
              "Not relevant"
            ],
            "proportion": 0.035013128978414215
          },
          {
            "response": [
              "Beneficial"
            ],
            "proportion": 0.10708985342324497
          },
          {
            "response": [
              "Important"
            ],
            "proportion": 0.23455683107719366
          },
          {
            "response": [
              "Essential"
            ],
            "proportion": 0.6233401865211472
          }
        ],
        "collapsed": [
          {
            "response": [
              "Not relevant",
              "Beneficial"
            ],
            "proportion": 0.1421029824016592
          },
          {
            "response": [
              "Important",
              "Essential"
            ],
            "proportion": 0.8578970175983408
          }
        ]
      }
    },
    {
      "wave": null,
      "party": null,
      "responses": {
        "expanded": [
          {
            "response": [
              "Not relevant"
            ],
            "proportion": 0.035013128978414215
          },
          {
            "response": [
              "Beneficial"
            ],
            "proportion": 0.10708985342324497
          },
          {
            "response": [
              "Important"
            ],
            "proportion": 0.23455683107719366
          },
          {
            "response": [
              "Essential"
            ],
            "proportion": 0.6233401865211472
          }
        ],
        "collapsed": [
          {
            "response": [
              "Not relevant",
              "Beneficial"
            ],
            "proportion": 0.1421029824016592
          },
          {
            "response": [
              "Important",
              "Essential"
            ],
            "proportion": 0.8578970175983408
          }
        ]
      }
    },
    {
      "wave": null,
      "party": null,
      "responses": {
        "expanded": [
          {
            "response": [
              "Not relevant"
            ],
            "proportion": 0.035013128978414215
          },
          {
            "response": [
              "Beneficial"
            ],
            "proportion": 0.10708985342324497
          },
          {
            "response": [
              "Important"
            ],
            "proportion": 0.23455683107719366
          },
          {
            "response": [
              "Essential"
            ],
            "proportion": 0.6233401865211472
          }
        ],
        "collapsed": [
          {
            "response": [
              "Not relevant",
              "Beneficial"
            ],
            "proportion": 0.1421029824016592
          },
          {
            "response": [
              "Important",
              "Essential"
            ],
            "proportion": 0.8578970175983408
          }
        ]
      }
    },
    {
      "wave": null,
      "party": null,
      "responses": {
        "expanded": [
          {
            "response": [
              "Not relevant"
            ],
            "proportion": 0.035013128978414215
          },
          {
            "response": [
              "Beneficial"
            ],
            "proportion": 0.10708985342324497
          },
          {
            "response": [
              "Important"
            ],
            "proportion": 0.23455683107719366
          },
          {
            "response": [
              "Essential"
            ],
            "proportion": 0.6233401865211472
          }
        ],
        "collapsed": [
          {
            "response": [
              "Not relevant",
              "Beneficial"
            ],
            "proportion": 0.1421029824016592
          },
          {
            "response": [
              "Important",
              "Essential"
            ],
            "proportion": 0.8578970175983408
          }
        ]
      }
    }
  ]
}