{
  "characteristic_name": "voting_rights",
  "col_idx": 11,
  "in_waves": [
    3,
    8,
    14,
    23
  ],
  "splits": [
    {
      "wave": {
        "value": 3,
        "index": 0
      },
      "party": {
        "value": [
          "Democrat"
        ],
        "index": 0
      },
      "responses": {
        "expanded": [
          {
            "response": [
              "Not relevant"
            ],
            "proportion": 0.043111130407070486
          },
          {
            "response": [
              "Beneficial"
            ],
            "proportion": 0.0634538459896597
          },
          {
            "response": [
              "Important"
            ],
            "proportion": 0.17114119196238622
          },
          {
            "response": [
              "Essential"
            ],
            "proportion": 0.7222938316408835
          }
        ],
        "collapsed": [
          {
            "response": [
              "Not relevant",
              "Beneficial"
            ],
            "proportion": 0.10656497639673018
          },
          {
            "response": [
              "Important",
              "Essential"
            ],
            "proportion": 0.8934350236032697
          }
        ]
      }
    },
    {
      "wave": {
        "value": 3,
        "index": 0
      },
      "party": {
        "value": [
          "Independent",
          "Other"
        ],
        "index": 1
      },
      "responses": {
        "expanded": [
          {
            "response": [
              "Not relevant"
            ],
            "proportion": 0.02000675283085397
          },
          {
            "response": [
              "Beneficial"
            ],
            "proportion": 0.07523473461247714
          },
          {
            "response": [
              "Important"
            ],
            "proportion": 0.16567215504194144
          },
          {
            "response": [
              "Essential"
            ],
            "proportion": 0.7390863575147275
          }
        ],
        "collapsed": [
          {
            "response": [
              "Not relevant",
              "Beneficial"
            ],
            "proportion": 0.09524148744333111
          },
          {
            "response": [
              "Important",
              "Essential"
            ],
            "proportion": 0.904758512556669
          }
        ]
      }
    },
    {
      "wave": {
        "value": 3,
        "index": 0
      },
      "party": {
        "value": [
          "Republican"
        ],
        "index": 2
      },
      "responses": {
        "expanded": [
          {
            "response": [
              "Not relevant"
            ],
            "proportion": 0.02326134046991984
          },
          {
            "response": [
              "Beneficial"
            ],
            "proportion": 0.10551643951510402
          },
          {
            "response": [
              "Important"
            ],
            "proportion": 0.24159816855247354
          },
          {
            "response": [
              "Essential"
            ],
            "proportion": 0.6296240514625024
          }
        ],
        "collapsed": [
          {
            "response": [
              "Not relevant",
              "Beneficial"
            ],
            "proportion": 0.12877777998502388
          },
          {
            "response": [
              "Important",
              "Essential"
            ],
            "proportion": 0.8712222200149761
          }
        ]
      }
    },
    {
      "wave": null,
      "party": null,
      "responses": {
        "expanded": [
          {
            "response": [
              "Not relevant"
            ],
            "proportion": 0.0360543669691986
          },
          {
            "response": [
              "Beneficial"
            ],
            "proportion": 0.0787887719240251
          },
          {
            "response": [
              "Important"
            ],
            "proportion": 0.20516934428448813
          },
          {
            "response": [
              "Essential"
            ],
            "proportion": 0.6799875168222882
          }
        ],
        "collapsed": [
          {
            "response": [
              "Not relevant",
              "Beneficial"
            ],
            "proportion": 0.11484313889322369
          },
          {
            "response": [
              "Important",
              "Essential"
            ],
            "proportion": 0.8851568611067765
          }
        ]
      }
    },
    {
      "wave": {
        "value": 8,
        "index": 1
      },
      "party": {
        "value": [
          "Democrat"
        ],
        "index": 0
      },
      "responses": {
        "expanded": [
          {
            "response": [
              "Not relevant"
            ],
            "proportion": 0.023252734477613172
          },
          {
            "response": [
              "Beneficial"
            ],
            "proportion": 0.056476557534767574
          },
          {
            "response": [
              "Important"
            ],
            "proportion": 0.18966661761057024
          },
          {
            "response": [
              "Essential"
            ],
            "proportion": 0.730604090377049
          }
        ],
        "collapsed": [
          {
            "response": [
              "Not relevant",
              "Beneficial"
            ],
            "proportion": 0.07972929201238076
          },
          {
            "response": [
              "Important",
              "Essential"
            ],
            "proportion": 0.9202707079876192
          }
        ]
      }
    },
    {
      "wave": {
        "value": 8,
        "index": 1
      },
      "party": {
        "value": [
          "Independent",
          "Other"
        ],
        "index": 1
      },
      "responses": {
        "expanded": [
          {
            "response": [
              "Not relevant"
            ],
            "proportion": 0.05179871269990019
          },
          {
            "response": [
              "Beneficial"
            ],
            "proportion": 0.05471770751976305
          },
          {
            "response": [
              "Important"
            ],
            "proportion": 0.24322711437085104
          },
          {
            "response": [
              "Essential"
            ],
            "proportion": 0.6502564654094857
          }
        ],
        "collapsed": [
          {
            "response": [
              "Not relevant",
              "Beneficial"
            ],
            "proportion": 0.10651642021966323
          },
          {
            "response": [
              "Important",
              "Essential"
            ],
            "proportion": 0.8934835797803367
          }
        ]
      }
    },
    {
      "wave": {
        "value": 8,
        "index": 1
      },
      "party": {
        "value": [
          "Republican"
        ],
        "index": 2
      },
      "responses": {
        "expanded": [
          {
            "response": [
              "Not relevant"
            ],
            "proportion": 0.058359459599899376
          },
          {
            "response": [
              "Beneficial"
            ],
            "proportion": 0.13705828946450593
          },
          {
            "response": [
              "Important"
            ],
            "proportion": 0.2453829906138803
          },
          {
            "response": [
              "Essential"
            ],
            "proportion": 0.5591992603217144
          }
        ],
        "collapsed": [
          {
            "response": [
              "Not relevant",
              "Beneficial"
            ],
            "proportion": 0.19541774906440534
          },
          {
            "response": [
              "Important",
              "Essential"
            ],
            "proportion": 0.8045822509355947
          }
        ]
      }
    },
    {
      "wave": null,
      "party": null,
      "responses": {
        "expanded": [
          {
            "response": [
              "Not relevant"
            ],
            "proportion": 0.0360543669691986
          },
          {
            "response": [
              "Beneficial"
            ],
            "proportion": 0.0787887719240251
          },
          {
            "response": [
              "Important"
            ],
            "proportion": 0.20516934428448813
          },
          {
            "response": [
              "Essential"
            ],
            "proportion": 0.6799875168222882
          }
        ],
        "collapsed": [
          {
            "response": [
              "Not relevant",
              "Beneficial"
            ],
            "proportion": 0.11484313889322369
          },
          {
            "response": [
              "Important",
              "Essential"
            ],
            "proportion": 0.8851568611067765
          }
        ]
      }
    },
    {
      "wave": {
        "value": 14,
        "index": 2
      },
      "party": {
        "value": [
          "Democrat"
        ],
        "index": 0
      },
      "responses": {
        "expanded": [
          {
            "response": [
              "Not relevant"
            ],
            "proportion": 0.008711358025768737
          },
          {
            "response": [
              "Beneficial"
            ],
            "proportion": 0.0903600812992883
          },
          {
            "response": [
              "Important"
            ],
            "proportion": 0.14873000743350429
          },
          {
            "response": [
              "Essential"
            ],
            "proportion": 0.7521985532414387
          }
        ],
        "collapsed": [
          {
            "response": [
              "Not relevant",
              "Beneficial"
            ],
            "proportion": 0.09907143932505702
          },
          {
            "response": [
              "Important",
              "Essential"
            ],
            "proportion": 0.9009285606749429
          }
        ]
      }
    },
    {
      "wave": {
        "value": 14,
        "index": 2
      },
      "party": {
        "value": [
          "Independent",
          "Other"
        ],
        "index": 1
      },
      "responses": {
        "expanded": [
          {
            "response": [
              "Not relevant"
            ],
            "proportion": 0.034381949307690694
          },
          {
            "response": [
              "Beneficial"
            ],
            "proportion": 0.03307732374950367
          },
          {
            "response": [
              "Important"
            ],
            "proportion": 0.24225763391597852
          },
          {
            "response": [
              "Essential"
            ],
            "proportion": 0.6902830930268272
          }
        ],
        "collapsed": [
          {
            "response": [
              "Not relevant",
              "Beneficial"
            ],
            "proportion": 0.06745927305719436
          },
          {
            "response": [
              "Important",
              "Essential"
            ],
            "proportion": 0.9325407269428059
          }
        ]
      }
    },
    {
      "wave": {
        "value": 14,
        "index": 2
      },
      "party": {
        "value": [
          "Republican"
        ],
        "index": 2
      },
      "responses": {
        "expanded": [
          {
            "response": [
              "Not relevant"
            ],
            "proportion": 0.0677498286366395
          },
          {
            "response": [
              "Beneficial"
            ],
            "proportion": 0.053389169568364536
          },
          {
            "response": [
              "Important"
            ],
            "proportion": 0.17608728019530148
          },
          {
            "response": [
              "Essential"
            ],
            "proportion": 0.7027737215996944
          }
        ],
        "collapsed": [
          {
            "response": [
              "Not relevant",
              "Beneficial"
            ],
            "proportion": 0.12113899820500404
          },
          {
            "response": [
              "Important",
              "Essential"
            ],
            "proportion": 0.8788610017949957
          }
        ]
      }
    },
    {
      "wave": null,
      "party": null,
      "responses": {
        "expanded": [
          {
            "response": [
              "Not relevant"
            ],
            "proportion": 0.0360543669691986
          },
          {
            "response": [
              "Beneficial"
            ],
            "proportion": 0.0787887719240251
          },
          {
            "response": [
              "Important"
            ],
            "proportion": 0.20516934428448813
          },
          {
            "response": [
              "Essential"
            ],
            "proportion": 0.6799875168222882
          }
        ],
        "collapsed": [
          {
            "response": [
              "Not relevant",
              "Beneficial"
            ],
            "proportion": 0.11484313889322369
          },
          {
            "response": [
              "Important",
              "Essential"
            ],
            "proportion": 0.8851568611067765
          }
        ]
      }
    },
    {
      "wave": {
        "value": 23,
        "index": 3
      },
      "party": {
        "value": [
          "Democrat"
        ],
        "index": 0
      },
      "responses": {
        "expanded": [
          {
            "response": [
              "Not relevant"
            ],
            "proportion": 0.044347115046241434
          },
          {
            "response": [
              "Beneficial"
            ],
            "proportion": 0.045910172388372215
          },
          {
            "response": [
              "Important"
            ],
            "proportion": 0.17493997366548614
          },
          {
            "response": [
              "Essential"
            ],
            "proportion": 0.7348027388999002
          }
        ],
        "collapsed": [
          {
            "response": [
              "Not relevant",
              "Beneficial"
            ],
            "proportion": 0.09025728743461364
          },
          {
            "response": [
              "Important",
              "Essential"
            ],
            "proportion": 0.9097427125653863
          }
        ]
      }
    },
    {
      "wave": {
        "value": 23,
        "index": 3
      },
      "party": {
        "value": [
          "Independent",
          "Other"
        ],
        "index": 1
      },
      "responses": {
        "expanded": [
          {
            "response": [
              "Not relevant"
            ],
            "proportion": 0.021568897932329814
          },
          {
            "response": [
              "Beneficial"
            ],
            "proportion": 0.10110611019624212
          },
          {
            "response": [
              "Important"
            ],
            "proportion": 0.19319721208245094
          },
          {
            "response": [
              "Essential"
            ],
            "proportion": 0.6841277797889773
          }
        ],
        "collapsed": [
          {
            "response": [
              "Not relevant",
              "Beneficial"
            ],
            "proportion": 0.12267500812857193
          },
          {
            "response": [
              "Important",
              "Essential"
            ],
            "proportion": 0.8773249918714282
          }
        ]
      }
    },
    {
      "wave": {
        "value": 23,
        "index": 3
      },
      "party": {
        "value": [
          "Republican"
        ],
        "index": 2
      },
      "responses": {
        "expanded": [
          {
            "response": [
              "Not relevant"
            ],
            "proportion": 0.04496447502138769
          },
          {
            "response": [
              "Beneficial"
            ],
            "proportion": 0.11022755179006262
          },
          {
            "response": [
              "Important"
            ],
            "proportion": 0.2638582249458746
          },
          {
            "response": [
              "Essential"
            ],
            "proportion": 0.5809497482426751
          }
        ],
        "collapsed": [
          {
            "response": [
              "Not relevant",
              "Beneficial"
            ],
            "proportion": 0.1551920268114503
          },
          {
            "response": [
              "Important",
              "Essential"
            ],
            "proportion": 0.8448079731885495
          }
        ]
      }
    },
    {
      "wave": null,
      "party": null,
      "responses": {
        "expanded": [
          {
            "response": [
              "Not relevant"
            ],
            "proportion": 0.0360543669691986
          },
          {
            "response": [
              "Beneficial"
            ],
            "proportion": 0.0787887719240251
          },
          {
            "response": [
              "Important"
            ],
            "proportion": 0.20516934428448813
          },
          {
            "response": [
              "Essential"
            ],
            "proportion": 0.6799875168222882
          }
        ],
        "collapsed": [
          {
            "response": [
              "Not relevant",
              "Beneficial"
            ],
            "proportion": 0.11484313889322369
          },
          {
            "response": [
              "Important",
              "Essential"
            ],
            "proportion": 0.8851568611067765
          }
        ]
      }
    },
    {
      "wave": null,
      "party": null,
      "responses": {
        "expanded": [
          {
            "response": [
              "Not relevant"
            ],
            "proportion": 0.0360543669691986
          },
          {
            "response": [
              "Beneficial"
            ],
            "proportion": 0.0787887719240251
          },
          {
            "response": [
              "Important"
            ],
            "proportion": 0.20516934428448813
          },
          {
            "response": [
              "Essential"
            ],
            "proportion": 0.6799875168222882
          }
        ],
        "collapsed": [
          {
            "response": [
              "Not relevant",
              "Beneficial"
            ],
            "proportion": 0.11484313889322369
          },
          {
            "response": [
              "Important",
              "Essential"
            ],
            "proportion": 0.8851568611067765
          }
        ]
      }
    },
    {
      "wave": null,
      "party": null,
      "responses": {
        "expanded": [
          {
            "response": [
              "Not relevant"
            ],
            "proportion": 0.0360543669691986
          },
          {
            "response": [
              "Beneficial"
            ],
            "proportion": 0.0787887719240251
          },
          {
            "response": [
              "Important"
            ],
            "proportion": 0.20516934428448813
          },
          {
            "response": [
              "Essential"
            ],
            "proportion": 0.6799875168222882
          }
        ],
        "collapsed": [
          {
            "response": [
              "Not relevant",
              "Beneficial"
            ],
            "proportion": 0.11484313889322369
          },
          {
            "response": [
              "Important",
              "Essential"
            ],
            "proportion": 0.8851568611067765
          }
        ]
      }
    },
    {
      "wave": null,
      "party": null,
      "responses": {
        "expanded": [
          {
            "response": [
              "Not relevant"
            ],
            "proportion": 0.0360543669691986
          },
          {
            "response": [
              "Beneficial"
            ],
            "proportion": 0.0787887719240251
          },
          {
            "response": [
              "Important"
            ],
            "proportion": 0.20516934428448813
          },
          {
            "response": [
              "Essential"
            ],
            "proportion": 0.6799875168222882
          }
        ],
        "collapsed": [
          {
            "response": [
              "Not relevant",
              "Beneficial"
            ],
            "proportion": 0.11484313889322369
          },
          {
            "response": [
              "Important",
              "Essential"
            ],
            "proportion": 0.8851568611067765
          }
        ]
      }
    },
    {
      "wave": null,
      "party": null,
      "responses": {
        "expanded": [
          {
            "response": [
              "Not relevant"
            ],
            "proportion": 0.0360543669691986
          },
          {
            "response": [
              "Beneficial"
            ],
            "proportion": 0.0787887719240251
          },
          {
            "response": [
              "Important"
            ],
            "proportion": 0.20516934428448813
          },
          {
            "response": [
              "Essential"
            ],
            "proportion": 0.6799875168222882
          }
        ],
        "collapsed": [
          {
            "response": [
              "Not relevant",
              "Beneficial"
            ],
            "proportion": 0.11484313889322369
          },
          {
            "response": [
              "Important",
              "Essential"
            ],
            "proportion": 0.8851568611067765
          }
        ]
      }
    }
  ]
}