{
  "characteristic_name": "gov_stats",
  "col_idx": 24,
  "in_waves": [
    9,
    10,
    12,
    13,
    14,
    15,
    16,
    17,
    18,
    19,
    20,
    21,
    22,
    23,
    24,
    25
  ],
  "splits": [
    {
      "wave": {
        "value": 3,
        "index": 0
      },
      "party": {
        "value": [
          "Democrat"
        ],
        "index": 0
      },
      "responses": null
    },
    {
      "wave": {
        "value": 3,
        "index": 0
      },
      "party": {
        "value": [
          "Independent",
          "Other"
        ],
        "index": 1
      },
      "responses": null
    },
    {
      "wave": {
        "value": 3,
        "index": 0
      },
      "party": {
        "value": [
          "Republican"
        ],
        "index": 2
      },
      "responses": null
    },
    {
      "wave": null,
      "party": null,
      "responses": {
        "expanded": [
          {
            "response": [
              "Does not meet"
            ],
            "proportion": 0.35618190306087116
          },
          {
            "response": [
              "Partly meets"
            ],
            "proportion": 0.31468351754800766
          },
          {
            "response": [
              "Mostly meets"
            ],
            "proportion": 0.2405628445220155
          },
          {
            "response": [
              "Fully meets"
            ],
            "proportion": 0.08857173486910572
          }
        ],
        "collapsed": [
          {
            "response": [
              "Does not meet",
              "Partly meets"
            ],
            "proportion": 0.6708654206088789
          },
          {
            "response": [
              "Mostly meets",
              "Fully meets"
            ],
            "proportion": 0.32913457939112123
          }
        ]
      }
    },
    {
      "wave": {
        "value": 4,
        "index": 1
      },
      "party": {
        "value": [
          "Democrat"
        ],
        "index": 0
      },
      "responses": null
    },
    {
      "wave": {
        "value": 4,
        "index": 1
      },
      "party": {
        "value": [
          "Independent",
          "Other"
        ],
        "index": 1
      },
      "responses": null
    },
    {
      "wave": {
        "value": 4,
        "index": 1
      },
      "party": {
        "value": [
          "Republican"
        ],
        "index": 2
      },
      "responses": null
    },
    {
      "wave": null,
      "party": null,
      "responses": {
        "expanded": [
          {
            "response": [
              "Does not meet"
            ],
            "proportion": 0.35618190306087116
          },
          {
            "response": [
              "Partly meets"
            ],
            "proportion": 0.31468351754800766
          },
          {
            "response": [
              "Mostly meets"
            ],
            "proportion": 0.2405628445220155
          },
          {
            "response": [
              "Fully meets"
            ],
            "proportion": 0.08857173486910572
          }
        ],
        "collapsed": [
          {
            "response": [
              "Does not meet",
              "Partly meets"
            ],
            "proportion": 0.6708654206088789
          },
          {
            "response": [
              "Mostly meets",
              "Fully meets"
            ],
            "proportion": 0.32913457939112123
          }
        ]
      }
    },
    {
      "wave": {
        "value": 5,
        "index": 2
      },
      "party": {
        "value": [
          "Democrat"
        ],
        "index": 0
      },
      "responses": null
    },
    {
      "wave": {
        "value": 5,
        "index": 2
      },
      "party": {
        "value": [
          "Independent",
          "Other"
        ],
        "index": 1
      },
      "responses": null
    },
    {
      "wave": {
        "value": 5,
        "index": 2
      },
      "party": {
        "value": [
          "Republican"
        ],
        "index": 2
      },
      "responses": null
    },
    {
      "wave": null,
      "party": null,
      "responses": {
        "expanded": [
          {
            "response": [
              "Does not meet"
            ],
            "proportion": 0.35618190306087116
          },
          {
            "response": [
              "Partly meets"
            ],
            "proportion": 0.31468351754800766
          },
          {
            "response": [
              "Mostly meets"
            ],
            "proportion": 0.2405628445220155
          },
          {
            "response": [
              "Fully meets"
            ],
            "proportion": 0.08857173486910572
          }
        ],
        "collapsed": [
          {
            "response": [
              "Does not meet",
              "Partly meets"
            ],
            "proportion": 0.6708654206088789
          },
          {
            "response": [
              "Mostly meets",
              "Fully meets"
            ],
            "proportion": 0.32913457939112123
          }
        ]
      }
    },
    {
      "wave": {
        "value": 6,
        "index": 3
      },
      "party": {
        "value": [
          "Democrat"
        ],
        "index": 0
      },
      "responses": null
    },
    {
      "wave": {
        "value": 6,
        "index": 3
      },
      "party": {
        "value": [
          "Independent",
          "Other"
        ],
        "index": 1
      },
      "responses": null
    },
    {
      "wave": {
        "value": 6,
        "index": 3
      },
      "party": {
        "value": [
          "Republican"
        ],
        "index": 2
      },
      "responses": null
    },
    {
      "wave": null,
      "party": null,
      "responses": {
        "expanded": [
          {
            "response": [
              "Does not meet"
            ],
            "proportion": 0.35618190306087116
          },
          {
            "response": [
              "Partly meets"
            ],
            "proportion": 0.31468351754800766
          },
          {
            "response": [
              "Mostly meets"
            ],
            "proportion": 0.2405628445220155
          },
          {
            "response": [
              "Fully meets"
            ],
            "proportion": 0.08857173486910572
          }
        ],
        "collapsed": [
          {
            "response": [
              "Does not meet",
              "Partly meets"
            ],
            "proportion": 0.6708654206088789
          },
          {
            "response": [
              "Mostly meets",
              "Fully meets"
            ],
            "proportion": 0.32913457939112123
          }
        ]
      }
    },
    {
      "wave": {
        "value": 7,
        "index": 4
      },
      "party": {
        "value": [
          "Democrat"
        ],
        "index": 0
      },
      "responses": null
    },
    {
      "wave": {
        "value": 7,
        "index": 4
      },
      "party": {
        "value": [
          "Independent",
          "Other"
        ],
        "index": 1
      },
      "responses": null
    },
    {
      "wave": {
        "value": 7,
        "index": 4
      },
      "party": {
        "value": [
          "Republican"
        ],
        "index": 2
      },
      "responses": null
    },
    {
      "wave": null,
      "party": null,
      "responses": {
        "expanded": [
          {
            "response": [
              "Does not meet"
            ],
            "proportion": 0.35618190306087116
          },
          {
            "response": [
              "Partly meets"
            ],
            "proportion": 0.31468351754800766
          },
          {
            "response": [
              "Mostly meets"
            ],
            "proportion": 0.2405628445220155
          },
          {
            "response": [
              "Fully meets"
            ],
            "proportion": 0.08857173486910572
          }
        ],
        "collapsed": [
          {
            "response": [
              "Does not meet",
              "Partly meets"
            ],
            "proportion": 0.6708654206088789
          },
          {
            "response": [
              "Mostly meets",
              "Fully meets"
            ],
            "proportion": 0.32913457939112123
          }
        ]
      }
    },
    {
      "wave": {
        "value": 8,
        "index": 5
      },
      "party": {
        "value": [
          "Democrat"
        ],
        "index": 0
      },
      "responses": null
    },
    {
      "wave": {
        "value": 8,
        "index": 5
      },
      "party": {
        "value": [
          "Independent",
          "Other"
        ],
        "index": 1
      },
      "responses": null
    },
    {
      "wave": {
        "value": 8,
        "index": 5
      },
      "party": {
        "value": [
          "Republican"
        ],
        "index": 2
      },
      "responses": null
    },
    {
      "wave": null,
      "party": null,
      "responses": {
        "expanded": [
          {
            "response": [
              "Does not meet"
            ],
            "proportion": 0.35618190306087116
          },
          {
            "response": [
              "Partly meets"
            ],
            "proportion": 0.31468351754800766
          },
          {
            "response": [
              "Mostly meets"
            ],
            "proportion": 0.2405628445220155
          },
          {
            "response": [
              "Fully meets"
            ],
            "proportion": 0.08857173486910572
          }
        ],
        "collapsed": [
          {
            "response": [
              "Does not meet",
              "Partly meets"
            ],
            "proportion": 0.6708654206088789
          },
          {
            "response": [
              "Mostly meets",
              "Fully meets"
            ],
            "proportion": 0.32913457939112123
          }
        ]
      }
    },
    {
      "wave": {
        "value": 9,
        "index": 6
      },
      "party": {
        "value": [
          "Democrat"
        ],
        "index": 0
      },
      "responses": {
        "expanded": [
          {
            "response": [
              "Does not meet"
            ],
            "proportion": 0.34517721547793967
          },
          {
            "response": [
              "Partly meets"
            ],
            "proportion": 0.27959144572380906
          },
          {
            "response": [
              "Mostly meets"
            ],
            "proportion": 0.24969497300794355
          },
          {
            "response": [
              "Fully meets"
            ],
            "proportion": 0.12553636579030766
          }
        ],
        "collapsed": [
          {
            "response": [
              "Does not meet",
              "Partly meets"
            ],
            "proportion": 0.6247686612017487
          },
          {
            "response": [
              "Mostly meets",
              "Fully meets"
            ],
            "proportion": 0.3752313387982513
          }
        ]
      }
    },
    {
      "wave": {
        "value": 9,
        "index": 6
      },
      "party": {
        "value": [
          "Independent",
          "Other"
        ],
        "index": 1
      },
      "responses": {
        "expanded": [
          {
            "response": [
              "Does not meet"
            ],
            "proportion": 0.3339007910550133
          },
          {
            "response": [
              "Partly meets"
            ],
            "proportion": 0.3261134460267845
          },
          {
            "response": [
              "Mostly meets"
            ],
            "proportion": 0.25570079353536473
          },
          {
            "response": [
              "Fully meets"
            ],
            "proportion": 0.08428496938283736
          }
        ],
        "collapsed": [
          {
            "response": [
              "Does not meet",
              "Partly meets"
            ],
            "proportion": 0.6600142370817978
          },
          {
            "response": [
              "Mostly meets",
              "Fully meets"
            ],
            "proportion": 0.3399857629182022
          }
        ]
      }
    },
    {
      "wave": {
        "value": 9,
        "index": 6
      },
      "party": {
        "value": [
          "Republican"
        ],
        "index": 2
      },
      "responses": {
        "expanded": [
          {
            "response": [
              "Does not meet"
            ],
            "proportion": 0.3958710006670186
          },
          {
            "response": [
              "Partly meets"
            ],
            "proportion": 0.32106676669341916
          },
          {
            "response": [
              "Mostly meets"
            ],
            "proportion": 0.217367433627045
          },
          {
            "response": [
              "Fully meets"
            ],
            "proportion": 0.0656947990125172
          }
        ],
        "collapsed": [
          {
            "response": [
              "Does not meet",
              "Partly meets"
            ],
            "proportion": 0.7169377673604377
          },
          {
            "response": [
              "Mostly meets",
              "Fully meets"
            ],
            "proportion": 0.2830622326395621
          }
        ]
      }
    },
    {
      "wave": null,
      "party": null,
      "responses": {
        "expanded": [
          {
            "response": [
              "Does not meet"
            ],
            "proportion": 0.35618190306087116
          },
          {
            "response": [
              "Partly meets"
            ],
            "proportion": 0.31468351754800766
          },
          {
            "response": [
              "Mostly meets"
            ],
            "proportion": 0.2405628445220155
          },
          {
            "response": [
              "Fully meets"
            ],
            "proportion": 0.08857173486910572
          }
        ],
        "collapsed": [
          {
            "response": [
              "Does not meet",
              "Partly meets"
            ],
            "proportion": 0.6708654206088789
          },
          {
            "response": [
              "Mostly meets",
              "Fully meets"
            ],
            "proportion": 0.32913457939112123
          }
        ]
      }
    },
    {
      "wave": {
        "value": 10,
        "index": 7
      },
      "party": {
        "value": [
          "Democrat"
        ],
        "index": 0
      },
      "responses": {
        "expanded": [
          {
            "response": [
              "Does not meet"
            ],
            "proportion": 0.35687572220494285
          },
          {
            "response": [
              "Partly meets"
            ],
            "proportion": 0.34443119541577
          },
          {
            "response": [
              "Mostly meets"
            ],
            "proportion": 0.23326619517094804
          },
          {
            "response": [
              "Fully meets"
            ],
            "proportion": 0.06542688720833918
          }
        ],
        "collapsed": [
          {
            "response": [
              "Does not meet",
              "Partly meets"
            ],
            "proportion": 0.7013069176207127
          },
          {
            "response": [
              "Mostly meets",
              "Fully meets"
            ],
            "proportion": 0.29869308237928716
          }
        ]
      }
    },
    {
      "wave": {
        "value": 10,
        "index": 7
      },
      "party": {
        "value": [
          "Independent",
          "Other"
        ],
        "index": 1
      },
      "responses": {
        "expanded": [
          {
            "response": [
              "Does not meet"
            ],
            "proportion": 0.3473294029478289
          },
          {
            "response": [
              "Partly meets"
            ],
            "proportion": 0.37588314093695385
          },
          {
            "response": [
              "Mostly meets"
            ],
            "proportion": 0.2384984540501893
          },
          {
            "response": [
              "Fully meets"
            ],
            "proportion": 0.038289002065028034
          }
        ],
        "collapsed": [
          {
            "response": [
              "Does not meet",
              "Partly meets"
            ],
            "proportion": 0.7232125438847827
          },
          {
            "response": [
              "Mostly meets",
              "Fully meets"
            ],
            "proportion": 0.2767874561152173
          }
        ]
      }
    },
    {
      "wave": {
        "value": 10,
        "index": 7
      },
      "party": {
        "value": [
          "Republican"
        ],
        "index": 2
      },
      "responses": {
        "expanded": [
          {
            "response": [
              "Does not meet"
            ],
            "proportion": 0.30062177225554254
          },
          {
            "response": [
              "Partly meets"
            ],
            "proportion": 0.38874208600938076
          },
          {
            "response": [
              "Mostly meets"
            ],
            "proportion": 0.21538150202344572
          },
          {
            "response": [
              "Fully meets"
            ],
            "proportion": 0.09525463971163099
          }
        ],
        "collapsed": [
          {
            "response": [
              "Does not meet",
              "Partly meets"
            ],
            "proportion": 0.6893638582649233
          },
          {
            "response": [
              "Mostly meets",
              "Fully meets"
            ],
            "proportion": 0.3106361417350767
          }
        ]
      }
    },
    {
      "wave": null,
      "party": null,
      "responses": {
        "expanded": [
          {
            "response": [
              "Does not meet"
            ],
            "proportion": 0.35618190306087116
          },
          {
            "response": [
              "Partly meets"
            ],
            "proportion": 0.31468351754800766
          },
          {
            "response": [
              "Mostly meets"
            ],
            "proportion": 0.2405628445220155
          },
          {
            "response": [
              "Fully meets"
            ],
            "proportion": 0.08857173486910572
          }
        ],
        "collapsed": [
          {
            "response": [
              "Does not meet",
              "Partly meets"
            ],
            "proportion": 0.6708654206088789
          },
          {
            "response": [
              "Mostly meets",
              "Fully meets"
            ],
            "proportion": 0.32913457939112123
          }
        ]
      }
    },
    {
      "wave": {
        "value": 12,
        "index": 8
      },
      "party": {
        "value": [
          "Democrat"
        ],
        "index": 0
      },
      "responses": {
        "expanded": [
          {
            "response": [
              "Does not meet"
            ],
            "proportion": 0.35652703511571937
          },
          {
            "response": [
              "Partly meets"
            ],
            "proportion": 0.3968073955621102
          },
          {
            "response": [
              "Mostly meets"
            ],
            "proportion": 0.1776892795362376
          },
          {
            "response": [
              "Fully meets"
            ],
            "proportion": 0.06897628978593294
          }
        ],
        "collapsed": [
          {
            "response": [
              "Does not meet",
              "Partly meets"
            ],
            "proportion": 0.7533344306778296
          },
          {
            "response": [
              "Mostly meets",
              "Fully meets"
            ],
            "proportion": 0.24666556932217054
          }
        ]
      }
    },
    {
      "wave": {
        "value": 12,
        "index": 8
      },
      "party": {
        "value": [
          "Independent",
          "Other"
        ],
        "index": 1
      },
      "responses": {
        "expanded": [
          {
            "response": [
              "Does not meet"
            ],
            "proportion": 0.4454780005524264
          },
          {
            "response": [
              "Partly meets"
            ],
            "proportion": 0.3353022991591632
          },
          {
            "response": [
              "Mostly meets"
            ],
            "proportion": 0.1767513730680705
          },
          {
            "response": [
              "Fully meets"
            ],
            "proportion": 0.04246832722033969
          }
        ],
        "collapsed": [
          {
            "response": [
              "Does not meet",
              "Partly meets"
            ],
            "proportion": 0.7807802997115897
          },
          {
            "response": [
              "Mostly meets",
              "Fully meets"
            ],
            "proportion": 0.21921970028841023
          }
        ]
      }
    },
    {
      "wave": {
        "value": 12,
        "index": 8
      },
      "party": {
        "value": [
          "Republican"
        ],
        "index": 2
      },
      "responses": {
        "expanded": [
          {
            "response": [
              "Does not meet"
            ],
            "proportion": 0.40756585054888056
          },
          {
            "response": [
              "Partly meets"
            ],
            "proportion": 0.3227031965335508
          },
          {
            "response": [
              "Mostly meets"
            ],
            "proportion": 0.2412095409047422
          },
          {
            "response": [
              "Fully meets"
            ],
            "proportion": 0.02852141201282658
          }
        ],
        "collapsed": [
          {
            "response": [
              "Does not meet",
              "Partly meets"
            ],
            "proportion": 0.7302690470824311
          },
          {
            "response": [
              "Mostly meets",
              "Fully meets"
            ],
            "proportion": 0.26973095291756877
          }
        ]
      }
    },
    {
      "wave": null,
      "party": null,
      "responses": {
        "expanded": [
          {
            "response": [
              "Does not meet"
            ],
            "proportion": 0.35618190306087116
          },
          {
            "response": [
              "Partly meets"
            ],
            "proportion": 0.31468351754800766
          },
          {
            "response": [
              "Mostly meets"
            ],
            "proportion": 0.2405628445220155
          },
          {
            "response": [
              "Fully meets"
            ],
            "proportion": 0.08857173486910572
          }
        ],
        "collapsed": [
          {
            "response": [
              "Does not meet",
              "Partly meets"
            ],
            "proportion": 0.6708654206088789
          },
          {
            "response": [
              "Mostly meets",
              "Fully meets"
            ],
            "proportion": 0.32913457939112123
          }
        ]
      }
    },
    {
      "wave": {
        "value": 13,
        "index": 9
      },
      "party": {
        "value": [
          "Democrat"
        ],
        "index": 0
      },
      "responses": {
        "expanded": [
          {
            "response": [
              "Does not meet"
            ],
            "proportion": 0.25939256378590897
          },
          {
            "response": [
              "Partly meets"
            ],
            "proportion": 0.33784541842284743
          },
          {
            "response": [
              "Mostly meets"
            ],
            "proportion": 0.2826297313063448
          },
          {
            "response": [
              "Fully meets"
            ],
            "proportion": 0.12013228648489895
          }
        ],
        "collapsed": [
          {
            "response": [
              "Does not meet",
              "Partly meets"
            ],
            "proportion": 0.5972379822087563
          },
          {
            "response": [
              "Mostly meets",
              "Fully meets"
            ],
            "proportion": 0.40276201779124365
          }
        ]
      }
    },
    {
      "wave": {
        "value": 13,
        "index": 9
      },
      "party": {
        "value": [
          "Independent",
          "Other"
        ],
        "index": 1
      },
      "responses": {
        "expanded": [
          {
            "response": [
              "Does not meet"
            ],
            "proportion": 0.4377174324890305
          },
          {
            "response": [
              "Partly meets"
            ],
            "proportion": 0.29076495865848184
          },
          {
            "response": [
              "Mostly meets"
            ],
            "proportion": 0.217826199888918
          },
          {
            "response": [
              "Fully meets"
            ],
            "proportion": 0.053691408963569665
          }
        ],
        "collapsed": [
          {
            "response": [
              "Does not meet",
              "Partly meets"
            ],
            "proportion": 0.7284823911475123
          },
          {
            "response": [
              "Mostly meets",
              "Fully meets"
            ],
            "proportion": 0.27151760885248766
          }
        ]
      }
    },
    {
      "wave": {
        "value": 13,
        "index": 9
      },
      "party": {
        "value": [
          "Republican"
        ],
        "index": 2
      },
      "responses": {
        "expanded": [
          {
            "response": [
              "Does not meet"
            ],
            "proportion": 0.5374103459080734
          },
          {
            "response": [
              "Partly meets"
            ],
            "proportion": 0.29997643770830157
          },
          {
            "response": [
              "Mostly meets"
            ],
            "proportion": 0.12924655943027114
          },
          {
            "response": [
              "Fully meets"
            ],
            "proportion": 0.03336665695335399
          }
        ],
        "collapsed": [
          {
            "response": [
              "Does not meet",
              "Partly meets"
            ],
            "proportion": 0.837386783616375
          },
          {
            "response": [
              "Mostly meets",
              "Fully meets"
            ],
            "proportion": 0.16261321638362508
          }
        ]
      }
    },
    {
      "wave": null,
      "party": null,
      "responses": {
        "expanded": [
          {
            "response": [
              "Does not meet"
            ],
            "proportion": 0.35618190306087116
          },
          {
            "response": [
              "Partly meets"
            ],
            "proportion": 0.31468351754800766
          },
          {
            "response": [
              "Mostly meets"
            ],
            "proportion": 0.2405628445220155
          },
          {
            "response": [
              "Fully meets"
            ],
            "proportion": 0.08857173486910572
          }
        ],
        "collapsed": [
          {
            "response": [
              "Does not meet",
              "Partly meets"
            ],
            "proportion": 0.6708654206088789
          },
          {
            "response": [
              "Mostly meets",
              "Fully meets"
            ],
            "proportion": 0.32913457939112123
          }
        ]
      }
    },
    {
      "wave": {
        "value": 14,
        "index": 10
      },
      "party": {
        "value": [
          "Democrat"
        ],
        "index": 0
      },
      "responses": {
        "expanded": [
          {
            "response": [
              "Does not meet"
            ],
            "proportion": 0.21355047657612386
          },
          {
            "response": [
              "Partly meets"
            ],
            "proportion": 0.3630926860306842
          },
          {
            "response": [
              "Mostly meets"
            ],
            "proportion": 0.314415410869401
          },
          {
            "response": [
              "Fully meets"
            ],
            "proportion": 0.1089414265237909
          }
        ],
        "collapsed": [
          {
            "response": [
              "Does not meet",
              "Partly meets"
            ],
            "proportion": 0.5766431626068081
          },
          {
            "response": [
              "Mostly meets",
              "Fully meets"
            ],
            "proportion": 0.4233568373931919
          }
        ]
      }
    },
    {
      "wave": {
        "value": 14,
        "index": 10
      },
      "party": {
        "value": [
          "Independent",
          "Other"
        ],
        "index": 1
      },
      "responses": {
        "expanded": [
          {
            "response": [
              "Does not meet"
            ],
            "proportion": 0.44729276378701815
          },
          {
            "response": [
              "Partly meets"
            ],
            "proportion": 0.32724863630188433
          },
          {
            "response": [
              "Mostly meets"
            ],
            "proportion": 0.19812099710924003
          },
          {
            "response": [
              "Fully meets"
            ],
            "proportion": 0.027337602801857413
          }
        ],
        "collapsed": [
          {
            "response": [
              "Does not meet",
              "Partly meets"
            ],
            "proportion": 0.7745414000889026
          },
          {
            "response": [
              "Mostly meets",
              "Fully meets"
            ],
            "proportion": 0.22545859991109743
          }
        ]
      }
    },
    {
      "wave": {
        "value": 14,
        "index": 10
      },
      "party": {
        "value": [
          "Republican"
        ],
        "index": 2
      },
      "responses": {
        "expanded": [
          {
            "response": [
              "Does not meet"
            ],
            "proportion": 0.5733178526810854
          },
          {
            "response": [
              "Partly meets"
            ],
            "proportion": 0.27086414259176694
          },
          {
            "response": [
              "Mostly meets"
            ],
            "proportion": 0.10178608417051643
          },
          {
            "response": [
              "Fully meets"
            ],
            "proportion": 0.054031920556631134
          }
        ],
        "collapsed": [
          {
            "response": [
              "Does not meet",
              "Partly meets"
            ],
            "proportion": 0.8441819952728525
          },
          {
            "response": [
              "Mostly meets",
              "Fully meets"
            ],
            "proportion": 0.15581800472714755
          }
        ]
      }
    },
    {
      "wave": null,
      "party": null,
      "responses": {
        "expanded": [
          {
            "response": [
              "Does not meet"
            ],
            "proportion": 0.35618190306087116
          },
          {
            "response": [
              "Partly meets"
            ],
            "proportion": 0.31468351754800766
          },
          {
            "response": [
              "Mostly meets"
            ],
            "proportion": 0.2405628445220155
          },
          {
            "response": [
              "Fully meets"
            ],
            "proportion": 0.08857173486910572
          }
        ],
        "collapsed": [
          {
            "response": [
              "Does not meet",
              "Partly meets"
            ],
            "proportion": 0.6708654206088789
          },
          {
            "response": [
              "Mostly meets",
              "Fully meets"
            ],
            "proportion": 0.32913457939112123
          }
        ]
      }
    },
    {
      "wave": {
        "value": 15,
        "index": 11
      },
      "party": {
        "value": [
          "Democrat"
        ],
        "index": 0
      },
      "responses": {
        "expanded": [
          {
            "response": [
              "Does not meet"
            ],
            "proportion": 0.18852897924410028
          },
          {
            "response": [
              "Partly meets"
            ],
            "proportion": 0.39406737058590036
          },
          {
            "response": [
              "Mostly meets"
            ],
            "proportion": 0.33526634187046517
          },
          {
            "response": [
              "Fully meets"
            ],
            "proportion": 0.08213730829953418
          }
        ],
        "collapsed": [
          {
            "response": [
              "Does not meet",
              "Partly meets"
            ],
            "proportion": 0.5825963498300007
          },
          {
            "response": [
              "Mostly meets",
              "Fully meets"
            ],
            "proportion": 0.41740365016999936
          }
        ]
      }
    },
    {
      "wave": {
        "value": 15,
        "index": 11
      },
      "party": {
        "value": [
          "Independent",
          "Other"
        ],
        "index": 1
      },
      "responses": {
        "expanded": [
          {
            "response": [
              "Does not meet"
            ],
            "proportion": 0.44597967249362414
          },
          {
            "response": [
              "Partly meets"
            ],
            "proportion": 0.3200455684140124
          },
          {
            "response": [
              "Mostly meets"
            ],
            "proportion": 0.17811559110806394
          },
          {
            "response": [
              "Fully meets"
            ],
            "proportion": 0.05585916798429966
          }
        ],
        "collapsed": [
          {
            "response": [
              "Does not meet",
              "Partly meets"
            ],
            "proportion": 0.7660252409076365
          },
          {
            "response": [
              "Mostly meets",
              "Fully meets"
            ],
            "proportion": 0.23397475909236354
          }
        ]
      }
    },
    {
      "wave": {
        "value": 15,
        "index": 11
      },
      "party": {
        "value": [
          "Republican"
        ],
        "index": 2
      },
      "responses": {
        "expanded": [
          {
            "response": [
              "Does not meet"
            ],
            "proportion": 0.5673165091363268
          },
          {
            "response": [
              "Partly meets"
            ],
            "proportion": 0.22201328573495518
          },
          {
            "response": [
              "Mostly meets"
            ],
            "proportion": 0.152062809853327
          },
          {
            "response": [
              "Fully meets"
            ],
            "proportion": 0.058607395275391286
          }
        ],
        "collapsed": [
          {
            "response": [
              "Does not meet",
              "Partly meets"
            ],
            "proportion": 0.7893297948712819
          },
          {
            "response": [
              "Mostly meets",
              "Fully meets"
            ],
            "proportion": 0.21067020512871834
          }
        ]
      }
    },
    {
      "wave": null,
      "party": null,
      "responses": {
        "expanded": [
          {
            "response": [
              "Does not meet"
            ],
            "proportion": 0.35618190306087116
          },
          {
            "response": [
              "Partly meets"
            ],
            "proportion": 0.31468351754800766
          },
          {
            "response": [
              "Mostly meets"
            ],
            "proportion": 0.2405628445220155
          },
          {
            "response": [
              "Fully meets"
            ],
            "proportion": 0.08857173486910572
          }
        ],
        "collapsed": [
          {
            "response": [
              "Does not meet",
              "Partly meets"
            ],
            "proportion": 0.6708654206088789
          },
          {
            "response": [
              "Mostly meets",
              "Fully meets"
            ],
            "proportion": 0.32913457939112123
          }
        ]
      }
    },
    {
      "wave": {
        "value": 16,
        "index": 12
      },
      "party": {
        "value": [
          "Democrat"
        ],
        "index": 0
      },
      "responses": {
        "expanded": [
          {
            "response": [
              "Does not meet"
            ],
            "proportion": 0.18175735596107515
          },
          {
            "response": [
              "Partly meets"
            ],
            "proportion": 0.3439510678134101
          },
          {
            "response": [
              "Mostly meets"
            ],
            "proportion": 0.3280975786406696
          },
          {
            "response": [
              "Fully meets"
            ],
            "proportion": 0.14619399758484525
          }
        ],
        "collapsed": [
          {
            "response": [
              "Does not meet",
              "Partly meets"
            ],
            "proportion": 0.5257084237744852
          },
          {
            "response": [
              "Mostly meets",
              "Fully meets"
            ],
            "proportion": 0.4742915762255149
          }
        ]
      }
    },
    {
      "wave": {
        "value": 16,
        "index": 12
      },
      "party": {
        "value": [
          "Independent",
          "Other"
        ],
        "index": 1
      },
      "responses": {
        "expanded": [
          {
            "response": [
              "Does not meet"
            ],
            "proportion": 0.4834583857448409
          },
          {
            "response": [
              "Partly meets"
            ],
            "proportion": 0.28897911748553035
          },
          {
            "response": [
              "Mostly meets"
            ],
            "proportion": 0.18388338788309874
          },
          {
            "response": [
              "Fully meets"
            ],
            "proportion": 0.04367910888653009
          }
        ],
        "collapsed": [
          {
            "response": [
              "Does not meet",
              "Partly meets"
            ],
            "proportion": 0.7724375032303713
          },
          {
            "response": [
              "Mostly meets",
              "Fully meets"
            ],
            "proportion": 0.2275624967696288
          }
        ]
      }
    },
    {
      "wave": {
        "value": 16,
        "index": 12
      },
      "party": {
        "value": [
          "Republican"
        ],
        "index": 2
      },
      "responses": {
        "expanded": [
          {
            "response": [
              "Does not meet"
            ],
            "proportion": 0.6260297503904859
          },
          {
            "response": [
              "Partly meets"
            ],
            "proportion": 0.24275701835993815
          },
          {
            "response": [
              "Mostly meets"
            ],
            "proportion": 0.10538694782742403
          },
          {
            "response": [
              "Fully meets"
            ],
            "proportion": 0.025826283422151722
          }
        ],
        "collapsed": [
          {
            "response": [
              "Does not meet",
              "Partly meets"
            ],
            "proportion": 0.868786768750424
          },
          {
            "response": [
              "Mostly meets",
              "Fully meets"
            ],
            "proportion": 0.1312132312495758
          }
        ]
      }
    },
    {
      "wave": null,
      "party": null,
      "responses": {
        "expanded": [
          {
            "response": [
              "Does not meet"
            ],
            "proportion": 0.35618190306087116
          },
          {
            "response": [
              "Partly meets"
            ],
            "proportion": 0.31468351754800766
          },
          {
            "response": [
              "Mostly meets"
            ],
            "proportion": 0.2405628445220155
          },
          {
            "response": [
              "Fully meets"
            ],
            "proportion": 0.08857173486910572
          }
        ],
        "collapsed": [
          {
            "response": [
              "Does not meet",
              "Partly meets"
            ],
            "proportion": 0.6708654206088789
          },
          {
            "response": [
              "Mostly meets",
              "Fully meets"
            ],
            "proportion": 0.32913457939112123
          }
        ]
      }
    },
    {
      "wave": {
        "value": 17,
        "index": 13
      },
      "party": {
        "value": [
          "Democrat"
        ],
        "index": 0
      },
      "responses": {
        "expanded": [
          {
            "response": [
              "Does not meet"
            ],
            "proportion": 0.22592342867441412
          },
          {
            "response": [
              "Partly meets"
            ],
            "proportion": 0.30056268462800434
          },
          {
            "response": [
              "Mostly meets"
            ],
            "proportion": 0.35683277619809234
          },
          {
            "response": [
              "Fully meets"
            ],
            "proportion": 0.1166811104994891
          }
        ],
        "collapsed": [
          {
            "response": [
              "Does not meet",
              "Partly meets"
            ],
            "proportion": 0.5264861133024185
          },
          {
            "response": [
              "Mostly meets",
              "Fully meets"
            ],
            "proportion": 0.47351388669758143
          }
        ]
      }
    },
    {
      "wave": {
        "value": 17,
        "index": 13
      },
      "party": {
        "value": [
          "Independent",
          "Other"
        ],
        "index": 1
      },
      "responses": {
        "expanded": [
          {
            "response": [
              "Does not meet"
            ],
            "proportion": 0.3782669491628885
          },
          {
            "response": [
              "Partly meets"
            ],
            "proportion": 0.3382157072825808
          },
          {
            "response": [
              "Mostly meets"
            ],
            "proportion": 0.21882688306306639
          },
          {
            "response": [
              "Fully meets"
            ],
            "proportion": 0.06469046049146436
          }
        ],
        "collapsed": [
          {
            "response": [
              "Does not meet",
              "Partly meets"
            ],
            "proportion": 0.7164826564454693
          },
          {
            "response": [
              "Mostly meets",
              "Fully meets"
            ],
            "proportion": 0.28351734355453073
          }
        ]
      }
    },
    {
      "wave": {
        "value": 17,
        "index": 13
      },
      "party": {
        "value": [
          "Republican"
        ],
        "index": 2
      },
      "responses": {
        "expanded": [
          {
            "response": [
              "Does not meet"
            ],
            "proportion": 0.5584572084014106
          },
          {
            "response": [
              "Partly meets"
            ],
            "proportion": 0.2841716235021041
          },
          {
            "response": [
              "Mostly meets"
            ],
            "proportion": 0.11748988071843085
          },
          {
            "response": [
              "Fully meets"
            ],
            "proportion": 0.03988128737805451
          }
        ],
        "collapsed": [
          {
            "response": [
              "Does not meet",
              "Partly meets"
            ],
            "proportion": 0.8426288319035146
          },
          {
            "response": [
              "Mostly meets",
              "Fully meets"
            ],
            "proportion": 0.15737116809648535
          }
        ]
      }
    },
    {
      "wave": null,
      "party": null,
      "responses": {
        "expanded": [
          {
            "response": [
              "Does not meet"
            ],
            "proportion": 0.35618190306087116
          },
          {
            "response": [
              "Partly meets"
            ],
            "proportion": 0.31468351754800766
          },
          {
            "response": [
              "Mostly meets"
            ],
            "proportion": 0.2405628445220155
          },
          {
            "response": [
              "Fully meets"
            ],
            "proportion": 0.08857173486910572
          }
        ],
        "collapsed": [
          {
            "response": [
              "Does not meet",
              "Partly meets"
            ],
            "proportion": 0.6708654206088789
          },
          {
            "response": [
              "Mostly meets",
              "Fully meets"
            ],
            "proportion": 0.32913457939112123
          }
        ]
      }
    },
    {
      "wave": {
        "value": 18,
        "index": 14
      },
      "party": {
        "value": [
          "Democrat"
        ],
        "index": 0
      },
      "responses": {
        "expanded": [
          {
            "response": [
              "Does not meet"
            ],
            "proportion": 0.18171490193168005
          },
          {
            "response": [
              "Partly meets"
            ],
            "proportion": 0.33961935922007913
          },
          {
            "response": [
              "Mostly meets"
            ],
            "proportion": 0.3050028821846477
          },
          {
            "response": [
              "Fully meets"
            ],
            "proportion": 0.17366285666359318
          }
        ],
        "collapsed": [
          {
            "response": [
              "Does not meet",
              "Partly meets"
            ],
            "proportion": 0.5213342611517591
          },
          {
            "response": [
              "Mostly meets",
              "Fully meets"
            ],
            "proportion": 0.47866573884824093
          }
        ]
      }
    },
    {
      "wave": {
        "value": 18,
        "index": 14
      },
      "party": {
        "value": [
          "Independent",
          "Other"
        ],
        "index": 1
      },
      "responses": {
        "expanded": [
          {
            "response": [
              "Does not meet"
            ],
            "proportion": 0.38284842659932256
          },
          {
            "response": [
              "Partly meets"
            ],
            "proportion": 0.2794529888021846
          },
          {
            "response": [
              "Mostly meets"
            ],
            "proportion": 0.258217169933208
          },
          {
            "response": [
              "Fully meets"
            ],
            "proportion": 0.07948141466528469
          }
        ],
        "collapsed": [
          {
            "response": [
              "Does not meet",
              "Partly meets"
            ],
            "proportion": 0.6623014154015072
          },
          {
            "response": [
              "Mostly meets",
              "Fully meets"
            ],
            "proportion": 0.3376985845984926
          }
        ]
      }
    },
    {
      "wave": {
        "value": 18,
        "index": 14
      },
      "party": {
        "value": [
          "Republican"
        ],
        "index": 2
      },
      "responses": {
        "expanded": [
          {
            "response": [
              "Does not meet"
            ],
            "proportion": 0.5133678373307465
          },
          {
            "response": [
              "Partly meets"
            ],
            "proportion": 0.23091545187494142
          },
          {
            "response": [
              "Mostly meets"
            ],
            "proportion": 0.21420745149387838
          },
          {
            "response": [
              "Fully meets"
            ],
            "proportion": 0.04150925930043374
          }
        ],
        "collapsed": [
          {
            "response": [
              "Does not meet",
              "Partly meets"
            ],
            "proportion": 0.744283289205688
          },
          {
            "response": [
              "Mostly meets",
              "Fully meets"
            ],
            "proportion": 0.25571671079431213
          }
        ]
      }
    },
    {
      "wave": null,
      "party": null,
      "responses": {
        "expanded": [
          {
            "response": [
              "Does not meet"
            ],
            "proportion": 0.35618190306087116
          },
          {
            "response": [
              "Partly meets"
            ],
            "proportion": 0.31468351754800766
          },
          {
            "response": [
              "Mostly meets"
            ],
            "proportion": 0.2405628445220155
          },
          {
            "response": [
              "Fully meets"
            ],
            "proportion": 0.08857173486910572
          }
        ],
        "collapsed": [
          {
            "response": [
              "Does not meet",
              "Partly meets"
            ],
            "proportion": 0.6708654206088789
          },
          {
            "response": [
              "Mostly meets",
              "Fully meets"
            ],
            "proportion": 0.32913457939112123
          }
        ]
      }
    },
    {
      "wave": {
        "value": 19,
        "index": 15
      },
      "party": {
        "value": [
          "Democrat"
        ],
        "index": 0
      },
      "responses": {
        "expanded": [
          {
            "response": [
              "Does not meet"
            ],
            "proportion": 0.17752853980619143
          },
          {
            "response": [
              "Partly meets"
            ],
            "proportion": 0.36268555598985985
          },
          {
            "response": [
              "Mostly meets"
            ],
            "proportion": 0.3128369001427665
          },
          {
            "response": [
              "Fully meets"
            ],
            "proportion": 0.14694900406118236
          }
        ],
        "collapsed": [
          {
            "response": [
              "Does not meet",
              "Partly meets"
            ],
            "proportion": 0.5402140957960512
          },
          {
            "response": [
              "Mostly meets",
              "Fully meets"
            ],
            "proportion": 0.4597859042039488
          }
        ]
      }
    },
    {
      "wave": {
        "value": 19,
        "index": 15
      },
      "party": {
        "value": [
          "Independent",
          "Other"
        ],
        "index": 1
      },
      "responses": {
        "expanded": [
          {
            "response": [
              "Does not meet"
            ],
            "proportion": 0.37671308218235594
          },
          {
            "response": [
              "Partly meets"
            ],
            "proportion": 0.3236581945419769
          },
          {
            "response": [
              "Mostly meets"
            ],
            "proportion": 0.2217948680413846
          },
          {
            "response": [
              "Fully meets"
            ],
            "proportion": 0.07783385523428242
          }
        ],
        "collapsed": [
          {
            "response": [
              "Does not meet",
              "Partly meets"
            ],
            "proportion": 0.700371276724333
          },
          {
            "response": [
              "Mostly meets",
              "Fully meets"
            ],
            "proportion": 0.299628723275667
          }
        ]
      }
    },
    {
      "wave": {
        "value": 19,
        "index": 15
      },
      "party": {
        "value": [
          "Republican"
        ],
        "index": 2
      },
      "responses": {
        "expanded": [
          {
            "response": [
              "Does not meet"
            ],
            "proportion": 0.49179873105817395
          },
          {
            "response": [
              "Partly meets"
            ],
            "proportion": 0.23537175340310773
          },
          {
            "response": [
              "Mostly meets"
            ],
            "proportion": 0.18879723417233854
          },
          {
            "response": [
              "Fully meets"
            ],
            "proportion": 0.08403228136637987
          }
        ],
        "collapsed": [
          {
            "response": [
              "Does not meet",
              "Partly meets"
            ],
            "proportion": 0.7271704844612816
          },
          {
            "response": [
              "Mostly meets",
              "Fully meets"
            ],
            "proportion": 0.27282951553871837
          }
        ]
      }
    },
    {
      "wave": null,
      "party": null,
      "responses": {
        "expanded": [
          {
            "response": [
              "Does not meet"
            ],
            "proportion": 0.35618190306087116
          },
          {
            "response": [
              "Partly meets"
            ],
            "proportion": 0.31468351754800766
          },
          {
            "response": [
              "Mostly meets"
            ],
            "proportion": 0.2405628445220155
          },
          {
            "response": [
              "Fully meets"
            ],
            "proportion": 0.08857173486910572
          }
        ],
        "collapsed": [
          {
            "response": [
              "Does not meet",
              "Partly meets"
            ],
            "proportion": 0.6708654206088789
          },
          {
            "response": [
              "Mostly meets",
              "Fully meets"
            ],
            "proportion": 0.32913457939112123
          }
        ]
      }
    },
    {
      "wave": {
        "value": 20,
        "index": 16
      },
      "party": {
        "value": [
          "Democrat"
        ],
        "index": 0
      },
      "responses": {
        "expanded": [
          {
            "response": [
              "Does not meet"
            ],
            "proportion": 0.186046225251742
          },
          {
            "response": [
              "Partly meets"
            ],
            "proportion": 0.2833399796420425
          },
          {
            "response": [
              "Mostly meets"
            ],
            "proportion": 0.3473532444392812
          },
          {
            "response": [
              "Fully meets"
            ],
            "proportion": 0.18326055066693447
          }
        ],
        "collapsed": [
          {
            "response": [
              "Does not meet",
              "Partly meets"
            ],
            "proportion": 0.46938620489378446
          },
          {
            "response": [
              "Mostly meets",
              "Fully meets"
            ],
            "proportion": 0.5306137951062156
          }
        ]
      }
    },
    {
      "wave": {
        "value": 20,
        "index": 16
      },
      "party": {
        "value": [
          "Independent",
          "Other"
        ],
        "index": 1
      },
      "responses": {
        "expanded": [
          {
            "response": [
              "Does not meet"
            ],
            "proportion": 0.4447763187967117
          },
          {
            "response": [
              "Partly meets"
            ],
            "proportion": 0.28022291972336155
          },
          {
            "response": [
              "Mostly meets"
            ],
            "proportion": 0.22053593669321703
          },
          {
            "response": [
              "Fully meets"
            ],
            "proportion": 0.05446482478670969
          }
        ],
        "collapsed": [
          {
            "response": [
              "Does not meet",
              "Partly meets"
            ],
            "proportion": 0.7249992385200733
          },
          {
            "response": [
              "Mostly meets",
              "Fully meets"
            ],
            "proportion": 0.2750007614799267
          }
        ]
      }
    },
    {
      "wave": {
        "value": 20,
        "index": 16
      },
      "party": {
        "value": [
          "Republican"
        ],
        "index": 2
      },
      "responses": {
        "expanded": [
          {
            "response": [
              "Does not meet"
            ],
            "proportion": 0.4310271606769507
          },
          {
            "response": [
              "Partly meets"
            ],
            "proportion": 0.25951647878955847
          },
          {
            "response": [
              "Mostly meets"
            ],
            "proportion": 0.2218890821049557
          },
          {
            "response": [
              "Fully meets"
            ],
            "proportion": 0.08756727842853498
          }
        ],
        "collapsed": [
          {
            "response": [
              "Does not meet",
              "Partly meets"
            ],
            "proportion": 0.6905436394665093
          },
          {
            "response": [
              "Mostly meets",
              "Fully meets"
            ],
            "proportion": 0.3094563605334906
          }
        ]
      }
    },
    {
      "wave": null,
      "party": null,
      "responses": {
        "expanded": [
          {
            "response": [
              "Does not meet"
            ],
            "proportion": 0.35618190306087116
          },
          {
            "response": [
              "Partly meets"
            ],
            "proportion": 0.31468351754800766
          },
          {
            "response": [
              "Mostly meets"
            ],
            "proportion": 0.2405628445220155
          },
          {
            "response": [
              "Fully meets"
            ],
            "proportion": 0.08857173486910572
          }
        ],
        "collapsed": [
          {
            "response": [
              "Does not meet",
              "Partly meets"
            ],
            "proportion": 0.6708654206088789
          },
          {
            "response": [
              "Mostly meets",
              "Fully meets"
            ],
            "proportion": 0.32913457939112123
          }
        ]
      }
    },
    {
      "wave": {
        "value": 21,
        "index": 17
      },
      "party": {
        "value": [
          "Democrat"
        ],
        "index": 0
      },
      "responses": {
        "expanded": [
          {
            "response": [
              "Does not meet"
            ],
            "proportion": 0.14261300305323119
          },
          {
            "response": [
              "Partly meets"
            ],
            "proportion": 0.3122148480240182
          },
          {
            "response": [
              "Mostly meets"
            ],
            "proportion": 0.3630223151309569
          },
          {
            "response": [
              "Fully meets"
            ],
            "proportion": 0.1821498337917936
          }
        ],
        "collapsed": [
          {
            "response": [
              "Does not meet",
              "Partly meets"
            ],
            "proportion": 0.45482785107724943
          },
          {
            "response": [
              "Mostly meets",
              "Fully meets"
            ],
            "proportion": 0.5451721489227506
          }
        ]
      }
    },
    {
      "wave": {
        "value": 21,
        "index": 17
      },
      "party": {
        "value": [
          "Independent",
          "Other"
        ],
        "index": 1
      },
      "responses": {
        "expanded": [
          {
            "response": [
              "Does not meet"
            ],
            "proportion": 0.37713933125728694
          },
          {
            "response": [
              "Partly meets"
            ],
            "proportion": 0.2983756500795608
          },
          {
            "response": [
              "Mostly meets"
            ],
            "proportion": 0.20917008982232904
          },
          {
            "response": [
              "Fully meets"
            ],
            "proportion": 0.11531492884082312
          }
        ],
        "collapsed": [
          {
            "response": [
              "Does not meet",
              "Partly meets"
            ],
            "proportion": 0.6755149813368478
          },
          {
            "response": [
              "Mostly meets",
              "Fully meets"
            ],
            "proportion": 0.3244850186631521
          }
        ]
      }
    },
    {
      "wave": {
        "value": 21,
        "index": 17
      },
      "party": {
        "value": [
          "Republican"
        ],
        "index": 2
      },
      "responses": {
        "expanded": [
          {
            "response": [
              "Does not meet"
            ],
            "proportion": 0.39849320123551973
          },
          {
            "response": [
              "Partly meets"
            ],
            "proportion": 0.2958371257013941
          },
          {
            "response": [
              "Mostly meets"
            ],
            "proportion": 0.23369456209573303
          },
          {
            "response": [
              "Fully meets"
            ],
            "proportion": 0.07197511096735305
          }
        ],
        "collapsed": [
          {
            "response": [
              "Does not meet",
              "Partly meets"
            ],
            "proportion": 0.6943303269369139
          },
          {
            "response": [
              "Mostly meets",
              "Fully meets"
            ],
            "proportion": 0.3056696730630861
          }
        ]
      }
    },
    {
      "wave": null,
      "party": null,
      "responses": {
        "expanded": [
          {
            "response": [
              "Does not meet"
            ],
            "proportion": 0.35618190306087116
          },
          {
            "response": [
              "Partly meets"
            ],
            "proportion": 0.31468351754800766
          },
          {
            "response": [
              "Mostly meets"
            ],
            "proportion": 0.2405628445220155
          },
          {
            "response": [
              "Fully meets"
            ],
            "proportion": 0.08857173486910572
          }
        ],
        "collapsed": [
          {
            "response": [
              "Does not meet",
              "Partly meets"
            ],
            "proportion": 0.6708654206088789
          },
          {
            "response": [
              "Mostly meets",
              "Fully meets"
            ],
            "proportion": 0.32913457939112123
          }
        ]
      }
    },
    {
      "wave": {
        "value": 22,
        "index": 18
      },
      "party": {
        "value": [
          "Democrat"
        ],
        "index": 0
      },
      "responses": {
        "expanded": [
          {
            "response": [
              "Does not meet"
            ],
            "proportion": 0.12808096572402056
          },
          {
            "response": [
              "Partly meets"
            ],
            "proportion": 0.35457951524831693
          },
          {
            "response": [
              "Mostly meets"
            ],
            "proportion": 0.37626116905734475
          },
          {
            "response": [
              "Fully meets"
            ],
            "proportion": 0.14107834997031796
          }
        ],
        "collapsed": [
          {
            "response": [
              "Does not meet",
              "Partly meets"
            ],
            "proportion": 0.48266048097233744
          },
          {
            "response": [
              "Mostly meets",
              "Fully meets"
            ],
            "proportion": 0.5173395190276626
          }
        ]
      }
    },
    {
      "wave": {
        "value": 22,
        "index": 18
      },
      "party": {
        "value": [
          "Independent",
          "Other"
        ],
        "index": 1
      },
      "responses": {
        "expanded": [
          {
            "response": [
              "Does not meet"
            ],
            "proportion": 0.4005480696446297
          },
          {
            "response": [
              "Partly meets"
            ],
            "proportion": 0.327068640172407
          },
          {
            "response": [
              "Mostly meets"
            ],
            "proportion": 0.19979295971089106
          },
          {
            "response": [
              "Fully meets"
            ],
            "proportion": 0.07259033047207236
          }
        ],
        "collapsed": [
          {
            "response": [
              "Does not meet",
              "Partly meets"
            ],
            "proportion": 0.7276167098170365
          },
          {
            "response": [
              "Mostly meets",
              "Fully meets"
            ],
            "proportion": 0.27238329018296337
          }
        ]
      }
    },
    {
      "wave": {
        "value": 22,
        "index": 18
      },
      "party": {
        "value": [
          "Republican"
        ],
        "index": 2
      },
      "responses": {
        "expanded": [
          {
            "response": [
              "Does not meet"
            ],
            "proportion": 0.4455269701782937
          },
          {
            "response": [
              "Partly meets"
            ],
            "proportion": 0.30769239836567747
          },
          {
            "response": [
              "Mostly meets"
            ],
            "proportion": 0.194060939983713
          },
          {
            "response": [
              "Fully meets"
            ],
            "proportion": 0.052719691472315706
          }
        ],
        "collapsed": [
          {
            "response": [
              "Does not meet",
              "Partly meets"
            ],
            "proportion": 0.7532193685439712
          },
          {
            "response": [
              "Mostly meets",
              "Fully meets"
            ],
            "proportion": 0.24678063145602872
          }
        ]
      }
    },
    {
      "wave": null,
      "party": null,
      "responses": {
        "expanded": [
          {
            "response": [
              "Does not meet"
            ],
            "proportion": 0.35618190306087116
          },
          {
            "response": [
              "Partly meets"
            ],
            "proportion": 0.31468351754800766
          },
          {
            "response": [
              "Mostly meets"
            ],
            "proportion": 0.2405628445220155
          },
          {
            "response": [
              "Fully meets"
            ],
            "proportion": 0.08857173486910572
          }
        ],
        "collapsed": [
          {
            "response": [
              "Does not meet",
              "Partly meets"
            ],
            "proportion": 0.6708654206088789
          },
          {
            "response": [
              "Mostly meets",
              "Fully meets"
            ],
            "proportion": 0.32913457939112123
          }
        ]
      }
    },
    {
      "wave": {
        "value": 23,
        "index": 19
      },
      "party": {
        "value": [
          "Democrat"
        ],
        "index": 0
      },
      "responses": {
        "expanded": [
          {
            "response": [
              "Does not meet"
            ],
            "proportion": 0.20407411937011927
          },
          {
            "response": [
              "Partly meets"
            ],
            "proportion": 0.25449003039171236
          },
          {
            "response": [
              "Mostly meets"
            ],
            "proportion": 0.3253309928806447
          },
          {
            "response": [
              "Fully meets"
            ],
            "proportion": 0.2161048573575238
          }
        ],
        "collapsed": [
          {
            "response": [
              "Does not meet",
              "Partly meets"
            ],
            "proportion": 0.4585641497618317
          },
          {
            "response": [
              "Mostly meets",
              "Fully meets"
            ],
            "proportion": 0.5414358502381684
          }
        ]
      }
    },
    {
      "wave": {
        "value": 23,
        "index": 19
      },
      "party": {
        "value": [
          "Independent",
          "Other"
        ],
        "index": 1
      },
      "responses": {
        "expanded": [
          {
            "response": [
              "Does not meet"
            ],
            "proportion": 0.36199495763620926
          },
          {
            "response": [
              "Partly meets"
            ],
            "proportion": 0.24563716808398448
          },
          {
            "response": [
              "Mostly meets"
            ],
            "proportion": 0.2980356214439106
          },
          {
            "response": [
              "Fully meets"
            ],
            "proportion": 0.09433225283589557
          }
        ],
        "collapsed": [
          {
            "response": [
              "Does not meet",
              "Partly meets"
            ],
            "proportion": 0.6076321257201938
          },
          {
            "response": [
              "Mostly meets",
              "Fully meets"
            ],
            "proportion": 0.3923678742798062
          }
        ]
      }
    },
    {
      "wave": {
        "value": 23,
        "index": 19
      },
      "party": {
        "value": [
          "Republican"
        ],
        "index": 2
      },
      "responses": {
        "expanded": [
          {
            "response": [
              "Does not meet"
            ],
            "proportion": 0.37212816329401305
          },
          {
            "response": [
              "Partly meets"
            ],
            "proportion": 0.29150017805023143
          },
          {
            "response": [
              "Mostly meets"
            ],
            "proportion": 0.20948176909871394
          },
          {
            "response": [
              "Fully meets"
            ],
            "proportion": 0.12688988955704147
          }
        ],
        "collapsed": [
          {
            "response": [
              "Does not meet",
              "Partly meets"
            ],
            "proportion": 0.6636283413442445
          },
          {
            "response": [
              "Mostly meets",
              "Fully meets"
            ],
            "proportion": 0.3363716586557555
          }
        ]
      }
    },
    {
      "wave": null,
      "party": null,
      "responses": {
        "expanded": [
          {
            "response": [
              "Does not meet"
            ],
            "proportion": 0.35618190306087116
          },
          {
            "response": [
              "Partly meets"
            ],
            "proportion": 0.31468351754800766
          },
          {
            "response": [
              "Mostly meets"
            ],
            "proportion": 0.2405628445220155
          },
          {
            "response": [
              "Fully meets"
            ],
            "proportion": 0.08857173486910572
          }
        ],
        "collapsed": [
          {
            "response": [
              "Does not meet",
              "Partly meets"
            ],
            "proportion": 0.6708654206088789
          },
          {
            "response": [
              "Mostly meets",
              "Fully meets"
            ],
            "proportion": 0.32913457939112123
          }
        ]
      }
    },
    {
      "wave": {
        "value": 24,
        "index": 20
      },
      "party": {
        "value": [
          "Democrat"
        ],
        "index": 0
      },
      "responses": {
        "expanded": [
          {
            "response": [
              "Does not meet"
            ],
            "proportion": 0.29368457213819904
          },
          {
            "response": [
              "Partly meets"
            ],
            "proportion": 0.28315504682803433
          },
          {
            "response": [
              "Mostly meets"
            ],
            "proportion": 0.2934053041118136
          },
          {
            "response": [
              "Fully meets"
            ],
            "proportion": 0.129755076921953
          }
        ],
        "collapsed": [
          {
            "response": [
              "Does not meet",
              "Partly meets"
            ],
            "proportion": 0.5768396189662334
          },
          {
            "response": [
              "Mostly meets",
              "Fully meets"
            ],
            "proportion": 0.42316038103376663
          }
        ]
      }
    },
    {
      "wave": {
        "value": 24,
        "index": 20
      },
      "party": {
        "value": [
          "Independent",
          "Other"
        ],
        "index": 1
      },
      "responses": {
        "expanded": [
          {
            "response": [
              "Does not meet"
            ],
            "proportion": 0.3303096393347507
          },
          {
            "response": [
              "Partly meets"
            ],
            "proportion": 0.3790947586616178
          },
          {
            "response": [
              "Mostly meets"
            ],
            "proportion": 0.23978217596400203
          },
          {
            "response": [
              "Fully meets"
            ],
            "proportion": 0.05081342603962954
          }
        ],
        "collapsed": [
          {
            "response": [
              "Does not meet",
              "Partly meets"
            ],
            "proportion": 0.7094043979963686
          },
          {
            "response": [
              "Mostly meets",
              "Fully meets"
            ],
            "proportion": 0.29059560200363155
          }
        ]
      }
    },
    {
      "wave": {
        "value": 24,
        "index": 20
      },
      "party": {
        "value": [
          "Republican"
        ],
        "index": 2
      },
      "responses": {
        "expanded": [
          {
            "response": [
              "Does not meet"
            ],
            "proportion": 0.4020863659163471
          },
          {
            "response": [
              "Partly meets"
            ],
            "proportion": 0.33811031945347525
          },
          {
            "response": [
              "Mostly meets"
            ],
            "proportion": 0.18298839146585738
          },
          {
            "response": [
              "Fully meets"
            ],
            "proportion": 0.07681492316432019
          }
        ],
        "collapsed": [
          {
            "response": [
              "Does not meet",
              "Partly meets"
            ],
            "proportion": 0.7401966853698224
          },
          {
            "response": [
              "Mostly meets",
              "Fully meets"
            ],
            "proportion": 0.2598033146301776
          }
        ]
      }
    },
    {
      "wave": null,
      "party": null,
      "responses": {
        "expanded": [
          {
            "response": [
              "Does not meet"
            ],
            "proportion": 0.35618190306087116
          },
          {
            "response": [
              "Partly meets"
            ],
            "proportion": 0.31468351754800766
          },
          {
            "response": [
              "Mostly meets"
            ],
            "proportion": 0.2405628445220155
          },
          {
            "response": [
              "Fully meets"
            ],
            "proportion": 0.08857173486910572
          }
        ],
        "collapsed": [
          {
            "response": [
              "Does not meet",
              "Partly meets"
            ],
            "proportion": 0.6708654206088789
          },
          {
            "response": [
              "Mostly meets",
              "Fully meets"
            ],
            "proportion": 0.32913457939112123
          }
        ]
      }
    },
    {
      "wave": {
        "value": 25,
        "index": 21
      },
      "party": {
        "value": [
          "Democrat"
        ],
        "index": 0
      },
      "responses": {
        "expanded": [
          {
            "response": [
              "Does not meet"
            ],
            "proportion": 0.3338824620808119
          },
          {
            "response": [
              "Partly meets"
            ],
            "proportion": 0.33081586560910026
          },
          {
            "response": [
              "Mostly meets"
            ],
            "proportion": 0.19257287018154184
          },
          {
            "response": [
              "Fully meets"
            ],
            "proportion": 0.14272880212854597
          }
        ],
        "collapsed": [
          {
            "response": [
              "Does not meet",
              "Partly meets"
            ],
            "proportion": 0.664698327689912
          },
          {
            "response": [
              "Mostly meets",
              "Fully meets"
            ],
            "proportion": 0.3353016723100878
          }
        ]
      }
    },
    {
      "wave": {
        "value": 25,
        "index": 21
      },
      "party": {
        "value": [
          "Independent",
          "Other"
        ],
        "index": 1
      },
      "responses": {
        "expanded": [
          {
            "response": [
              "Does not meet"
            ],
            "proportion": 0.37058809840744755
          },
          {
            "response": [
              "Partly meets"
            ],
            "proportion": 0.36283596238646115
          },
          {
            "response": [
              "Mostly meets"
            ],
            "proportion": 0.21450888166823398
          },
          {
            "response": [
              "Fully meets"
            ],
            "proportion": 0.052067057537857245
          }
        ],
        "collapsed": [
          {
            "response": [
              "Does not meet",
              "Partly meets"
            ],
            "proportion": 0.7334240607939088
          },
          {
            "response": [
              "Mostly meets",
              "Fully meets"
            ],
            "proportion": 0.26657593920609124
          }
        ]
      }
    },
    {
      "wave": {
        "value": 25,
        "index": 21
      },
      "party": {
        "value": [
          "Republican"
        ],
        "index": 2
      },
      "responses": {
        "expanded": [
          {
            "response": [
              "Does not meet"
            ],
            "proportion": 0.4026386640418402
          },
          {
            "response": [
              "Partly meets"
            ],
            "proportion": 0.3181100043436087
          },
          {
            "response": [
              "Mostly meets"
            ],
            "proportion": 0.22329136886547016
          },
          {
            "response": [
              "Fully meets"
            ],
            "proportion": 0.05595996274908105
          }
        ],
        "collapsed": [
          {
            "response": [
              "Does not meet",
              "Partly meets"
            ],
            "proportion": 0.7207486683854488
          },
          {
            "response": [
              "Mostly meets",
              "Fully meets"
            ],
            "proportion": 0.27925133161455123
          }
        ]
      }
    },
    {
      "wave": null,
      "party": null,
      "responses": {
        "expanded": [
          {
            "response": [
              "Does not meet"
            ],
            "proportion": 0.35618190306087116
          },
          {
            "response": [
              "Partly meets"
            ],
            "proportion": 0.31468351754800766
          },
          {
            "response": [
              "Mostly meets"
            ],
            "proportion": 0.2405628445220155
          },
          {
            "response": [
              "Fully meets"
            ],
            "proportion": 0.08857173486910572
          }
        ],
        "collapsed": [
          {
            "response": [
              "Does not meet",
              "Partly meets"
            ],
            "proportion": 0.6708654206088789
          },
          {
            "response": [
              "Mostly meets",
              "Fully meets"
            ],
            "proportion": 0.32913457939112123
          }
        ]
      }
    },
    {
      "wave": null,
      "party": null,
      "responses": {
        "expanded": [
          {
            "response": [
              "Does not meet"
            ],
            "proportion": 0.35618190306087116
          },
          {
            "response": [
              "Partly meets"
            ],
            "proportion": 0.31468351754800766
          },
          {
            "response": [
              "Mostly meets"
            ],
            "proportion": 0.2405628445220155
          },
          {
            "response": [
              "Fully meets"
            ],
            "proportion": 0.08857173486910572
          }
        ],
        "collapsed": [
          {
            "response": [
              "Does not meet",
              "Partly meets"
            ],
            "proportion": 0.6708654206088789
          },
          {
            "response": [
              "Mostly meets",
              "Fully meets"
            ],
            "proportion": 0.32913457939112123
          }
        ]
      }
    },
    {
      "wave": null,
      "party": null,
      "responses": {
        "expanded": [
          {
            "response": [
              "Does not meet"
            ],
            "proportion": 0.35618190306087116
          },
          {
            "response": [
              "Partly meets"
            ],
            "proportion": 0.31468351754800766
          },
          {
            "response": [
              "Mostly meets"
            ],
            "proportion": 0.2405628445220155
          },
          {
            "response": [
              "Fully meets"
            ],
            "proportion": 0.08857173486910572
          }
        ],
        "collapsed": [
          {
            "response": [
              "Does not meet",
              "Partly meets"
            ],
            "proportion": 0.6708654206088789
          },
          {
            "response": [
              "Mostly meets",
              "Fully meets"
            ],
            "proportion": 0.32913457939112123
          }
        ]
      }
    },
    {
      "wave": null,
      "party": null,
      "responses": {
        "expanded": [
          {
            "response": [
              "Does not meet"
            ],
            "proportion": 0.35618190306087116
          },
          {
            "response": [
              "Partly meets"
            ],
            "proportion": 0.31468351754800766
          },
          {
            "response": [
              "Mostly meets"
            ],
            "proportion": 0.2405628445220155
          },
          {
            "response": [
              "Fully meets"
            ],
            "proportion": 0.08857173486910572
          }
        ],
        "collapsed": [
          {
            "response": [
              "Does not meet",
              "Partly meets"
            ],
            "proportion": 0.6708654206088789
          },
          {
            "response": [
              "Mostly meets",
              "Fully meets"
            ],
            "proportion": 0.32913457939112123
          }
        ]
      }
    },
    {
      "wave": null,
      "party": null,
      "responses": {
        "expanded": [
          {
            "response": [
              "Does not meet"
            ],
            "proportion": 0.35618190306087116
          },
          {
            "response": [
              "Partly meets"
            ],
            "proportion": 0.31468351754800766
          },
          {
            "response": [
              "Mostly meets"
            ],
            "proportion": 0.2405628445220155
          },
          {
            "response": [
              "Fully meets"
            ],
            "proportion": 0.08857173486910572
          }
        ],
        "collapsed": [
          {
            "response": [
              "Does not meet",
              "Partly meets"
            ],
            "proportion": 0.6708654206088789
          },
          {
            "response": [
              "Mostly meets",
              "Fully meets"
            ],
            "proportion": 0.32913457939112123
          }
        ]
      }
    }
  ]
}